admonition_id,admonition_sha256,source_file,source_reference,type,lesson_ids,candidate_lesson_id,coverage_decision,editorial_status,technical_status,preview
GuidedTour/GuidedTour.xhtml#note-001,bb2a7107ed39c6e5e354c140f3f99b4a3aeda74ceaa9192dad50218ebec3cb80,GuidedTour/GuidedTour.xhtml,GuidedTour/GuidedTour.xhtml#Simple-Values,note,swift.bindings.constants|swift.bindings.type-annotations|swift.output.string-interpolation,,mapped-to-canonical-lessons,pending-editorial-validation,pending-technical-validation,Experiment Create a constant with an explicit type of Float and a value of 4 .
GuidedTour/GuidedTour.xhtml#note-002,3fec1d1297d535f4215e5bcb6c60952797d63858746bd8eab2c88c6190fe1207,GuidedTour/GuidedTour.xhtml,GuidedTour/GuidedTour.xhtml#Simple-Values,note,swift.bindings.constants|swift.bindings.type-annotations|swift.output.string-interpolation,,mapped-to-canonical-lessons,pending-editorial-validation,pending-technical-validation,Experiment Try removing the conversion to String from the last line. What error do you get?
GuidedTour/GuidedTour.xhtml#note-003,5fc7e644d8a905e4d6951592ee390528d348355650ec282432f15153acc47ff4,GuidedTour/GuidedTour.xhtml,GuidedTour/GuidedTour.xhtml#Simple-Values,note,swift.bindings.constants|swift.bindings.type-annotations|swift.output.string-interpolation,,mapped-to-canonical-lessons,pending-editorial-validation,pending-technical-validation,Experiment Use \() to include a floating-point calculation in a string and to include someone’s name in a greeting.
GuidedTour/GuidedTour.xhtml#note-004,665592fb7a0da59e7737a07fdcfcccdb21f01e256a0dac110659b1842fc64370,GuidedTour/GuidedTour.xhtml,GuidedTour/GuidedTour.xhtml#Control-Flow,note,swift.conditionals.if-else|swift.loops.for-in|swift.switches.exhaustive,,mapped-to-canonical-lessons,pending-editorial-validation,pending-technical-validation,Experiment Change optionalName to nil . What greeting do you get? Add an else clause that sets a different greeting if optionalName is nil .
GuidedTour/GuidedTour.xhtml#note-005,ab0e90399caba7331be8cd22a5f7218b96ed3cfbfc7a495c279c81fe55741b8f,GuidedTour/GuidedTour.xhtml,GuidedTour/GuidedTour.xhtml#Control-Flow,note,swift.conditionals.if-else|swift.loops.for-in|swift.switches.exhaustive,,mapped-to-canonical-lessons,pending-editorial-validation,pending-technical-validation,Experiment Try removing the default case. What error do you get?
GuidedTour/GuidedTour.xhtml#note-006,7a826f3b498162be65e7034681821ebeb4e5a83225f9df15a9462749631357e9,GuidedTour/GuidedTour.xhtml,GuidedTour/GuidedTour.xhtml#Control-Flow,note,swift.conditionals.if-else|swift.loops.for-in|swift.switches.exhaustive,,mapped-to-canonical-lessons,pending-editorial-validation,pending-technical-validation,"Experiment Replace the _ with a variable name, and keep track of which kind of number was the largest."
GuidedTour/GuidedTour.xhtml#note-007,3b3329dccf43d51aac0722a07b9702fb78b12ab31694c09539c0fbdb16788e24,GuidedTour/GuidedTour.xhtml,GuidedTour/GuidedTour.xhtml#Control-Flow,note,swift.conditionals.if-else|swift.loops.for-in|swift.switches.exhaustive,,mapped-to-canonical-lessons,pending-editorial-validation,pending-technical-validation,Experiment Change the condition from m < 100 to m < 0 to see how while and repeat - while behave differently when the loop condition is already false.
GuidedTour/GuidedTour.xhtml#note-008,483ccb494d7803321fd4edc9c9a352b514515a51b70bba35d56bc1977f157964,GuidedTour/GuidedTour.xhtml,GuidedTour/GuidedTour.xhtml#Functions-and-Closures,note,swift.closures.expression-syntax|swift.functions.define-call,,mapped-to-canonical-lessons,pending-editorial-validation,pending-technical-validation,Experiment Remove the day parameter. Add a parameter to include today’s lunch special in the greeting.
GuidedTour/GuidedTour.xhtml#note-009,94475841f22c922ed0c71e8d4057bae58ad8d346ce65950c16186f40596ef117,GuidedTour/GuidedTour.xhtml,GuidedTour/GuidedTour.xhtml#Functions-and-Closures,note,swift.closures.expression-syntax|swift.functions.define-call,,mapped-to-canonical-lessons,pending-editorial-validation,pending-technical-validation,Experiment Rewrite the closure to return zero for all odd numbers.
GuidedTour/GuidedTour.xhtml#note-010,e22dee9e233380cfa9cf4d9d04a3d390f830885977a465c81a8e5aecdd4982ef,GuidedTour/GuidedTour.xhtml,GuidedTour/GuidedTour.xhtml#Objects-and-Classes,note,swift.inheritance.subclass|swift.initialization.basic|swift.types.class-definition,,mapped-to-canonical-lessons,pending-editorial-validation,pending-technical-validation,"Experiment Add a constant property with let , and add another method that takes an argument."
GuidedTour/GuidedTour.xhtml#note-011,94695e2e9d92259e7058ca2960615fd2eba9d49e5bb4a42bbea6d5c52c53af94,GuidedTour/GuidedTour.xhtml,GuidedTour/GuidedTour.xhtml#Objects-and-Classes,note,swift.inheritance.subclass|swift.initialization.basic|swift.types.class-definition,,mapped-to-canonical-lessons,pending-editorial-validation,pending-technical-validation,Experiment Make another subclass of NamedShape called Circle that takes a radius and a name as arguments to its initializer. Implement an area() and a simpleDescription() method on the Circle class.
GuidedTour/GuidedTour.xhtml#note-012,6b44276cf66f84c6cf6270199e9155d3ee929d133dd859c0fb238848a3c12a08,GuidedTour/GuidedTour.xhtml,GuidedTour/GuidedTour.xhtml#Enumerations-and-Structures,note,swift.enums.syntax|swift.types.structure-definition,,mapped-to-canonical-lessons,pending-editorial-validation,pending-technical-validation,Experiment Write a function that compares two Rank values by comparing their raw values.
GuidedTour/GuidedTour.xhtml#note-013,4ffa143c7346f6b5ac348ec88fd0d152e274503178421e96af25c1f84e3c6a75,GuidedTour/GuidedTour.xhtml,GuidedTour/GuidedTour.xhtml#Enumerations-and-Structures,note,swift.enums.syntax|swift.types.structure-definition,,mapped-to-canonical-lessons,pending-editorial-validation,pending-technical-validation,"Experiment Add a color() method to Suit that returns ""black"" for spades and clubs, and returns ""red"" for hearts and diamonds."
GuidedTour/GuidedTour.xhtml#note-014,89647f4fcba8de69404412e5b15a6afa5ba9ac6de04c686fb82054433d125e80,GuidedTour/GuidedTour.xhtml,GuidedTour/GuidedTour.xhtml#Enumerations-and-Structures,note,swift.enums.syntax|swift.types.structure-definition,,mapped-to-canonical-lessons,pending-editorial-validation,pending-technical-validation,Experiment Add a third case to ServerResponse and to the switch.
GuidedTour/GuidedTour.xhtml#note-015,cafb5bda78f57e43d018b5a7b172c403a38e8b559d7beb3be29855211a67548a,GuidedTour/GuidedTour.xhtml,GuidedTour/GuidedTour.xhtml#Enumerations-and-Structures,note,swift.enums.syntax|swift.types.structure-definition,,mapped-to-canonical-lessons,pending-editorial-validation,pending-technical-validation,"Experiment Write a function that returns an array containing a full deck of cards, with one card of each combination of rank and suit."
GuidedTour/GuidedTour.xhtml#note-016,65f12ace6b041d8391905f61a93c2313fc54d8d00b04dc3d60b810858ddb5431,GuidedTour/GuidedTour.xhtml,GuidedTour/GuidedTour.xhtml#Protocols-and-Extensions,note,swift.extensions.syntax|swift.protocols.syntax,,mapped-to-canonical-lessons,pending-editorial-validation,pending-technical-validation,Experiment Add another requirement to ExampleProtocol . What changes do you need to make to SimpleClass and SimpleStructure so that they still conform to the protocol?
GuidedTour/GuidedTour.xhtml#note-017,af92b1866be223ff314b084711c48b05c802a2756079cd53b5b67a05ae0d895b,GuidedTour/GuidedTour.xhtml,GuidedTour/GuidedTour.xhtml#Protocols-and-Extensions,note,swift.extensions.syntax|swift.protocols.syntax,,mapped-to-canonical-lessons,pending-editorial-validation,pending-technical-validation,Experiment Write an extension for the Double type that adds an absoluteValue property.
GuidedTour/GuidedTour.xhtml#note-018,bd6edc40ed658cc81367151dbb96437dbcf29814ccbc70396c10bfef8613fd91,GuidedTour/GuidedTour.xhtml,GuidedTour/GuidedTour.xhtml#Error-Handling,note,swift.errors.do-catch|swift.errors.throw,,mapped-to-canonical-lessons,pending-editorial-validation,pending-technical-validation,"Experiment Change the printer name to ""Never Has Toner"" , so that the send(job:toPrinter:) function throws an error."
GuidedTour/GuidedTour.xhtml#note-019,2b8d422e86d3efc89063aa6b7cb8a1b6767ce9c713c0525309dea23385507935,GuidedTour/GuidedTour.xhtml,GuidedTour/GuidedTour.xhtml#Error-Handling,note,swift.errors.do-catch|swift.errors.throw,,mapped-to-canonical-lessons,pending-editorial-validation,pending-technical-validation,Experiment Add code to throw an error inside the do block. What kind of error do you need to throw so that the error is handled by the first catch block? What about the second and third blocks?
GuidedTour/GuidedTour.xhtml#note-020,c4d55c71423fa04e562c7bc8f4ccaaf8745f3a874de215921691163f40b934df,GuidedTour/GuidedTour.xhtml,GuidedTour/GuidedTour.xhtml#Generics,note,swift.generics.function,,mapped-to-canonical-lessons,pending-editorial-validation,pending-technical-validation,Experiment Modify the anyCommonElements(_:_:) function to make a function that returns an array of the elements that any two sequences have in common.
LanguageGuide/TheBasics.xhtml#note-001,73d652c780132cfd3e23c86b9d1797f96386cdea1f6b4cb4d05cc472b2bf5493,LanguageGuide/TheBasics.xhtml,LanguageGuide/TheBasics.xhtml#Type-Annotations,note,swift.bindings.type-annotations,,mapped-to-canonical-lessons,pending-editorial-validation,pending-technical-validation,"Note It's rare that you need to write type annotations in practice. If you provide an initial value for a constant or variable at the point that it's defined, Swift can almost always infer the type to be used for that constant or variable, "
LanguageGuide/TheBasics.xhtml#note-002,5f006900b24c33c32e6f1c62df1350b08ca8a069869797ddefc21b83dfb068db,LanguageGuide/TheBasics.xhtml,LanguageGuide/TheBasics.xhtml#Naming-Constants-and-Variables,note,swift.bindings.identifier-naming,,mapped-to-canonical-lessons,pending-editorial-validation,pending-technical-validation,"Note If you need to give a constant or variable the same name as a reserved Swift keyword, surround the keyword with backticks ( ` ) when using it as a name. However, avoid using keywords as names unless you have absolutely no choice."
LanguageGuide/TheBasics.xhtml#note-003,0b35e3b855b43351ec2a33e870c2dc6bb72faabc4da4b8316f8b94e6d9a480a2,LanguageGuide/TheBasics.xhtml,LanguageGuide/TheBasics.xhtml#Printing-Constants-and-Variables,note,swift.output.string-interpolation,,mapped-to-canonical-lessons,pending-editorial-validation,pending-technical-validation,Note All options you can use with string interpolation are described in String Interpolation .
LanguageGuide/TheBasics.xhtml#note-004,0c899878174ef2bec3990caf619b7d90f43ca1489a5fe2d23c53e1387842b369,LanguageGuide/TheBasics.xhtml,LanguageGuide/TheBasics.xhtml#Integers,note,swift.numbers.fixed-point|swift.numbers.integer-exactness,,mapped-to-canonical-lessons,pending-editorial-validation,pending-technical-validation,"Note For calculations in a regulated area like finance or construction, or in a domain that has an expectation of high-precision results, you might need a special-purpose numeric type that implements behaviors such as rounding and truncatio"
LanguageGuide/TheBasics.xhtml#note-005,0ffaa15b43902b399a78c35cdc15cfaa058e85eca67f0423b4435d82a021e8a6,LanguageGuide/TheBasics.xhtml,LanguageGuide/TheBasics.xhtml#UInt,note,swift.numbers.uint-selection,,mapped-to-canonical-lessons,pending-editorial-validation,pending-technical-validation,"Note Use UInt only when you specifically need an unsigned integer type with the same size as the platform's native word size. If this isn't the case, Int is preferred, even when the values to be stored are known to be nonnegative. A consist"
LanguageGuide/TheBasics.xhtml#note-006,53186123ac5574036b6d924f57c76adefae20f1e8a7bca387b9818a4892a9f73,LanguageGuide/TheBasics.xhtml,LanguageGuide/TheBasics.xhtml#Integer-and-Floating-Point-Conversion,note,swift.numbers.floating-to-integer|swift.numbers.integer-to-floating,,mapped-to-canonical-lessons,pending-editorial-validation,pending-technical-validation,"Note The rules for combining numeric constants and variables are different from the rules for numeric literals. The literal value 3 can be added directly to the literal value 0.14159 , because number literals don't have an explicit type in "
LanguageGuide/TheBasics.xhtml#note-007,7b9bff906487cd2b5ee7d9f6de29d26db0c2f7a88e3060c069be9302e9137b92,LanguageGuide/TheBasics.xhtml,LanguageGuide/TheBasics.xhtml#Tuples,note,swift.tuples.creation|swift.tuples.decomposition|swift.tuples.ignore-elements|swift.tuples.indexed-access|swift.tuples.named-elements|swift.tuples.simple-modeling,,mapped-to-canonical-lessons,pending-editorial-validation,pending-technical-validation,"Note Tuples are useful for simple groups of related values. They're not suited to the creation of complex data structures. If your data structure is likely to be more complex, model it as a class or structure, rather than as a tuple. For mo"
LanguageGuide/TheBasics.xhtml#note-008,c5611ec13939597720f4de86b8cfeb0fbb6e9d0b8ae31480afaf1e55bfb57681,LanguageGuide/TheBasics.xhtml,LanguageGuide/TheBasics.xhtml#nil,note,swift.optionals.nil|swift.optionals.nil-check,,mapped-to-canonical-lessons,pending-editorial-validation,pending-technical-validation,"Note In Objective-C, nil is a pointer to a nonexistent object. In Swift, nil isn't a pointer—it's the absence of a value of a certain type. Optionals of any type can be set to nil , not just object types."
LanguageGuide/TheBasics.xhtml#note-009,bfc5990ee201f366dcebf917ec2257eab465d38e8be1a62fc5c5edbf5b117694,LanguageGuide/TheBasics.xhtml,LanguageGuide/TheBasics.xhtml#Enforcing-Preconditions,note,swift.runtime-checks.fatal-error|swift.runtime-checks.precondition,,mapped-to-canonical-lessons,pending-editorial-validation,pending-technical-validation,"Note If you compile in unchecked mode ( -Ounchecked ), preconditions aren't checked. The compiler assumes that preconditions are always true, and it optimizes your code accordingly. However, the fatalError(_:file:line:) function always halt"
LanguageGuide/BasicOperators.xhtml#note-001,4fe6a7676bc0812eb4e04b0601823891cd4dec948e7fe7f04560b2d5e4be8b3d,LanguageGuide/BasicOperators.xhtml,LanguageGuide/BasicOperators.xhtml#Remainder-Operator,note,swift.operators.negative-remainder|swift.operators.remainder,,mapped-to-canonical-lessons,pending-editorial-validation,pending-technical-validation,"Note The remainder operator ( % ) is also known as a modulo operator in other languages. However, its behavior in Swift for negative numbers means that, strictly speaking, it's a remainder rather than a modulo operation."
LanguageGuide/BasicOperators.xhtml#note-002,fa7e16a3111bb0375b9f5b9e997da80b3443862a0126d6f26eafac98ea34604d,LanguageGuide/BasicOperators.xhtml,LanguageGuide/BasicOperators.xhtml#Compound-Assignment-Operators,note,swift.operators.compound-assignment,,mapped-to-canonical-lessons,pending-editorial-validation,pending-technical-validation,"Note The compound assignment operators don't return a value. For example, you can't write let b = a += 2 ."
LanguageGuide/BasicOperators.xhtml#note-003,9c08c0f3d4f2de210f58a68707cfb9ab81eec413936fe7a9a203ffaa6134b6fe,LanguageGuide/BasicOperators.xhtml,LanguageGuide/BasicOperators.xhtml#Comparison-Operators,note,swift.comparisons.tuple-elements|swift.comparisons.tuple-order|swift.comparisons.values,,mapped-to-canonical-lessons,pending-editorial-validation,pending-technical-validation,"Note Swift also provides two identity operators ( === and !== ), which you use to test whether two object references both refer to the same object instance. For more information, see Identity Operators ."
LanguageGuide/BasicOperators.xhtml#note-004,63ce6a0bfde1bdd0a13f268dcfbb7a92c741637ff4036f4ce7c5d7fab0276e13,LanguageGuide/BasicOperators.xhtml,LanguageGuide/BasicOperators.xhtml#Comparison-Operators,note,swift.comparisons.tuple-elements|swift.comparisons.tuple-order|swift.comparisons.values,,mapped-to-canonical-lessons,pending-editorial-validation,pending-technical-validation,"Note The Swift standard library includes tuple comparison operators for tuples with fewer than seven elements. To compare tuples with seven or more elements, you must implement the comparison operators yourself."
LanguageGuide/BasicOperators.xhtml#note-005,e37dcf504f90c84fa2bda2f52b6be783a55abe6c2d64915638552256c658d875,LanguageGuide/BasicOperators.xhtml,LanguageGuide/BasicOperators.xhtml#Nil-Coalescing-Operator,note,swift.optionals.nil-coalescing|swift.optionals.nil-coalescing-short-circuit,,mapped-to-canonical-lessons,pending-editorial-validation,pending-technical-validation,"Note If the value of a is non- nil , the value of b isn't evaluated. This is known as short-circuit evaluation ."
LanguageGuide/BasicOperators.xhtml#note-006,dc2c75b0941d187fe0dcf19ac483ce72c07dded6ca8a253da3e01bf7f1e33e2d,LanguageGuide/BasicOperators.xhtml,LanguageGuide/BasicOperators.xhtml#Combining-Logical-Operators,note,swift.logic.combined,,mapped-to-canonical-lessons,pending-editorial-validation,pending-technical-validation,"Note The Swift logical operators && and || are left-associative, meaning that compound expressions with multiple logical operators evaluate the leftmost subexpression first."
LanguageGuide/StringsAndCharacters.xhtml#note-001,92bcf78a0d1287d9eddee7e9488e295f356d533206504570e69fbaab1591cf13,LanguageGuide/StringsAndCharacters.xhtml,LanguageGuide/StringsAndCharacters.xhtml#strings-and-characters,note,swift.strings.foundation-bridging,,mapped-to-canonical-lessons,pending-editorial-validation,pending-technical-validation,"Note Swift's String type is bridged with Foundation's NSString class. Foundation also extends String to expose methods defined by NSString . This means, if you import Foundation, you can access those NSString methods on String without casti"
LanguageGuide/StringsAndCharacters.xhtml#note-002,0aea5a19f319f84709fbcf90fee4eb4cc21ba5606f4a3c731514ffc105bbccb4,LanguageGuide/StringsAndCharacters.xhtml,LanguageGuide/StringsAndCharacters.xhtml#String-Mutability,note,swift.strings.mutability,,mapped-to-canonical-lessons,pending-editorial-validation,pending-technical-validation,"Note This approach is different from string mutation in Objective-C and Cocoa, where you choose between two classes ( NSString and NSMutableString ) to indicate whether a string can be mutated."
LanguageGuide/StringsAndCharacters.xhtml#note-003,e05f4fb335f9c81466e0eff4f167159883372231c0b9ba0d8965dd1082f36206,LanguageGuide/StringsAndCharacters.xhtml,LanguageGuide/StringsAndCharacters.xhtml#Concatenating-Strings-and-Characters,note,swift.operators.string-concatenation|swift.strings.append-character|swift.strings.append-string|swift.strings.multiline-concatenation,,mapped-to-canonical-lessons,pending-editorial-validation,pending-technical-validation,"Note You can't append a String or Character to an existing Character variable, because a Character value must contain a single character only."
LanguageGuide/StringsAndCharacters.xhtml#note-004,f7fb395eb83ba139cf9734376e2d9a9e808d04a7d41f0a2d56450ed06ad99b62,LanguageGuide/StringsAndCharacters.xhtml,LanguageGuide/StringsAndCharacters.xhtml#String-Interpolation,note,swift.output.string-interpolation|swift.strings.extended-interpolation,,mapped-to-canonical-lessons,pending-editorial-validation,pending-technical-validation,"Note The expressions you write inside parentheses within an interpolated string can't contain an unescaped backslash ( \ ), a carriage return, or a line feed. However, they can contain other string literals."
LanguageGuide/StringsAndCharacters.xhtml#note-005,be405e797aed640524ef3f80c686c930c35eef1ff78ac2f915a57287bb4f3247,LanguageGuide/StringsAndCharacters.xhtml,LanguageGuide/StringsAndCharacters.xhtml#Counting-Characters,note,swift.strings.character-count|swift.strings.combining-count,,mapped-to-canonical-lessons,pending-editorial-validation,pending-technical-validation,"Note Extended grapheme clusters can be composed of multiple Unicode scalars. This means that different characters—and different representations of the same character—can require different amounts of memory to store. Because of this, charact"
LanguageGuide/StringsAndCharacters.xhtml#note-006,168ca88a3f319883596b5b0187468698b1ce2a91fd7099fd9be447a0e25f56b8,LanguageGuide/StringsAndCharacters.xhtml,LanguageGuide/StringsAndCharacters.xhtml#String-Indices,note,swift.strings.indices-sequence|swift.strings.last-index|swift.strings.no-integer-index|swift.strings.offset-index|swift.strings.start-index,,mapped-to-canonical-lessons,pending-editorial-validation,pending-technical-validation,"Note You can use the startIndex and endIndex properties and the index(before:) , index(after:) , and index(_:offsetBy:) methods on any type that conforms to the Collection protocol. This includes String , as shown here, as well as collectio"
LanguageGuide/StringsAndCharacters.xhtml#note-007,6444a9b8d05823a1c12e0881213e8ece28a30f31c36d5dae6849a1031afc827a,LanguageGuide/StringsAndCharacters.xhtml,LanguageGuide/StringsAndCharacters.xhtml#Inserting-and-Removing,note,swift.strings.insert-character|swift.strings.insert-contents|swift.strings.remove-character|swift.strings.remove-subrange,,mapped-to-canonical-lessons,pending-editorial-validation,pending-technical-validation,"Note You can use the insert(_:at:) , insert(contentsOf:at:) , remove(at:) , and removeSubrange(_:) methods on any type that conforms to the RangeReplaceableCollection protocol. This includes String , as shown here, as well as collection typ"
LanguageGuide/StringsAndCharacters.xhtml#note-008,117e75d2967a3c585bd178056969ef36dd75df6f74ca4417aed72c15ade50fda,LanguageGuide/StringsAndCharacters.xhtml,LanguageGuide/StringsAndCharacters.xhtml#Substrings,note,swift.substrings.long-term-storage|swift.substrings.result-type,,mapped-to-canonical-lessons,pending-editorial-validation,pending-technical-validation,"Note Both String and Substring conform to the StringProtocol protocol, which means it's often convenient for string-manipulation functions to accept a StringProtocol value. You can call such functions with either a String or Substring value"
LanguageGuide/StringsAndCharacters.xhtml#note-009,5787559517183839b74e7e3c849c317a43ec21a6888a1ba1a9c7bdf17f2779be,LanguageGuide/StringsAndCharacters.xhtml,LanguageGuide/StringsAndCharacters.xhtml#String-and-Character-Equality,note,swift.characters.lookalike-inequality|swift.strings.canonical-equality,,mapped-to-canonical-lessons,pending-editorial-validation,pending-technical-validation,Note String and character comparisons in Swift aren't locale-sensitive.
LanguageGuide/StringsAndCharacters.xhtml#note-010,39fa18cf548c5cf19dae1bb4b6068dc19c5a5d3b2c9e25008d5370b177a768e1,LanguageGuide/StringsAndCharacters.xhtml,LanguageGuide/StringsAndCharacters.xhtml#Prefix-and-Suffix-Equality,note,swift.strings.prefix|swift.strings.suffix,,mapped-to-canonical-lessons,pending-editorial-validation,pending-technical-validation,"Note The hasPrefix(_:) and hasSuffix(_:) methods perform a character-by-character canonical equivalence comparison between the extended grapheme clusters in each string, as described in String and Character Equality ."
LanguageGuide/CollectionTypes.xhtml#note-001,bed5a68665aa31b3dcc9ecae14541e7fa0924a4260e0c4dccd57cac8ad74dd49,LanguageGuide/CollectionTypes.xhtml,LanguageGuide/CollectionTypes.xhtml#collection-types,note,swift.generics.type,,mapped-to-canonical-lessons,pending-editorial-validation,pending-technical-validation,"Note Swift's array, set, and dictionary types are implemented as generic collections . For more about generic types and collections, see Generics ."
LanguageGuide/CollectionTypes.xhtml#note-002,3a45146b4d155616715d994effd6caf2be3ef9ce2de608e6187c737459638703,LanguageGuide/CollectionTypes.xhtml,LanguageGuide/CollectionTypes.xhtml#Mutability-of-Collections,note,swift.collections.mutability,,mapped-to-canonical-lessons,pending-editorial-validation,pending-technical-validation,Note It's good practice to create immutable collections in all cases where the collection doesn't need to change. Doing so makes it easier for you to reason about your code and enables the Swift compiler to optimize the performance of the c
LanguageGuide/CollectionTypes.xhtml#note-003,10560004acc370a144f88e6d02366495235d8657c42d82aeb77d20d8903810ad,LanguageGuide/CollectionTypes.xhtml,LanguageGuide/CollectionTypes.xhtml#Arrays,note,swift.arrays.foundation-bridging,,mapped-to-canonical-lessons,pending-editorial-validation,pending-technical-validation,"Note Swift's Array type is bridged to Foundation's NSArray class. For more information about using Array with Foundation and Cocoa, see Bridging Between Array and NSArray ."
LanguageGuide/CollectionTypes.xhtml#note-004,b713a6279ba689fd1b47c95a7ffef35049dfb90613f8aa0637caf2feb6bbfe31,LanguageGuide/CollectionTypes.xhtml,LanguageGuide/CollectionTypes.xhtml#Creating-an-Array-with-an-Array-Literal,note,swift.arrays.literal,,mapped-to-canonical-lessons,pending-editorial-validation,pending-technical-validation,Note The shoppingList array is declared as a variable (with the var introducer) and not a constant (with the let introducer) because more items are added to the shopping list in the examples below.
LanguageGuide/CollectionTypes.xhtml#note-005,3b3f7bd1bbc94f041ea80af8d4b8fdab20bb0c665d7f08e3501fdc3a08420813,LanguageGuide/CollectionTypes.xhtml,LanguageGuide/CollectionTypes.xhtml#Accessing-and-Modifying-an-Array,note,swift.arrays.append|swift.arrays.count|swift.arrays.insert-remove|swift.arrays.replace-subrange|swift.arrays.subscript,,mapped-to-canonical-lessons,pending-editorial-validation,pending-technical-validation,"Note The first item in the array has an index of 0 , not 1 . Arrays in Swift are always zero-indexed."
LanguageGuide/CollectionTypes.xhtml#note-006,1e738c180a01b43d6a821abda751fa688280261c52ea9d8dabf850f0e3ac0744,LanguageGuide/CollectionTypes.xhtml,LanguageGuide/CollectionTypes.xhtml#Accessing-and-Modifying-an-Array,note,swift.arrays.append|swift.arrays.count|swift.arrays.insert-remove|swift.arrays.replace-subrange|swift.arrays.subscript,,mapped-to-canonical-lessons,pending-editorial-validation,pending-technical-validation,"Note If you try to access or modify a value for an index that's outside of an array's existing bounds, you will trigger a runtime error. You can check that an index is valid before using it by comparing it to the array's count property. The"
LanguageGuide/CollectionTypes.xhtml#note-007,414af90743792e434fb3e3c1d34bd2671c088ffa03cfa7d72c485a1b3a74c135,LanguageGuide/CollectionTypes.xhtml,LanguageGuide/CollectionTypes.xhtml#Sets,note,swift.sets.foundation-bridging,,mapped-to-canonical-lessons,pending-editorial-validation,pending-technical-validation,"Note Swift's Set type is bridged to Foundation's NSSet class. For more information about using Set with Foundation and Cocoa, see Bridging Between Set and NSSet ."
LanguageGuide/CollectionTypes.xhtml#note-008,2290fa39e18b5f163f651a67beddadb461a87feffa2247bb877f415babe2a4f0,LanguageGuide/CollectionTypes.xhtml,LanguageGuide/CollectionTypes.xhtml#Hash-Values-for-Set-Types,note,swift.sets.hashable-elements,,mapped-to-canonical-lessons,pending-editorial-validation,pending-technical-validation,"Note You can use your own custom types as set value types or dictionary key types by making them conform to the Hashable protocol from the Swift standard library. For information about implementing the required hash(into:) method, see Hasha"
LanguageGuide/CollectionTypes.xhtml#note-009,1f91c0cde9b68e91bd1100060b90776e05a54927cc7ce22b5b9325cd6c7ed46c,LanguageGuide/CollectionTypes.xhtml,LanguageGuide/CollectionTypes.xhtml#Creating-and-Initializing-an-Empty-Set,note,swift.sets.empty,,mapped-to-canonical-lessons,pending-editorial-validation,pending-technical-validation,"Note The type of the letters variable is inferred to be Set<Character> , from the type of the initializer."
LanguageGuide/CollectionTypes.xhtml#note-010,d95d043354340f59cbf4a567b5e2d61428cc105b1dde08ec8cf7d54271cfe6a9,LanguageGuide/CollectionTypes.xhtml,LanguageGuide/CollectionTypes.xhtml#Creating-a-Set-with-an-Array-Literal,note,swift.sets.literal,,mapped-to-canonical-lessons,pending-editorial-validation,pending-technical-validation,Note The favoriteGenres set is declared as a variable (with the var introducer) and not a constant (with the let introducer) because items are added and removed in the examples below.
LanguageGuide/CollectionTypes.xhtml#note-011,284f0f07c7260ba03eceaa21ecb4b6c87dad69599f9ec0045ecb4137fcf8ace7,LanguageGuide/CollectionTypes.xhtml,LanguageGuide/CollectionTypes.xhtml#Dictionaries,note,swift.dictionaries.foundation-bridging,,mapped-to-canonical-lessons,pending-editorial-validation,pending-technical-validation,"Note Swift's Dictionary type is bridged to Foundation's NSDictionary class. For more information about using Dictionary with Foundation and Cocoa, see Bridging Between Dictionary and NSDictionary ."
LanguageGuide/CollectionTypes.xhtml#note-012,a3e64220f69943909a102f382fc218602bec28c2ec29d7923320a31e821fc2b0,LanguageGuide/CollectionTypes.xhtml,LanguageGuide/CollectionTypes.xhtml#Dictionary-Type-Shorthand-Syntax,note,swift.dictionaries.type-syntax,,mapped-to-canonical-lessons,pending-editorial-validation,pending-technical-validation,"Note A dictionary Key type must conform to the Hashable protocol, like a set's value type."
LanguageGuide/CollectionTypes.xhtml#note-013,8f65db4670879cad95cea1463c71c35dd6b92ceea36389dcae4986ef1468c0b9,LanguageGuide/CollectionTypes.xhtml,LanguageGuide/CollectionTypes.xhtml#Creating-a-Dictionary-with-a-Dictionary-Literal,note,swift.dictionaries.literal,,mapped-to-canonical-lessons,pending-editorial-validation,pending-technical-validation,"Note The airports dictionary is declared as a variable (with the var introducer), and not a constant (with the let introducer), because more airports are added to the dictionary in the examples below."
LanguageGuide/ControlFlow.xhtml#note-001,d1117a5940d134c534fb4e0fb12a9f8101740983e7aa383142364fce32345d23,LanguageGuide/ControlFlow.xhtml,LanguageGuide/ControlFlow.xhtml#While,note,swift.loops.while,,mapped-to-canonical-lessons,pending-editorial-validation,pending-technical-validation,"Note If this check isn't performed, board[square] might try to access a value outside the bounds of the board array, which would trigger a runtime error."
LanguageGuide/ControlFlow.xhtml#note-002,afc0a3877ec95b55686dcd596fb3db843cd86d8b76970543d9221921249868f3,LanguageGuide/ControlFlow.xhtml,LanguageGuide/ControlFlow.xhtml#Repeat-While,note,swift.loops.repeat-while,,mapped-to-canonical-lessons,pending-editorial-validation,pending-technical-validation,Note The repeat - while loop in Swift is analogous to a do - while loop in other languages.
LanguageGuide/ControlFlow.xhtml#note-003,76a11b9ffae0b51cb027108b4dd4cb9473a1dfb8f0892172a3a03c71f14c8f39,LanguageGuide/ControlFlow.xhtml,LanguageGuide/ControlFlow.xhtml#No-Implicit-Fallthrough,note,swift.switches.compound-case,,mapped-to-canonical-lessons,pending-editorial-validation,pending-technical-validation,"Note Although break isn't required in Swift, you can use a break statement to match and ignore a particular case or to break out of a matched case before that case has completed its execution. For details, see Break in a Switch Statement ."
LanguageGuide/ControlFlow.xhtml#note-004,5a3f6b064ea031918a3df25b1b3392857c199b253acdb5409b90df35b935042d,LanguageGuide/ControlFlow.xhtml,LanguageGuide/ControlFlow.xhtml#No-Implicit-Fallthrough,note,swift.switches.compound-case,,mapped-to-canonical-lessons,pending-editorial-validation,pending-technical-validation,"Note To explicitly fall through at the end of a particular switch case, use the fallthrough keyword, as described in Fallthrough ."
LanguageGuide/ControlFlow.xhtml#note-005,6c03ced7c61a8963cb1e2fe085846ec317ab5ea5fcb865ef2dda0cb206bac0fc,LanguageGuide/ControlFlow.xhtml,LanguageGuide/ControlFlow.xhtml#Break-in-a-Switch-Statement,note,swift.transfer.break-switch,,mapped-to-canonical-lessons,pending-editorial-validation,pending-technical-validation,Note A switch case that contains only a comment is reported as a compile-time error. Comments aren't statements and don't cause a switch case to be ignored. Always use a break statement to ignore a switch case.
LanguageGuide/ControlFlow.xhtml#note-006,dd938675944c671954ea2c68b214b52b84ede8b4ac887b46c88128aa84d33426,LanguageGuide/ControlFlow.xhtml,LanguageGuide/ControlFlow.xhtml#Fallthrough,note,swift.transfer.fallthrough,,mapped-to-canonical-lessons,pending-editorial-validation,pending-technical-validation,Note The fallthrough keyword doesn't check the case conditions for the switch case that it causes execution to fall into. The fallthrough keyword simply causes code execution to move directly to the statements inside the next case (or defau
LanguageGuide/ControlFlow.xhtml#note-007,a98862b736bdc0867e01e9b7f7c1a2f8b877ed66345df04151c8901751d4ec69,LanguageGuide/ControlFlow.xhtml,LanguageGuide/ControlFlow.xhtml#Labeled-Statements,note,swift.transfer.labeled-break,,mapped-to-canonical-lessons,pending-editorial-validation,pending-technical-validation,"Note If the break statement above didn't use the gameLoop label, it would break out of the switch statement, not the while statement. Using the gameLoop label makes it clear which control statement should be terminated. It isn't strictly ne"
LanguageGuide/Functions.xhtml#note-001,d3d48b202c3a328a7573487f46ec99c407cbf2813bcf4a3ecc18f9df338a23ae,LanguageGuide/Functions.xhtml,LanguageGuide/Functions.xhtml#Defining-and-Calling-Functions,note,swift.functions.define-call,,mapped-to-canonical-lessons,pending-editorial-validation,pending-technical-validation,"Note The print(_:separator:terminator:) function doesn't have a label for its first argument, and its other arguments are optional because they have a default value. These variations on function syntax are discussed below in Function Argume"
LanguageGuide/Functions.xhtml#note-002,ad4006cf68c2d0fbff57295fe26beccc60d7e7ffc7632792ddf8ae4cafde5ddd,LanguageGuide/Functions.xhtml,LanguageGuide/Functions.xhtml#Functions-Without-Return-Values,note,swift.functions.void-return,,mapped-to-canonical-lessons,pending-editorial-validation,pending-technical-validation,"Note Strictly speaking, this version of the greet(person:) function does still return a value, even though no return value is defined. Functions without a defined return type return a special value of type Void . This is simply an empty tup"
LanguageGuide/Functions.xhtml#note-003,f632f40e768e617b25d13cfff32030d02822543f75c9c7720f2615b11cdc1bf5,LanguageGuide/Functions.xhtml,LanguageGuide/Functions.xhtml#Functions-Without-Return-Values,note,swift.functions.void-return,,mapped-to-canonical-lessons,pending-editorial-validation,pending-technical-validation,"Note Return values can be ignored, but a function that says it will return a value must always do so. A function with a defined return type can't allow control to fall out of the bottom of the function without returning a value, and attempt"
LanguageGuide/Functions.xhtml#note-004,5638fd2bad233f8023ca201a26e8f43933f9451b3d286e77fb8eeca3063de10e,LanguageGuide/Functions.xhtml,LanguageGuide/Functions.xhtml#Optional-Tuple-Return-Types,note,swift.functions.optional-tuple-return,,mapped-to-canonical-lessons,pending-editorial-validation,pending-technical-validation,"Note An optional tuple type such as (Int, Int)? is different from a tuple that contains optional types such as (Int?, Int?) . With an optional tuple type, the entire tuple is optional, not just each individual value within the tuple."
LanguageGuide/Functions.xhtml#note-005,fba61ef6f70257597b19e686807833bf55539c11114df7b1ffc0da257069fd05,LanguageGuide/Functions.xhtml,LanguageGuide/Functions.xhtml#Functions-With-an-Implicit-Return,note,swift.functions.implicit-return,,mapped-to-canonical-lessons,pending-editorial-validation,pending-technical-validation,"Note The code you write as an implicit return value needs to return some value. For example, you can't use print(13) as an implicit return value. However, you can use a function that never returns like fatalError(""Oh no!"") as an implicit re"
LanguageGuide/Functions.xhtml#note-006,50a9ee0f17c334555edbc365938247bb30a3b18f50ad16ceace424a16b4d91ae,LanguageGuide/Functions.xhtml,LanguageGuide/Functions.xhtml#In-Out-Parameters,note,swift.functions.inout-call|swift.functions.inout-parameter,,mapped-to-canonical-lessons,pending-editorial-validation,pending-technical-validation,"Note In-out parameters can't have default values, and variadic parameters can't be marked as inout ."
LanguageGuide/Functions.xhtml#note-007,170994753a16943481a7e1e7ba6588e0107c4b138219183cc0791afbd054e18c,LanguageGuide/Functions.xhtml,LanguageGuide/Functions.xhtml#In-Out-Parameters,note,swift.functions.inout-call|swift.functions.inout-parameter,,mapped-to-canonical-lessons,pending-editorial-validation,pending-technical-validation,"Note In-out parameters aren't the same as returning a value from a function. The swapTwoInts example above doesn't define a return type or return a value, but it still modifies the values of someInt and anotherInt . In-out parameters are an"
LanguageGuide/Closures.xhtml#note-001,bbb7060d2d7c7883d39a76e7a9600c1a764dd2a392bf7df914eb3fcf9087d015,LanguageGuide/Closures.xhtml,LanguageGuide/Closures.xhtml#closures,note,swift.closures.capture,,mapped-to-canonical-lessons,pending-editorial-validation,pending-technical-validation,Note Don't worry if you aren't familiar with the concept of capturing. It's explained in detail below in Capturing Values .
LanguageGuide/Closures.xhtml#note-002,54fdcb936a64fdb826a7886650b2e43f78f72702db81276de8f3916f7e9f0a87,LanguageGuide/Closures.xhtml,LanguageGuide/Closures.xhtml#Trailing-Closures,note,swift.closures.map-transform|swift.closures.multiple-trailing|swift.closures.trailing,,mapped-to-canonical-lessons,pending-editorial-validation,pending-technical-validation,"Note The call to the digitNames dictionary's subscript is followed by an exclamation point ( ! ), because dictionary subscripts return an optional value to indicate that the dictionary lookup can fail if the key doesn't exist. In the exampl"
LanguageGuide/Closures.xhtml#note-003,06b2043fd90f2e460d8552de4382a2175e37b5a7a54a51785bfdd5f90d657903,LanguageGuide/Closures.xhtml,LanguageGuide/Closures.xhtml#Trailing-Closures,note,swift.closures.map-transform|swift.closures.multiple-trailing|swift.closures.trailing,,mapped-to-canonical-lessons,pending-editorial-validation,pending-technical-validation,"Note Completion handlers can become hard to read, especially when you have to nest multiple handlers. An alternate approach is to use asynchronous code, as described in Concurrency ."
LanguageGuide/Closures.xhtml#note-004,c182e2e9c6b495797fef43eca8ef3e81ef8ae5f2a991d8f8e3847a19be4b000c,LanguageGuide/Closures.xhtml,LanguageGuide/Closures.xhtml#Capturing-Values,note,swift.closures.capture,,mapped-to-canonical-lessons,pending-editorial-validation,pending-technical-validation,"Note As an optimization, Swift may instead capture and store a copy of a value if that value isn't mutated by a closure, and if the value isn't mutated after the closure is created. Swift also handles all memory management involved in dispo"
LanguageGuide/Closures.xhtml#note-005,fae6f5e0b57b3b96620ecd5c4d933afc2fa430a440f56d172c2a541fd37ed1b8,LanguageGuide/Closures.xhtml,LanguageGuide/Closures.xhtml#Capturing-Values,note,swift.closures.capture,,mapped-to-canonical-lessons,pending-editorial-validation,pending-technical-validation,"Note If you assign a closure to a property of a class instance, and the closure captures that instance by referring to the instance or its members, you will create a strong reference cycle between the closure and the instance. Swift uses ca"
LanguageGuide/Closures.xhtml#note-006,3b165c2839c68b4284e6582e0d4595ee42e50f38d0fd11226ffc37038b6befb7,LanguageGuide/Closures.xhtml,LanguageGuide/Closures.xhtml#Autoclosures,note,swift.closures.autoclosure|swift.closures.escaping-autoclosure,,mapped-to-canonical-lessons,pending-editorial-validation,pending-technical-validation,Note Overusing autoclosures can make your code hard to understand. The context and function name should make it clear that evaluation is being deferred.
LanguageGuide/Enumerations.xhtml#note-001,856763770a136efad490334719187eeb226bfe75b32e5e9b8bdf0b2181600b9d,LanguageGuide/Enumerations.xhtml,LanguageGuide/Enumerations.xhtml#Enumeration-Syntax,note,swift.enums.inferred-case|swift.enums.syntax,,mapped-to-canonical-lessons,pending-editorial-validation,pending-technical-validation,"Note Swift enumeration cases don't have an integer value set by default, unlike languages like C and Objective-C. In the CompassPoint example above, north , south , east and west don't implicitly equal 0 , 1 , 2 and 3 . Instead, the differe"
LanguageGuide/Enumerations.xhtml#note-002,aed544b8ae750821316d6dc7fb280b814071ba714631dbf35d86b291b79cd95d,LanguageGuide/Enumerations.xhtml,LanguageGuide/Enumerations.xhtml#Initializing-from-a-Raw-Value,note,swift.enums.raw-initializer,,mapped-to-canonical-lessons,pending-editorial-validation,pending-technical-validation,"Note The raw value initializer is a failable initializer, because not every raw value will return an enumeration case. For more information, see Failable Initializers ."
LanguageGuide/ClassesAndStructures.xhtml#note-001,1a4dc3113b045959bd2ec2c2fdc47147319a41f804b7df5c71f1c24bf217073e,LanguageGuide/ClassesAndStructures.xhtml,LanguageGuide/ClassesAndStructures.xhtml#structures-and-classes,note,swift.types.instances,,mapped-to-canonical-lessons,pending-editorial-validation,pending-technical-validation,"Note An instance of a class is traditionally known as an object . However, Swift structures and classes are much closer in functionality than in other languages, and much of this chapter describes functionality that applies to instances of "
LanguageGuide/ClassesAndStructures.xhtml#note-002,ba76978871a1f08105623a43d2e14a0974a07b2e7f4b25e04c1d091a3f574d5f,LanguageGuide/ClassesAndStructures.xhtml,LanguageGuide/ClassesAndStructures.xhtml#Comparing-Structures-and-Classes,note,swift.concurrency.actor,,mapped-to-canonical-lessons,pending-editorial-validation,pending-technical-validation,"Note Classes and actors share many of the same characteristics and behaviors. For information about actors, see Concurrency ."
LanguageGuide/ClassesAndStructures.xhtml#note-003,f0975ca0a17a50658637888012111120ef45cd1c82edd26b88bf15deb033fc3b,LanguageGuide/ClassesAndStructures.xhtml,LanguageGuide/ClassesAndStructures.xhtml#Definition-Syntax,note,swift.types.class-definition|swift.types.structure-definition,,mapped-to-canonical-lessons,pending-editorial-validation,pending-technical-validation,"Note Whenever you define a new structure or class, you define a new Swift type. Give types UpperCamelCase names (such as SomeStructure and SomeClass here) to match the capitalization of standard Swift types (such as String , Int , and Bool "
LanguageGuide/ClassesAndStructures.xhtml#note-004,31ec7e3197fbf117e2e54170c7398a5a73936b44d7bad850490a6500b654c2c9,LanguageGuide/ClassesAndStructures.xhtml,LanguageGuide/ClassesAndStructures.xhtml#Structures-and-Enumerations-Are-Value-Types,note,swift.types.value-copy,,mapped-to-canonical-lessons,pending-editorial-validation,pending-technical-validation,"Note Collections defined by the Swift standard library like arrays, dictionaries, and strings use an optimization to reduce the performance cost of copying. Instead of making a copy immediately, these collections share the memory where the "
LanguageGuide/Properties.xhtml#note-001,ca7874fd5310db25f24db43a06ff100d9b317a91e9b66c98a0c96202b7e59856,LanguageGuide/Properties.xhtml,LanguageGuide/Properties.xhtml#Lazy-Stored-Properties,note,swift.properties.lazy,,mapped-to-canonical-lessons,pending-editorial-validation,pending-technical-validation,"Note You must always declare a lazy property as a variable (with the var keyword), because its initial value might not be retrieved until after instance initialization completes. Constant properties must always have a value before initializ"
LanguageGuide/Properties.xhtml#note-002,23970fbe76b77d07076d1514fc788f4f5a9d4ee0ddfd0b4813f947dd8738ca3c,LanguageGuide/Properties.xhtml,LanguageGuide/Properties.xhtml#Lazy-Stored-Properties,note,swift.properties.lazy,,mapped-to-canonical-lessons,pending-editorial-validation,pending-technical-validation,"Note If a property marked with the lazy modifier is accessed by multiple threads simultaneously and the property hasn't yet been initialized, there's no guarantee that the property will be initialized only once."
LanguageGuide/Properties.xhtml#note-003,a710bafd5ad209f5a7b5c3fb73ed38a03b402baf3d7eb92fac2422d68561e958,LanguageGuide/Properties.xhtml,LanguageGuide/Properties.xhtml#Read-Only-Computed-Properties,note,swift.properties.read-only,,mapped-to-canonical-lessons,pending-editorial-validation,pending-technical-validation,"Note You must declare computed properties—including read-only computed properties—as variable properties with the var keyword, because their value isn't fixed. The let keyword is only used for constant properties, to indicate that their val"
LanguageGuide/Properties.xhtml#note-004,ad4924d33181ca9f268da72abb4385a649cb53e12e8dd9983b11274f096611f7,LanguageGuide/Properties.xhtml,LanguageGuide/Properties.xhtml#Property-Observers,note,swift.properties.observers,,mapped-to-canonical-lessons,pending-editorial-validation,pending-technical-validation,"Note The willSet and didSet observers of superclass properties are called when a property is set in a subclass initializer, after the superclass initializer has been called. They aren't called while a class is setting its own properties in "
LanguageGuide/Properties.xhtml#note-005,130a09db33996e8f989261d32d8aca853b4346b4c39ac66533bb8c9cda3b5ddb,LanguageGuide/Properties.xhtml,LanguageGuide/Properties.xhtml#Property-Observers,note,swift.properties.observers,,mapped-to-canonical-lessons,pending-editorial-validation,pending-technical-validation,"Note If you pass a property that has observers to a function as an in-out parameter, the willSet and didSet observers are always called. This is because of the copy-in copy-out memory model for in-out parameters: The value is always written"
LanguageGuide/Properties.xhtml#note-006,4eef9f6d6088dc7ffe9a0c95026949aa535b1ae3e3abedd8ac645d5d35254913,LanguageGuide/Properties.xhtml,LanguageGuide/Properties.xhtml#Property-Wrappers,note,swift.properties.wrapper,,mapped-to-canonical-lessons,pending-editorial-validation,pending-technical-validation,"Note The declaration for number in the example above marks the variable as private , which ensures number is used only in the implementation of TwelveOrLess . Code that's written anywhere else accesses the value using the getter and setter "
LanguageGuide/Properties.xhtml#note-007,3c1751f2514cdebab27293450073f830e124d3229cb23ac20de5e31c229aa357,LanguageGuide/Properties.xhtml,LanguageGuide/Properties.xhtml#Global-and-Local-Variables,note,swift.properties.global-local,,mapped-to-canonical-lessons,pending-editorial-validation,pending-technical-validation,"Note Global constants and variables are always computed lazily, in a similar manner to Lazy Stored Properties . Unlike lazy stored properties, global constants and variables don't need to be marked with the lazy modifier. Local constants an"
LanguageGuide/Properties.xhtml#note-008,99dbf3db449218c665c9b332780d43bbd6722cbfd0eee701d791d453ebb836e8,LanguageGuide/Properties.xhtml,LanguageGuide/Properties.xhtml#Type-Properties,note,swift.properties.type-syntax,,mapped-to-canonical-lessons,pending-editorial-validation,pending-technical-validation,"Note Unlike stored instance properties, you must always give stored type properties a default value. This is because the type itself doesn't have an initializer that can assign a value to a stored type property at initialization time. Store"
LanguageGuide/Properties.xhtml#note-009,fccc268e93dca88fec2d7d705cd946922485d27aac73ec2c3600b4cb2ada6c8b,LanguageGuide/Properties.xhtml,LanguageGuide/Properties.xhtml#Type-Property-Syntax,note,swift.properties.type-syntax,,mapped-to-canonical-lessons,pending-editorial-validation,pending-technical-validation,"Note The computed type property examples above are for read-only computed type properties, but you can also define read-write computed type properties with the same syntax as for computed instance properties."
LanguageGuide/Properties.xhtml#note-010,3f7fce64176a156d9bc2b68459be367b5500fb197877c2478f56ae157ea317d8,LanguageGuide/Properties.xhtml,LanguageGuide/Properties.xhtml#Querying-and-Setting-Type-Properties,note,swift.properties.type-access,,mapped-to-canonical-lessons,pending-editorial-validation,pending-technical-validation,"Note In the first of these two checks, the didSet observer sets currentLevel to a different value. This doesn't, however, cause the observer to be called again."
LanguageGuide/Methods.xhtml#note-001,ad72c94b98e2e0305c7337050aa5ae9d9032a2b15f0801162a0847b2d6961fa0,LanguageGuide/Methods.xhtml,LanguageGuide/Methods.xhtml#Type-Methods,note,swift.methods.type,,mapped-to-canonical-lessons,pending-editorial-validation,pending-technical-validation,"Note In Objective-C, you can define type-level methods only for Objective-C classes. In Swift, you can define type-level methods for all classes, structures, and enumerations. Each type method is explicitly scoped to the type it supports."
LanguageGuide/Subscripts.xhtml#note-001,5a24d7784fbf249fa0e08da4cc9177ee5a8f85ec1d8fe462f4ba2246200dab6c,LanguageGuide/Subscripts.xhtml,LanguageGuide/Subscripts.xhtml#Subscript-Syntax,note,swift.subscripts.syntax,,mapped-to-canonical-lessons,pending-editorial-validation,pending-technical-validation,"Note An n -times-table is based on a fixed mathematical rule. It isn't appropriate to set threeTimesTable[someIndex] to a new value, and so the subscript for TimesTable is defined as a read-only subscript."
LanguageGuide/Subscripts.xhtml#note-002,f55035bbae60d474f0af0468492a1209482254206af9bfd1bdb86a578320708e,LanguageGuide/Subscripts.xhtml,LanguageGuide/Subscripts.xhtml#Subscript-Usage,note,swift.subscripts.usage,,mapped-to-canonical-lessons,pending-editorial-validation,pending-technical-validation,"Note Swift's Dictionary type implements its key-value subscripting as a subscript that takes and returns an optional type. For the numberOfLegs dictionary above, the key-value subscript takes and returns a value of type Int? , or “optional "
LanguageGuide/Inheritance.xhtml#note-001,7eb60b681e7f88f1700156fa32c14a601e9575290d324359ccdac7dd1c449f0d,LanguageGuide/Inheritance.xhtml,LanguageGuide/Inheritance.xhtml#Defining-a-Base-Class,note,swift.inheritance.base-class,,mapped-to-canonical-lessons,pending-editorial-validation,pending-technical-validation,Note Swift classes don't inherit from a universal base class. Classes you define without specifying a superclass automatically become base classes for you to build upon.
LanguageGuide/Inheritance.xhtml#note-002,e2d2afe1cb47caffd5ecfdd4713ce77201428bb66b8e866f5c5c713042a0289e,LanguageGuide/Inheritance.xhtml,LanguageGuide/Inheritance.xhtml#Overriding-Property-Getters-and-Setters,note,swift.inheritance.override-property,,mapped-to-canonical-lessons,pending-editorial-validation,pending-technical-validation,"Note If you provide a setter as part of a property override, you must also provide a getter for that override. If you don't want to modify the inherited property's value within the overriding getter, you can simply pass through the inherite"
LanguageGuide/Inheritance.xhtml#note-003,bb7bc94bed128ceaa2708a9cb87d01de6ad89490d489f801a902454112b4f355,LanguageGuide/Inheritance.xhtml,LanguageGuide/Inheritance.xhtml#Overriding-Property-Observers,note,swift.inheritance.override-observer,,mapped-to-canonical-lessons,pending-editorial-validation,pending-technical-validation,"Note You can't add property observers to inherited constant stored properties or inherited read-only computed properties. The value of these properties can't be set, and so it isn't appropriate to provide a willSet or didSet implementation "
LanguageGuide/Initialization.xhtml#note-001,7db05e13a4996a0168712faa24ba964dab7fe4ee0e1d73e4406bb61329c08a9a,LanguageGuide/Initialization.xhtml,LanguageGuide/Initialization.xhtml#Setting-Initial-Values-for-Stored-Properties,note,swift.initialization.observer-bypass,,mapped-to-canonical-lessons,pending-editorial-validation,pending-technical-validation,"Note When you assign a default value to a stored property, or set its value within an initializer, the value of that property is set directly, without calling any property observers."
LanguageGuide/Initialization.xhtml#note-002,9390306b0a84e275b13d4b8190706df39b7bb950173c17c828604a5c63732b87,LanguageGuide/Initialization.xhtml,LanguageGuide/Initialization.xhtml#Default-Property-Values,note,swift.initialization.default-value,,mapped-to-canonical-lessons,pending-editorial-validation,pending-technical-validation,"Note If a property always takes the same initial value, provide a default value rather than setting a value within an initializer. The end result is the same, but the default value ties the property's initialization more closely to its decl"
LanguageGuide/Initialization.xhtml#note-003,cb2727b5742e6191633dc9358bd56443867ed80db19e474b57ace39b00fc15de,LanguageGuide/Initialization.xhtml,LanguageGuide/Initialization.xhtml#Assigning-Constant-Properties-During-Initialization,note,swift.initialization.constant-property,,mapped-to-canonical-lessons,pending-editorial-validation,pending-technical-validation,"Note For class instances, a constant property can be modified during initialization only by the class that introduces it. It can't be modified by a subclass."
LanguageGuide/Initialization.xhtml#note-004,7bd7ab9c448a1859cf46bdbb6ac3f5566fa8c1099595b28a080f7046d470611a,LanguageGuide/Initialization.xhtml,LanguageGuide/Initialization.xhtml#Initializer-Delegation-for-Value-Types,note,swift.initialization.value-delegation,,mapped-to-canonical-lessons,pending-editorial-validation,pending-technical-validation,"Note If you want your custom value type to be initializable with the default initializer and memberwise initializer, and also with your own custom initializers, write your custom initializers in an extension rather than as part of the value"
LanguageGuide/Initialization.xhtml#note-005,a56897c3cb1c8e1cbb0e643c4436f05c2596e8e00ac7a1091a7946d93a26fe6b,LanguageGuide/Initialization.xhtml,LanguageGuide/Initialization.xhtml#Initializer-Delegation-for-Value-Types,note,swift.initialization.value-delegation,,mapped-to-canonical-lessons,pending-editorial-validation,pending-technical-validation,"Note For an alternative way to write this example without defining the init() and init(origin:size:) initializers yourself, see Extensions ."
LanguageGuide/Initialization.xhtml#note-006,51a1f0e8694253134eeb6f93e6eeeabdb13d5ded78dcf7d6f2d2271ff14a27db,LanguageGuide/Initialization.xhtml,LanguageGuide/Initialization.xhtml#Initializer-Delegation-for-Class-Types,note,swift.initialization.super-delegation,,mapped-to-canonical-lessons,pending-editorial-validation,pending-technical-validation,Note These rules don't affect how users of your classes create instances of each class. Any initializer in the diagram above can be used to create a fully initialized instance of the class they belong to. The rules only affect how you write
LanguageGuide/Initialization.xhtml#note-007,672f47f5d4fced3a3fc71ccb86e8be03b7d0a4ee3353ffa3a9e3d03a9b22bfc9,LanguageGuide/Initialization.xhtml,LanguageGuide/Initialization.xhtml#Two-Phase-Initialization,note,swift.initialization.two-phase,,mapped-to-canonical-lessons,pending-editorial-validation,pending-technical-validation,"Note Swift's two-phase initialization process is similar to initialization in Objective-C. The main difference is that during phase 1, Objective-C assigns zero or null values (such as 0 or nil ) to every property. Swift's initialization flo"
LanguageGuide/Initialization.xhtml#note-008,4d76f2e2794e8dba5ecd12cf76ea2af74bc49d488d9d77bcc29ab354a7fc3149,LanguageGuide/Initialization.xhtml,LanguageGuide/Initialization.xhtml#Initializer-Inheritance-and-Overriding,note,swift.initialization.override-init,,mapped-to-canonical-lessons,pending-editorial-validation,pending-technical-validation,"Note Superclass initializers are inherited in certain circumstances, but only when it's safe and appropriate to do so. For more information, see Automatic Initializer Inheritance below."
LanguageGuide/Initialization.xhtml#note-009,edb98340cf25f0cef8bf11b3f0d05fc7a4bfba7cb9851621ac1cbf1d5b5beb51,LanguageGuide/Initialization.xhtml,LanguageGuide/Initialization.xhtml#Initializer-Inheritance-and-Overriding,note,swift.initialization.override-init,,mapped-to-canonical-lessons,pending-editorial-validation,pending-technical-validation,"Note You always write the override modifier when overriding a superclass designated initializer, even if your subclass's implementation of the initializer is a convenience initializer."
LanguageGuide/Initialization.xhtml#note-010,f438e3a27d6d2aa2c032acf6c9c99f91133c4ce602b763e4a62ca85616a8b6b8,LanguageGuide/Initialization.xhtml,LanguageGuide/Initialization.xhtml#Initializer-Inheritance-and-Overriding,note,swift.initialization.override-init,,mapped-to-canonical-lessons,pending-editorial-validation,pending-technical-validation,"Note Subclasses can modify inherited variable properties during initialization, but can't modify inherited constant properties."
LanguageGuide/Initialization.xhtml#note-011,df9769ed7ba298986ed1de549900d72f0ab8eae967c1b6a36e4929f2ec90c5df,LanguageGuide/Initialization.xhtml,LanguageGuide/Initialization.xhtml#Automatic-Initializer-Inheritance,note,swift.initialization.inheritance,,mapped-to-canonical-lessons,pending-editorial-validation,pending-technical-validation,Note A subclass can implement a superclass designated initializer as a subclass convenience initializer as part of satisfying rule 2.
LanguageGuide/Initialization.xhtml#note-012,00f26d857d20bd20ca602d11d06074f7c26eedbeaea9987e5e9025549c7ec214,LanguageGuide/Initialization.xhtml,LanguageGuide/Initialization.xhtml#Designated-and-Convenience-Initializers-in-Action,note,swift.initialization.convenience|swift.initialization.super-delegation,,mapped-to-canonical-lessons,pending-editorial-validation,pending-technical-validation,"Note ShoppingListItem doesn't define an initializer to provide an initial value for purchased , because items in a shopping list (as modeled here) always start out unpurchased."
LanguageGuide/Initialization.xhtml#note-013,eb7817f5c7a048c458f9ae08604cb899dcbb6d1bdd2ea3c9c6162fd0d2421792,LanguageGuide/Initialization.xhtml,LanguageGuide/Initialization.xhtml#Failable-Initializers,note,swift.initialization.failable,,mapped-to-canonical-lessons,pending-editorial-validation,pending-technical-validation,Note You can't define a failable and a nonfailable initializer with the same parameter types and names.
LanguageGuide/Initialization.xhtml#note-014,48d44f9ca68a7de5a0829d23f00d80a78d34585b0ff3ec7947f28ba2e236ce1a,LanguageGuide/Initialization.xhtml,LanguageGuide/Initialization.xhtml#Failable-Initializers,note,swift.initialization.failable,,mapped-to-canonical-lessons,pending-editorial-validation,pending-technical-validation,"Note Strictly speaking, initializers don't return a value. Rather, their role is to ensure that self is fully and correctly initialized by the time that initialization ends. Although you write return nil to trigger an initialization failure"
LanguageGuide/Initialization.xhtml#note-015,01bd6c98b101b1c60391fb30797f2c8101ab7ec06cec1dcf31e07e9d38d203dd,LanguageGuide/Initialization.xhtml,LanguageGuide/Initialization.xhtml#Failable-Initializers,note,swift.initialization.failable,,mapped-to-canonical-lessons,pending-editorial-validation,pending-technical-validation,"Note Checking for an empty string value (such as """" rather than ""Giraffe"" ) isn't the same as checking for nil to indicate the absence of an optional String value. In the example above, an empty string ( """" ) is a valid, non-optional String"
LanguageGuide/Initialization.xhtml#note-016,46bf0ea5d1eb5ae41f82e1621dae7ea95edbd0ec6836635225e306fefa956ca1,LanguageGuide/Initialization.xhtml,LanguageGuide/Initialization.xhtml#Propagation-of-Initialization-Failure,note,swift.initialization.failure-propagation,,mapped-to-canonical-lessons,pending-editorial-validation,pending-technical-validation,Note A failable initializer can also delegate to a nonfailable initializer. Use this approach if you need to add a potential failure state to an existing initialization process that doesn't otherwise fail.
LanguageGuide/Initialization.xhtml#note-017,a880482ab07503978b476378bbbb06f1885d3aa723da90f1129b1315e350c6c0,LanguageGuide/Initialization.xhtml,LanguageGuide/Initialization.xhtml#Overriding-a-Failable-Initializer,note,swift.initialization.override-failable,,mapped-to-canonical-lessons,pending-editorial-validation,pending-technical-validation,Note You can override a failable initializer with a nonfailable initializer but not the other way around.
LanguageGuide/Initialization.xhtml#note-018,af1eb565f26a869d08ff5db0b9e2ecb3690137367d33c3fac6c61f4342a9cf1f,LanguageGuide/Initialization.xhtml,LanguageGuide/Initialization.xhtml#Required-Initializers,note,swift.initialization.required,,mapped-to-canonical-lessons,pending-editorial-validation,pending-technical-validation,Note You don't have to provide an explicit implementation of a required initializer if you can satisfy the requirement with an inherited initializer.
LanguageGuide/Initialization.xhtml#note-019,a117bdd2e635fca11130be3acba4ca07ff1ced31585d9459e20c9cc36fdbaeff,LanguageGuide/Initialization.xhtml,LanguageGuide/Initialization.xhtml#Setting-a-Default-Property-Value-with-a-Closure-or-Function,note,swift.initialization.closure-default,,mapped-to-canonical-lessons,pending-editorial-validation,pending-technical-validation,"Note If you use a closure to initialize a property, remember that the rest of the instance hasn't yet been initialized at the point that the closure is executed. This means that you can't access any other property values from within your cl"
LanguageGuide/OptionalChaining.xhtml#note-001,f7796fe3b190bc2e74fddc5389c4030ff50b45400d40b78cfc03c11ecd5500f7,LanguageGuide/OptionalChaining.xhtml,LanguageGuide/OptionalChaining.xhtml#optional-chaining,note,swift.optional-chaining.alternative,,mapped-to-canonical-lessons,pending-editorial-validation,pending-technical-validation,"Note Optional chaining in Swift is similar to messaging nil in Objective-C, but in a way that works for any type, and that can be checked for success or failure."
LanguageGuide/OptionalChaining.xhtml#note-002,6e3178cffc646076712d7952213a1a8022798b60dfff13c47368c8cf46e9deb2,LanguageGuide/OptionalChaining.xhtml,LanguageGuide/OptionalChaining.xhtml#Accessing-Subscripts-Through-Optional-Chaining,note,swift.optional-chaining.subscript,,mapped-to-canonical-lessons,pending-editorial-validation,pending-technical-validation,"Note When you access a subscript on an optional value through optional chaining, you place the question mark before the subscript's brackets, not after. The optional chaining question mark always follows immediately after the part of the ex"
LanguageGuide/OptionalChaining.xhtml#note-003,701e0db906a63a83f440b6956e6d968c98256b1c075601ae45d5e07e3d3fd7af,LanguageGuide/OptionalChaining.xhtml,LanguageGuide/OptionalChaining.xhtml#Chaining-on-Methods-with-Optional-Return-Values,note,swift.optional-chaining.optional-return,,mapped-to-canonical-lessons,pending-editorial-validation,pending-technical-validation,"Note In the example above, you place the optional chaining question mark after the parentheses, because the optional value you are chaining on is the buildingIdentifier() method's return value, and not the buildingIdentifier() method itself"
LanguageGuide/ErrorHandling.xhtml#note-001,237921f43afc84f9524c4ae39497d47a5c3ad0060fcb60397c1e6fd32c3e722a,LanguageGuide/ErrorHandling.xhtml,LanguageGuide/ErrorHandling.xhtml#error-handling,note,swift.errors.nserror-interoperability,,mapped-to-canonical-lessons,pending-editorial-validation,pending-technical-validation,"Note Error handling in Swift interoperates with error handling patterns that use the NSError class in Cocoa and Objective-C. For more information about this class, see Handling Cocoa Errors in Swift ."
LanguageGuide/ErrorHandling.xhtml#note-002,9c6e849e49b67bb651cfe8e49e380d582850806962b224f5c32aa8f7ee6c482b,LanguageGuide/ErrorHandling.xhtml,LanguageGuide/ErrorHandling.xhtml#Handling-Errors,note,swift.errors.no-stack-unwinding,,mapped-to-canonical-lessons,pending-editorial-validation,pending-technical-validation,"Note Error handling in Swift resembles exception handling in other languages, with the use of the try , catch and throw keywords. Unlike exception handling in many languages—including Objective-C—error handling in Swift doesn't involve unwi"
LanguageGuide/ErrorHandling.xhtml#note-003,419c148c8140adce4ada1c575956d68d3e2a79be55a812e2a96923283c55f5de,LanguageGuide/ErrorHandling.xhtml,LanguageGuide/ErrorHandling.xhtml#Propagating-Errors-Using-Throwing-Functions,note,swift.errors.throwing-declaration,,mapped-to-canonical-lessons,pending-editorial-validation,pending-technical-validation,Note Only throwing functions can propagate errors. Any errors thrown inside a nonthrowing function must be handled inside the function.
LanguageGuide/Concurrency.xhtml#note-001,2bc6c9b04a7355e2737fb1fd8d4d35d92341d8ef57fdc1edb939fc468a91c857,LanguageGuide/Concurrency.xhtml,LanguageGuide/Concurrency.xhtml#concurrency,note,swift.concurrency.thread-independence,,mapped-to-canonical-lessons,pending-editorial-validation,pending-technical-validation,"Note If you've written concurrent code before, you might be used to working with threads. The concurrency model in Swift is built on top of threads, but you don't interact with them directly. An asynchronous function in Swift can give up th"
LanguageGuide/Concurrency.xhtml#note-002,d99a49d98d34cb0098760c4b1f8ae04a42ade504c757bcb6a3d23e581d448b50,LanguageGuide/Concurrency.xhtml,LanguageGuide/Concurrency.xhtml#Tasks-and-Task-Groups,note,swift.concurrency.task-group,,mapped-to-canonical-lessons,pending-editorial-validation,pending-technical-validation,"Note If the code to download a photo could throw an error, you would call withThrowingTaskGroup(of:returning:body:) instead."
LanguageGuide/Concurrency.xhtml#note-003,d429a72b4b018cdee162b298ed3c05cf2cfa6cd5218f09b6e3895c30d83cb799,LanguageGuide/Concurrency.xhtml,LanguageGuide/Concurrency.xhtml#Task-Cancellation,note,swift.concurrency.cancellation,,mapped-to-canonical-lessons,pending-editorial-validation,pending-technical-validation,"Note To check whether a task has been canceled from outside that task, use the Task.isCancelled instance property instead of the type property."
LanguageGuide/Concurrency.xhtml#note-004,0619b1932073e506f828703b609d0476cfbecb100e81145c60f52321fc8584ce,LanguageGuide/Concurrency.xhtml,LanguageGuide/Concurrency.xhtml#The-Main-Actor,note,swift.concurrency.main-actor,,mapped-to-canonical-lessons,pending-editorial-validation,pending-technical-validation,"Note The main actor is closely related to the main thread, but they're not the same thing. The main actor has private mutable state, and the main thread serializes access to that state. When you run code on the main actor, Swift executes th"
LanguageGuide/Macros.xhtml#note-001,e31e9710c0c0f392bac2d498997287e3bcfd9d26d640e19989948cdbae7efcdb,LanguageGuide/Macros.xhtml,LanguageGuide/Macros.xhtml#Macro-Declarations,note,swift.macros.declaration|swift.macros.external,,mapped-to-canonical-lessons,pending-editorial-validation,pending-technical-validation,"Note Macros are always declared as public . Because the code that declares a macro is in a different module from code that uses that macro, there isn't anywhere you could apply a nonpublic macro."
LanguageGuide/TypeCasting.xhtml#note-001,7873b8c15bb2d73221c2085f9500f5427c57a03a414159ee8dd623729d8c57b8,LanguageGuide/TypeCasting.xhtml,LanguageGuide/TypeCasting.xhtml#Downcasting,note,swift.casting.safe-downcast,,mapped-to-canonical-lessons,pending-editorial-validation,pending-technical-validation,Note Casting doesn't actually modify the instance or change its values. The underlying instance remains the same; it's simply treated and accessed as an instance of the type to which it has been cast.
LanguageGuide/TypeCasting.xhtml#note-002,db1ec843e91b211896acd8e43a2869fb52967cbefb9b805b43e92d345fd346c6,LanguageGuide/TypeCasting.xhtml,LanguageGuide/TypeCasting.xhtml#Type-Casting-for-Any-and-AnyObject,note,swift.casting.any,,mapped-to-canonical-lessons,pending-editorial-validation,pending-technical-validation,"Note The Any type represents values of any type, including optional types. Swift gives you a warning if you use an optional value where a value of type Any is expected. If you really do need to use an optional value as an Any value, you can"
LanguageGuide/Extensions.xhtml#note-001,6a6c3270763ae36327a3b1502f584e155700c59783301faee0fe27bf63e59b96,LanguageGuide/Extensions.xhtml,LanguageGuide/Extensions.xhtml#extensions,note,swift.extensions.no-overrides,,mapped-to-canonical-lessons,pending-editorial-validation,pending-technical-validation,"Note Extensions can add new functionality to a type, but they can't override existing functionality."
LanguageGuide/Extensions.xhtml#note-002,b2c185b98d443ed09d1b98c95271bb2d1a814dfacb60ff6962fcba37b160d0c3,LanguageGuide/Extensions.xhtml,LanguageGuide/Extensions.xhtml#Extension-Syntax,note,swift.extensions.syntax,,mapped-to-canonical-lessons,pending-editorial-validation,pending-technical-validation,"Note If you define an extension to add new functionality to an existing type, the new functionality will be available on all existing instances of that type, even if they were created before the extension was defined."
LanguageGuide/Extensions.xhtml#note-003,393874cdee590728de69027585be736c5de547236c3cb53d902e5378e800f4b3,LanguageGuide/Extensions.xhtml,LanguageGuide/Extensions.xhtml#Computed-Properties,note,swift.extensions.computed-property,,mapped-to-canonical-lessons,pending-editorial-validation,pending-technical-validation,"Note Extensions can add new computed properties, but they can't add stored properties, or add property observers to existing properties."
LanguageGuide/Extensions.xhtml#note-004,d549ba558c5fd2e832eceac4d6b6743fa2fe83302407222eed9c0b7de9f3077d,LanguageGuide/Extensions.xhtml,LanguageGuide/Extensions.xhtml#Initializers,note,swift.extensions.initializer,,mapped-to-canonical-lessons,pending-editorial-validation,pending-technical-validation,"Note If you provide a new initializer with an extension, you are still responsible for making sure that each instance is fully initialized once the initializer completes."
LanguageGuide/Extensions.xhtml#note-005,65bc6280bd2f41d32917d6b54c44dc2cae288eff85830d56a76589a54315302b,LanguageGuide/Extensions.xhtml,LanguageGuide/Extensions.xhtml#Nested-Types,note,swift.extensions.nested,,mapped-to-canonical-lessons,pending-editorial-validation,pending-technical-validation,"Note number.kind is already known to be of type Int.Kind . Because of this, all of the Int.Kind case values can be written in shorthand form inside the switch statement, such as .negative rather than Int.Kind.negative ."
LanguageGuide/Protocols.xhtml#note-001,55a088e1d232c1ff4d0ffe25c7eb2bcec0836154f2f3b8bb77ed03606a3afbf8,LanguageGuide/Protocols.xhtml,LanguageGuide/Protocols.xhtml#Protocol-Syntax,note,swift.protocols.syntax,,mapped-to-canonical-lessons,pending-editorial-validation,pending-technical-validation,"Note Because protocols are types, begin their names with a capital letter (such as FullyNamed and RandomNumberGenerator ) to match the names of other types in Swift (such as Int , String , and Double )."
LanguageGuide/Protocols.xhtml#note-002,005fc35eea80266a0db604726c4677a47a8e0cd83f88fad54cc0209e9f02a993,LanguageGuide/Protocols.xhtml,LanguageGuide/Protocols.xhtml#Mutating-Method-Requirements,note,swift.protocols.mutating-requirement,,mapped-to-canonical-lessons,pending-editorial-validation,pending-technical-validation,"Note If you mark a protocol instance method requirement as mutating , you don't need to write the mutating keyword when writing an implementation of that method for a class. The mutating keyword is only used by structures and enumerations."
LanguageGuide/Protocols.xhtml#note-003,ad74a6fa2dd320b99c21e1c95ca9be79ecfb7ee8b0aefbcf2551f7d9bce562ce,LanguageGuide/Protocols.xhtml,LanguageGuide/Protocols.xhtml#Class-Implementations-of-Protocol-Initializer-Requirements,note,swift.protocols.required-class-init,,mapped-to-canonical-lessons,pending-editorial-validation,pending-technical-validation,"Note You don't need to mark protocol initializer implementations with the required modifier on classes that are marked with the final modifier, because final classes can't be subclassed. For more about the final modifier, see Preventing Ove"
LanguageGuide/Protocols.xhtml#note-004,ff4f2c80af901cfa395a28496d5486dde57712e770bace11847b50c89d0cd9ac,LanguageGuide/Protocols.xhtml,LanguageGuide/Protocols.xhtml#Adding-Protocol-Conformance-with-an-Extension,note,swift.protocols.extension-conformance,,mapped-to-canonical-lessons,pending-editorial-validation,pending-technical-validation,Note Existing instances of a type automatically adopt and conform to a protocol when that conformance is added to the instance's type in an extension.
LanguageGuide/Protocols.xhtml#note-005,8f728b41bcd725f944685ef8060108ed44bd09cae69ced9bca393ed3ab69e8e1,LanguageGuide/Protocols.xhtml,LanguageGuide/Protocols.xhtml#Declaring-Protocol-Adoption-with-an-Extension,note,swift.protocols.declare-adoption,,mapped-to-canonical-lessons,pending-editorial-validation,pending-technical-validation,Note Types don't automatically adopt a protocol just by satisfying its requirements. They must always explicitly declare their adoption of the protocol.
LanguageGuide/Protocols.xhtml#note-006,e06394b0f5cbf8102ee34a04b2d2896cfe91b028ac2a1898595ef9c26eaf4497,LanguageGuide/Protocols.xhtml,LanguageGuide/Protocols.xhtml#Implicit-Conformance-to-a-Protocol,note,swift.protocols.implicit,,mapped-to-canonical-lessons,pending-editorial-validation,pending-technical-validation,"Note In addition to the protocols discussed above, distributed actors implicitly conform to the Codable protocol."
LanguageGuide/Protocols.xhtml#note-007,a66b14f79e73057565c692b1d75b9c00c1cf523717e23aca74b4136974c8c31a,LanguageGuide/Protocols.xhtml,LanguageGuide/Protocols.xhtml#Class-Only-Protocols,note,swift.protocols.class-only,,mapped-to-canonical-lessons,pending-editorial-validation,pending-technical-validation,"Note Use a class-only protocol when the behavior defined by that protocol's requirements assumes or requires that a conforming type has reference semantics rather than value semantics. For more about reference and value semantics, see Struc"
LanguageGuide/Protocols.xhtml#note-008,64a4eb46a59542695ae7e14a5683f4e63a6be93dfd64adfb8e8ea26f92d33ca6,LanguageGuide/Protocols.xhtml,LanguageGuide/Protocols.xhtml#Optional-Protocol-Requirements,note,swift.protocols.optional-requirement,,mapped-to-canonical-lessons,pending-editorial-validation,pending-technical-validation,"Note Strictly speaking, you can write a custom class that conforms to CounterDataSource without implementing either protocol requirement. They're both optional, after all. Although technically allowed, this wouldn't make for a very good dat"
LanguageGuide/Protocols.xhtml#note-009,475fa5adb3fecae583dd9241d4e64ef48b4a746976c7302d3203aa1ba9581e10,LanguageGuide/Protocols.xhtml,LanguageGuide/Protocols.xhtml#Providing-Default-Implementations,note,swift.protocols.default-implementation,,mapped-to-canonical-lessons,pending-editorial-validation,pending-technical-validation,"Note Protocol requirements with default implementations provided by extensions are distinct from optional protocol requirements. Although conforming types don't have to provide their own implementation of either, requirements with default i"
LanguageGuide/Protocols.xhtml#note-010,901c0873728f7085815d5cc5c57d73adfaf0609760e55e61c89c958388e58141,LanguageGuide/Protocols.xhtml,LanguageGuide/Protocols.xhtml#Adding-Constraints-to-Protocol-Extensions,note,swift.protocols.constrained-extension,,mapped-to-canonical-lessons,pending-editorial-validation,pending-technical-validation,"Note If a conforming type satisfies the requirements for multiple constrained extensions that provide implementations for the same method or property, Swift uses the implementation corresponding to the most specialized constraints."
LanguageGuide/Generics.xhtml#note-001,dadfd851be2e7bd659114f83ae9f8cae9bf0a4261ce54a7e68d7154bdecff50e,LanguageGuide/Generics.xhtml,LanguageGuide/Generics.xhtml#The-Problem-that-Generics-Solve,note,swift.generics.problem,,mapped-to-canonical-lessons,pending-editorial-validation,pending-technical-validation,"Note In all three functions, the types of a and b must be the same. If a and b aren't of the same type, it isn't possible to swap their values. Swift is a type-safe language, and doesn't allow (for example) a variable of type String and a v"
LanguageGuide/Generics.xhtml#note-002,6cbf6befb0b13a0a0aeea833edd15a33f3ab5921017850756e2a01624e843d2d,LanguageGuide/Generics.xhtml,LanguageGuide/Generics.xhtml#Generic-Functions,note,swift.generics.function,,mapped-to-canonical-lessons,pending-editorial-validation,pending-technical-validation,"Note The swapTwoValues(_:_:) function defined above is inspired by a generic function called swap , which is part of the Swift standard library, and is automatically made available for you to use in your apps. If you need the behavior of th"
LanguageGuide/Generics.xhtml#note-003,de752a11c5ab531500f8cc8ec18cf1435cf0b1f942de27a971e338eb5c8f79ea,LanguageGuide/Generics.xhtml,LanguageGuide/Generics.xhtml#Naming-Type-Parameters,note,swift.generics.type-parameter,,mapped-to-canonical-lessons,pending-editorial-validation,pending-technical-validation,"Note If you don't need to name a type parameter and its generic type constraints are simple, there's an alternate, lightweight syntax you can use instead, as described in Opaque Parameter Types ."
LanguageGuide/Generics.xhtml#note-004,7879022250b66947c7b77784d3f84dbbf1866183056b85ad410948d535a77e23,LanguageGuide/Generics.xhtml,LanguageGuide/Generics.xhtml#Generic-Types,note,swift.generics.type,,mapped-to-canonical-lessons,pending-editorial-validation,pending-technical-validation,Note The concept of a stack is used by the UINavigationController class to model the view controllers in its navigation hierarchy. You call the UINavigationController class pushViewController(_:animated:) method to add (or push) a view cont
LanguageGuide/AutomaticReferenceCounting.xhtml#note-001,c7573ffeaff8527e86b194e14e3f9f2ba27d6332fc48167e1c27c14f06b160c0,LanguageGuide/AutomaticReferenceCounting.xhtml,LanguageGuide/AutomaticReferenceCounting.xhtml#Weak-References,note,swift.arc.weak,,mapped-to-canonical-lessons,pending-editorial-validation,pending-technical-validation,Note Property observers aren't called when ARC sets a weak reference to nil .
LanguageGuide/AutomaticReferenceCounting.xhtml#note-002,da8992e0b82e68652ee1239f50b6e55ff3b141084fbdc509def8987c83199a4f,LanguageGuide/AutomaticReferenceCounting.xhtml,LanguageGuide/AutomaticReferenceCounting.xhtml#Weak-References,note,swift.arc.weak,,mapped-to-canonical-lessons,pending-editorial-validation,pending-technical-validation,"Note In systems that use garbage collection, weak pointers are sometimes used to implement a simple caching mechanism because objects with no strong references are deallocated only when memory pressure triggers garbage collection. However, "
LanguageGuide/AutomaticReferenceCounting.xhtml#note-003,d4ed98f5f1dc65d805b439921d2a11eb0fe0a13b518745bbabd86785983e5380,LanguageGuide/AutomaticReferenceCounting.xhtml,LanguageGuide/AutomaticReferenceCounting.xhtml#Unowned-References,note,swift.arc.unowned,,mapped-to-canonical-lessons,pending-editorial-validation,pending-technical-validation,"Important Use an unowned reference only when you are sure that the reference always refers to an instance that hasn't been deallocated. If you try to access the value of an unowned reference after that instance has been deallocated, you'll "
LanguageGuide/AutomaticReferenceCounting.xhtml#note-004,f6047b30aa8f4cde4ca998d7bef6b71d12779fe3bed22c9bb4a7d87e1e393dc3,LanguageGuide/AutomaticReferenceCounting.xhtml,LanguageGuide/AutomaticReferenceCounting.xhtml#Unowned-References,note,swift.arc.unowned,,mapped-to-canonical-lessons,pending-editorial-validation,pending-technical-validation,"Note The number property of the CreditCard class is defined with a type of UInt64 rather than Int , to ensure that the number property's capacity is large enough to store a 16-digit card number on both 32-bit and 64-bit systems."
LanguageGuide/AutomaticReferenceCounting.xhtml#note-005,ddc4864b62cf962b8e446f0bac66c770960eb62d0f128d1bd14d01874d485bc5,LanguageGuide/AutomaticReferenceCounting.xhtml,LanguageGuide/AutomaticReferenceCounting.xhtml#Unowned-References,note,swift.arc.unowned,,mapped-to-canonical-lessons,pending-editorial-validation,pending-technical-validation,"Note The examples above show how to use safe unowned references. Swift also provides unsafe unowned references for cases where you need to disable runtime safety checks—for example, for performance reasons. As with all unsafe operations, yo"
LanguageGuide/AutomaticReferenceCounting.xhtml#note-006,fce070c16e0fd15797d3e0e0706e474dbae5b0ef291d5ebc9e8690d701306aff,LanguageGuide/AutomaticReferenceCounting.xhtml,LanguageGuide/AutomaticReferenceCounting.xhtml#Unowned-Optional-References,note,swift.arc.unowned-optional,,mapped-to-canonical-lessons,pending-editorial-validation,pending-technical-validation,"Note The underlying type of an optional value is Optional , which is an enumeration in the Swift standard library. However, optionals are an exception to the rule that value types can't be marked with unowned . The optional that wraps the c"
LanguageGuide/AutomaticReferenceCounting.xhtml#note-007,0c4d256e2a7358d94eed2577433e97462ab553792e674970a998c575a43816b0,LanguageGuide/AutomaticReferenceCounting.xhtml,LanguageGuide/AutomaticReferenceCounting.xhtml#Strong-Reference-Cycles-for-Closures,note,swift.arc.closure-cycle,,mapped-to-canonical-lessons,pending-editorial-validation,pending-technical-validation,"Note The asHTML property is declared as a lazy property, because it's only needed if and when the element actually needs to be rendered as a string value for some HTML output target. The fact that asHTML is a lazy property means that you ca"
LanguageGuide/AutomaticReferenceCounting.xhtml#note-008,e2ee6ac9c1bef000031609540e7ba1f3da9de4028bf61a10788ec01493d4b9a8,LanguageGuide/AutomaticReferenceCounting.xhtml,LanguageGuide/AutomaticReferenceCounting.xhtml#Strong-Reference-Cycles-for-Closures,note,swift.arc.closure-cycle,,mapped-to-canonical-lessons,pending-editorial-validation,pending-technical-validation,"Note The paragraph variable above is defined as an optional HTMLElement , so that it can be set to nil below to demonstrate the presence of a strong reference cycle."
LanguageGuide/AutomaticReferenceCounting.xhtml#note-009,0c48b932fa148d168c2941571648bf9cf9256229d372f186b0bce4a9c410a278,LanguageGuide/AutomaticReferenceCounting.xhtml,LanguageGuide/AutomaticReferenceCounting.xhtml#Strong-Reference-Cycles-for-Closures,note,swift.arc.closure-cycle,,mapped-to-canonical-lessons,pending-editorial-validation,pending-technical-validation,"Note Even though the closure refers to self multiple times, it only captures one strong reference to the HTMLElement instance."
LanguageGuide/AutomaticReferenceCounting.xhtml#note-010,f1217429b191fccde7c57cdbb9edc1040c802fad98c8c3f6c3750fa2e239cb5a,LanguageGuide/AutomaticReferenceCounting.xhtml,LanguageGuide/AutomaticReferenceCounting.xhtml#Resolving-Strong-Reference-Cycles-for-Closures,note,swift.arc.capture-list|swift.arc.weak-vs-unowned,,mapped-to-canonical-lessons,pending-editorial-validation,pending-technical-validation,Note Swift requires you to write self.someProperty or self.someMethod() (rather than just someProperty or someMethod() ) whenever you refer to a member of self within a closure. This helps you remember that it's possible to capture self by 
LanguageGuide/AutomaticReferenceCounting.xhtml#note-011,221f856a6905fae5bc12dc6f30528f9f84c86d5de243a059a3a72610f8b4ba1c,LanguageGuide/AutomaticReferenceCounting.xhtml,LanguageGuide/AutomaticReferenceCounting.xhtml#Weak-and-Unowned-References,note,swift.arc.weak-vs-unowned,,mapped-to-canonical-lessons,pending-editorial-validation,pending-technical-validation,"Note If the captured reference will never become nil , it should always be captured as an unowned reference, rather than a weak reference."
LanguageGuide/MemorySafety.xhtml#note-001,7281c97563ee4b7953cea6b8092eab686c4bd03bd2cbf119640c4e8b41bde38e,LanguageGuide/MemorySafety.xhtml,LanguageGuide/MemorySafety.xhtml#Understanding-Conflicting-Access-to-Memory,note,swift.memory.conflict,,mapped-to-canonical-lessons,pending-editorial-validation,pending-technical-validation,"Note If you've written concurrent or multithreaded code, conflicting access to memory might be a familiar problem. However, the conflicting access discussed here can happen on a single thread and doesn't involve concurrent or multithreaded "
LanguageGuide/MemorySafety.xhtml#note-002,243641be1ff99ce97c52e4cf4243be82adb60e6ecb808d9298e76a84960a4bbd,LanguageGuide/MemorySafety.xhtml,LanguageGuide/MemorySafety.xhtml#Conflicting-Access-to-In-Out-Parameters,note,swift.memory.inout,,mapped-to-canonical-lessons,pending-editorial-validation,pending-technical-validation,"Note Because operators are functions, they can also have long-term accesses to their in-out parameters. For example, if balance(_:_:) was an operator function named <^> , writing playerOneScore <^> playerOneScore would result in the same co"
LanguageGuide/AccessControl.xhtml#note-001,f379070e9b55e02247ceb8cf69113b99a79e74ac8a6a329938c7df7bf77d470e,LanguageGuide/AccessControl.xhtml,LanguageGuide/AccessControl.xhtml#access-control,note,swift.access.levels,,mapped-to-canonical-lessons,pending-editorial-validation,pending-technical-validation,"Note The various aspects of your code that can have access control applied to them (properties, types, functions, and so on) are referred to as “entities” in the sections below, for brevity."
LanguageGuide/AccessControl.xhtml#note-002,ea7c2e70dead97ab1779134a148f10653a046c2eb9e5aad8d44c7cccdbc301fe,LanguageGuide/AccessControl.xhtml,LanguageGuide/AccessControl.xhtml#Access-Levels-for-Frameworks,note,swift.access.framework,,mapped-to-canonical-lessons,pending-editorial-validation,pending-technical-validation,"Note Any internal implementation details of your framework can still use the default access level of internal, or can be marked as private or file private if you want to hide them from other parts of the framework's internal code. You need "
LanguageGuide/AccessControl.xhtml#note-003,79c4a04490bcdf603b04a08f565f4dad42e8186c83c990c125b0d0ef4e52f75f,LanguageGuide/AccessControl.xhtml,LanguageGuide/AccessControl.xhtml#Custom-Types,note,swift.access.custom-type,,mapped-to-canonical-lessons,pending-editorial-validation,pending-technical-validation,"Important A public type defaults to having internal members, not public members. If you want a type member to be public, you must explicitly mark it as such. This requirement ensures that the public-facing API for a type is something you op"
LanguageGuide/AccessControl.xhtml#note-004,91971fc2f91cfdf38f939ca1aab05304d7a9ea45b59060b2b3986843ab024b7c,LanguageGuide/AccessControl.xhtml,LanguageGuide/AccessControl.xhtml#Tuple-Types,note,swift.access.tuple,,mapped-to-canonical-lessons,pending-editorial-validation,pending-technical-validation,"Note Tuple types don't have a standalone definition in the way that classes, structures, enumerations, and functions do. A tuple type's access level is determined automatically from the types that make up the tuple type, and can't be specif"
LanguageGuide/AccessControl.xhtml#note-005,a4e8cfa64ebcab7a7773a27abcc3efa251512ddd1e402984b6aa611afad4a467,LanguageGuide/AccessControl.xhtml,LanguageGuide/AccessControl.xhtml#Getters-and-Setters,note,swift.access.private-set,,mapped-to-canonical-lessons,pending-editorial-validation,pending-technical-validation,"Note This rule applies to stored properties as well as computed properties. Even though you don't write an explicit getter and setter for a stored property, Swift still synthesizes an implicit getter and setter for you to provide access to "
LanguageGuide/AccessControl.xhtml#note-006,a3a673a5a2030f1efbd7faa28b2e53e01b5646095c90181a33d3cde03aa1e9d9,LanguageGuide/AccessControl.xhtml,LanguageGuide/AccessControl.xhtml#Protocols,note,swift.access.protocol,,mapped-to-canonical-lessons,pending-editorial-validation,pending-technical-validation,"Note If you define a public protocol, the protocol's requirements require a public access level for those requirements when they're implemented. This behavior is different from other types, where a public type definition implies an access l"
LanguageGuide/AccessControl.xhtml#note-007,2f8bc4d3aa183c4cdadb124f221b2e6f542a752c953a03a953b9d6ac8702ad0f,LanguageGuide/AccessControl.xhtml,LanguageGuide/AccessControl.xhtml#Protocol-Conformance,note,swift.access.protocol,,mapped-to-canonical-lessons,pending-editorial-validation,pending-technical-validation,"Note In Swift, as in Objective-C, protocol conformance is global—it isn't possible for a type to conform to a protocol in two different ways within the same program."
LanguageGuide/AccessControl.xhtml#note-008,124e38f1ed30e087382d367a08d004d844978c5e27af68b9537c3a3d9d62d754,LanguageGuide/AccessControl.xhtml,LanguageGuide/AccessControl.xhtml#Type-Aliases,note,swift.access.generic-alias,,mapped-to-canonical-lessons,pending-editorial-validation,pending-technical-validation,Note This rule also applies to type aliases for associated types used to satisfy protocol conformances.
LanguageGuide/AdvancedOperators.xhtml#note-001,09ed74058d725094b3af88a61b26eecd10324ffdd73b0b99383dc465b755216f,LanguageGuide/AdvancedOperators.xhtml,LanguageGuide/AdvancedOperators.xhtml#Precedence-and-Associativity,note,swift.operators.precedence,,mapped-to-canonical-lessons,pending-editorial-validation,pending-technical-validation,"Note Swift's operator precedences and associativity rules are simpler and more predictable than those found in C and Objective-C. However, this means that they aren't exactly the same as in C-based languages. Be careful to ensure that opera"
LanguageGuide/AdvancedOperators.xhtml#note-002,d1a85dd198e885956e7c330408d92447575d989082481c8a2c889c3edfa5a051,LanguageGuide/AdvancedOperators.xhtml,LanguageGuide/AdvancedOperators.xhtml#Compound-Assignment-Operators,note,swift.operators.compound,,mapped-to-canonical-lessons,pending-editorial-validation,pending-technical-validation,"Note It isn't possible to overload the default assignment operator ( = ). Only the compound assignment operators can be overloaded. Similarly, the ternary conditional operator ( a ? b : c ) can't be overloaded."
LanguageGuide/AdvancedOperators.xhtml#note-003,bb36ff7b2aff8869608f438345958bfdbba131d836d24afcd69e199f17ccd964,LanguageGuide/AdvancedOperators.xhtml,LanguageGuide/AdvancedOperators.xhtml#Precedence-for-Custom-Infix-Operators,note,swift.operators.precedence-group,,mapped-to-canonical-lessons,pending-editorial-validation,pending-technical-validation,"Note You don't specify a precedence when defining a prefix or postfix operator. However, if you apply both a prefix and a postfix operator to the same operand, the postfix operator is applied first."
ReferenceManual/LexicalStructure.xhtml#note-001,8444369d8743f31a651f8d8e2f1b9103091eb48e9e9a00741aa024eae0dd785d,ReferenceManual/LexicalStructure.xhtml,ReferenceManual/LexicalStructure.xhtml#Keywords-and-Punctuation,note,swift.lexical.escaped-identifier,,mapped-to-canonical-lessons,pending-editorial-validation,pending-technical-validation,"Note Prior to Swift 5.9, the following keywords were reserved: #column , #dsohandle , #error , #fileID , #filePath , #file , #function , #line , and #warning . These are now implemented as macros in the Swift standard library: column , dsoh"
ReferenceManual/LexicalStructure.xhtml#note-002,b128d08d92083b14e70ec4535c44e401ad4fa12b8baeff33c9783cfe8bdabfa0,ReferenceManual/LexicalStructure.xhtml,ReferenceManual/LexicalStructure.xhtml#Operators,note,swift.operators.custom|swift.operators.terminology,,mapped-to-canonical-lessons,pending-editorial-validation,pending-technical-validation,"Note The tokens = , -> , // , /* , */ , . , the prefix operators < , & , and ? , the infix operator ? , and the postfix operators > , ! , and ? are reserved. These tokens can't be overloaded, nor can they be used as custom operators."
ReferenceManual/Expressions.xhtml#note-001,11b8c718c6a2d8c720b11b424a8d81ec12655664863e27e16e93be98dc2f0389,ReferenceManual/Expressions.xhtml,ReferenceManual/Expressions.xhtml#Infix-Expressions,note,swift.operators.terminology,,mapped-to-canonical-lessons,pending-editorial-validation,pending-technical-validation,"Note At parse time, an expression made up of infix operators is represented as a flat list. This list is transformed into a tree by applying operator precedence. For example, the expression 2 + 3 * 5 is initially understood as a flat list o"
ReferenceManual/Expressions.xhtml#note-002,26a1f4419570142b7097a72229d23d5c367d832287d609752183bd4b169c5d30,ReferenceManual/Expressions.xhtml,ReferenceManual/Expressions.xhtml#Literal-Expression,note,swift.literals.integer-radix|swift.strings.literal,,mapped-to-canonical-lessons,pending-editorial-validation,pending-technical-validation,"Note Prior to Swift 5.9, the following special literals were recognized: #column , #dsohandle , #fileID , #filePath , #file , #function , and #line . These are now implemented as macros in the Swift standard library: column() , dsohandle() "
ReferenceManual/Expressions.xhtml#note-003,0761847e22d632818f4618cc400c8a12c000a9aa6bc828aef226787cb58a4097,ReferenceManual/Expressions.xhtml,ReferenceManual/Expressions.xhtml#Tuple-Expression,note,swift.tuples.creation,,mapped-to-canonical-lessons,pending-editorial-validation,pending-technical-validation,"Note Both an empty tuple expression and an empty tuple type are written () in Swift. Because Void is a type alias for () , you can use it to write an empty tuple type. However, like all type aliases, Void is always a type—you can't use it t"
ReferenceManual/Expressions.xhtml#note-004,e791243f567af60587863aee0c1b7d22107d431a8a124e2b13e89fd045be48e5,ReferenceManual/Expressions.xhtml,ReferenceManual/Expressions.xhtml#Selector-Expression,note,swift.expressions.selector,,mapped-to-canonical-lessons,pending-editorial-validation,pending-technical-validation,"Note Although the method name and the property name are expressions, they're never evaluated."
ReferenceManual/Expressions.xhtml#note-005,82f1692d2c84cd06b0553345b9f1aabd226250415327a90f5f32a05a6d9366c4,ReferenceManual/Expressions.xhtml,ReferenceManual/Expressions.xhtml#Key-Path-String-Expression,note,swift.expressions.keypath-string,,mapped-to-canonical-lessons,pending-editorial-validation,pending-technical-validation,"Note Although the property name is an expression, it's never evaluated."
ReferenceManual/Expressions.xhtml#note-006,9ef171aaf7367e6ebbf7794d0cf869966d74a3a41c4e645cd63f9ff89fa74159,ReferenceManual/Expressions.xhtml,ReferenceManual/Expressions.xhtml#Implicit-Conversion-to-a-Pointer-Type,note,swift.expressions.pointer-conversion,,mapped-to-canonical-lessons,pending-editorial-validation,pending-technical-validation,"Note When implicitly converting an array to an unsafe pointer, Swift ensures that the array's storage is contiguous by converting or copying the array as needed. For example, you can use this syntax with an array that was bridged to Array f"
ReferenceManual/Statements.xhtml#note-001,4192db475c68c1ccc7b7db1bb80aecb77acd091f7558ec58817c471aee836f77,ReferenceManual/Statements.xhtml,ReferenceManual/Statements.xhtml#Return-Statement,note,swift.functions.implicit-return,,mapped-to-canonical-lessons,pending-editorial-validation,pending-technical-validation,"Note As described in Failable Initializers , a special form of the return statement ( return nil ) can be used in a failable initializer to indicate initialization failure."
ReferenceManual/Statements.xhtml#note-002,00a0f478548a0f12106423b81ec8aa15f2d8467aff2c361085201c12945f2a94,ReferenceManual/Statements.xhtml,ReferenceManual/Statements.xhtml#Conditional-Compilation-Block,note,swift.compiler.conditional,,mapped-to-canonical-lessons,pending-editorial-validation,pending-technical-validation,Note The arch(arm) platform condition doesn't return true for ARM 64 devices. The arch(i386) platform condition returns true when code is compiled for the 32–bit iOS simulator.
ReferenceManual/Statements.xhtml#note-003,0455f8cacf9434240ee9b5b363864d5249a84c03f83347fcc24a96d3c53c134f,ReferenceManual/Statements.xhtml,ReferenceManual/Statements.xhtml#Conditional-Compilation-Block,note,swift.compiler.conditional,,mapped-to-canonical-lessons,pending-editorial-validation,pending-technical-validation,"Note Each statement in the body of a conditional compilation block is parsed even if it's not compiled. However, there's an exception if the compilation condition includes a swift() or compiler() platform condition: The statements are parse"
ReferenceManual/Declarations.xhtml#note-001,61c6c2318b8b0568a0b8843ba5f8b76cc0861d485c3807dc5f713c29d86c3d18,ReferenceManual/Declarations.xhtml,ReferenceManual/Declarations.xhtml#Constant-Declaration,note,swift.bindings.constants,,mapped-to-canonical-lessons,pending-editorial-validation,pending-technical-validation,"Note Definite initialization can't construct proofs that require domain knowledge, and its ability to track state across conditionals has a limit. If you can determine that constant always has a value set, but the compiler can't prove this "
ReferenceManual/Declarations.xhtml#note-002,853ac95d8798f10531a6b25e40dba5a43103b1ccd1fa0b7dd200b8c5150a9e44,ReferenceManual/Declarations.xhtml,ReferenceManual/Declarations.xhtml#Variable-Declaration,note,swift.bindings.constants,,mapped-to-canonical-lessons,pending-editorial-validation,pending-technical-validation,"Note You can also declare properties in the context of a protocol declaration, as described in Protocol Property Declaration ."
ReferenceManual/Declarations.xhtml#note-003,c0f1c67d605dbbf89624319ccff98e270c0522f83388c3b6544de831d94f7ef0,ReferenceManual/Declarations.xhtml,ReferenceManual/Declarations.xhtml#Protocol-Declaration,note,swift.protocols.syntax,,mapped-to-canonical-lessons,pending-editorial-validation,pending-technical-validation,"Note You can also aggregate the conformance requirements of multiple protocols using protocol composition types, as described in Protocol Composition Type and Protocol Composition ."
ReferenceManual/Declarations.xhtml#note-004,411a914ae99bfb71e05849625d2b6fd5d1c9a2b68d0d34dac0c5b1abf315b570,ReferenceManual/Declarations.xhtml,ReferenceManual/Declarations.xhtml#Protocol-Declaration,note,swift.protocols.syntax,,mapped-to-canonical-lessons,pending-editorial-validation,pending-technical-validation,"Note If a protocol is marked with the objc attribute, the AnyObject requirement is implicitly applied to that protocol; there’s no need to mark the protocol with the AnyObject requirement explicitly."
ReferenceManual/Declarations.xhtml#note-005,0e92bc6234820db0e3f9d9abfdb78e005bcce5c6f1f73daf5eebc9261123142d,ReferenceManual/Declarations.xhtml,ReferenceManual/Declarations.xhtml#Initializer-Declaration,note,swift.initialization.basic,,mapped-to-canonical-lessons,pending-editorial-validation,pending-technical-validation,"Note If you mark an initializer with the required declaration modifier, you don't also mark the initializer with the override modifier when you override the required initializer in a subclass."
ReferenceManual/Declarations.xhtml#note-006,04ab5babcbc87e16c921f413d4e3967ef53d1b136d714f85e51fc994aaf6b202,ReferenceManual/Declarations.xhtml,ReferenceManual/Declarations.xhtml#Precedence-Group-Declaration,note,swift.operators.precedence-group,,mapped-to-canonical-lessons,pending-editorial-validation,pending-technical-validation,"Note Precedence groups related to each other using lower group names and higher group names must fit into a single relational hierarchy, but they don't have to form a linear hierarchy. This means it's possible to have precedence groups with"
ReferenceManual/Attributes.xhtml#note-001,31bcd22a9454458114cc3f8741c6fae31308ce161b852bd1df73951521a72822,ReferenceManual/Attributes.xhtml,ReferenceManual/Attributes.xhtml#backDeployed,note,swift.attributes.back-deployed,,mapped-to-canonical-lessons,pending-editorial-validation,pending-technical-validation,"Note When the caller's minimum deployment target is the same as or greater than the first version of the SDK that includes the symbol, the compiler can optimize away the runtime check and call the SDK's implementation directly. In this case"
ReferenceManual/Attributes.xhtml#note-002,ab6b0ee441b90c14f52993953b108a63c50be29373b205adca2fdc34aa52957d,ReferenceManual/Attributes.xhtml,ReferenceManual/Attributes.xhtml#NSApplicationMain,note,swift.attributes.main,,mapped-to-canonical-lessons,pending-editorial-validation,pending-technical-validation,"Deprecated This attribute is deprecated; use the main attribute instead. In Swift 6, using this attribute produces a compile-time error."
ReferenceManual/Attributes.xhtml#note-003,d18e19c5ff397a2ca4f36c21c9d89b683009ef2e264de47e6451d9f96bd99ea6,ReferenceManual/Attributes.xhtml,ReferenceManual/Attributes.xhtml#objc,note,swift.attributes.objc-control,,mapped-to-canonical-lessons,pending-editorial-validation,pending-technical-validation,"Note The argument to the objc attribute can also change the runtime name for that declaration. You use the runtime name when calling functions that interact with the Objective-C runtime, like NSClassFromString(_:) , and when specifying clas"
ReferenceManual/Attributes.xhtml#note-004,ab6b0ee441b90c14f52993953b108a63c50be29373b205adca2fdc34aa52957d,ReferenceManual/Attributes.xhtml,ReferenceManual/Attributes.xhtml#UIApplicationMain,note,swift.attributes.main,,mapped-to-canonical-lessons,pending-editorial-validation,pending-technical-validation,"Deprecated This attribute is deprecated; use the main attribute instead. In Swift 6, using this attribute produces a compile-time error."
