source_version,category,source_file,source_reference,section_id,heading_level,section_path,heading,classification,canonical_skill_ids,lesson_ids,review_status,notes
The Swift Programming Language (Swift 6.4 beta),publication-metadata,cover.xhtml,cover.xhtml#coverpage,cover-xhtml.001.beta-the-swift-programming-language-swift-6-4-edition-based-on-the-swift-org-source,1,Beta — The Swift Programming Language — Swift 6.4 Edition — Based on the Swift.org source,Beta — The Swift Programming Language — Swift 6.4 Edition — Based on the Swift.org source,context,,,reviewed-no-lesson,"Reviewed as publication metadata, licensing, acknowledgments, or revision history; no language-learning interaction required."
The Swift Programming Language (Swift 6.4 beta),guided-tour,GuidedTour/GuidedTourPart.xhtml,GuidedTour/GuidedTourPart.xhtml#welcome-to-swift,guidedtour-guidedtourpart-xhtml.001.welcome-to-swift,1,Welcome to Swift,Welcome to Swift,context,,,reviewed-no-lesson,Reviewed as introductory or compatibility context; no distinct interaction required.
The Swift Programming Language (Swift 6.4 beta),guided-tour,GuidedTour/AboutSwift.xhtml,GuidedTour/AboutSwift.xhtml#about-swift,guidedtour-aboutswift-xhtml.001.about-swift,1,About Swift,About Swift,context,,,reviewed-no-lesson,Reviewed as introductory or compatibility context; no distinct interaction required.
The Swift Programming Language (Swift 6.4 beta),guided-tour,GuidedTour/Compatibility.xhtml,GuidedTour/Compatibility.xhtml#version-compatibility,guidedtour-compatibility-xhtml.001.version-compatibility,1,Version Compatibility,Version Compatibility,context,,,reviewed-no-lesson,Reviewed as introductory or compatibility context; no distinct interaction required.
The Swift Programming Language (Swift 6.4 beta),guided-tour,GuidedTour/GuidedTour.xhtml,GuidedTour/GuidedTour.xhtml#a-swift-tour,guidedtour-guidedtour-xhtml.001.a-swift-tour,1,A Swift Tour,A Swift Tour,context,,,reviewed-no-lesson,Reviewed as introductory or compatibility context; no distinct interaction required.
The Swift Programming Language (Swift 6.4 beta),guided-tour,GuidedTour/GuidedTour.xhtml,GuidedTour/GuidedTour.xhtml#Simple-Values,guidedtour-guidedtour-xhtml.002.simple-values,2,A Swift Tour > Simple Values,Simple Values,teachable,swift.bindings.constants|swift.bindings.type-annotations|swift.output.string-interpolation,swift.bindings.constants|swift.bindings.type-annotations|swift.output.string-interpolation,reviewed-implemented,Mapped to existing canonical lessons; no duplicate tour lesson.
The Swift Programming Language (Swift 6.4 beta),guided-tour,GuidedTour/GuidedTour.xhtml,GuidedTour/GuidedTour.xhtml#Control-Flow,guidedtour-guidedtour-xhtml.003.control-flow,2,A Swift Tour > Control Flow,Control Flow,teachable,swift.conditionals.if-else|swift.loops.for-in|swift.switches.exhaustive,swift.conditionals.if-else|swift.loops.for-in|swift.switches.exhaustive,reviewed-implemented,Mapped to existing canonical lessons; no duplicate tour lesson.
The Swift Programming Language (Swift 6.4 beta),guided-tour,GuidedTour/GuidedTour.xhtml,GuidedTour/GuidedTour.xhtml#Functions-and-Closures,guidedtour-guidedtour-xhtml.004.functions-and-closures,2,A Swift Tour > Functions and Closures,Functions and Closures,teachable,swift.functions.define-call|swift.closures.expression-syntax,swift.functions.define-call|swift.closures.expression-syntax,reviewed-implemented,Mapped to existing canonical lessons; no duplicate tour lesson.
The Swift Programming Language (Swift 6.4 beta),guided-tour,GuidedTour/GuidedTour.xhtml,GuidedTour/GuidedTour.xhtml#Objects-and-Classes,guidedtour-guidedtour-xhtml.005.objects-and-classes,2,A Swift Tour > Objects and Classes,Objects and Classes,teachable,swift.types.class-definition|swift.initialization.basic|swift.inheritance.subclass,swift.types.class-definition|swift.initialization.basic|swift.inheritance.subclass,reviewed-implemented,Mapped to existing canonical lessons; no duplicate tour lesson.
The Swift Programming Language (Swift 6.4 beta),guided-tour,GuidedTour/GuidedTour.xhtml,GuidedTour/GuidedTour.xhtml#Enumerations-and-Structures,guidedtour-guidedtour-xhtml.006.enumerations-and-structures,2,A Swift Tour > Enumerations and Structures,Enumerations and Structures,teachable,swift.enums.syntax|swift.types.structure-definition,swift.enums.syntax|swift.types.structure-definition,reviewed-implemented,Mapped to existing canonical lessons; no duplicate tour lesson.
The Swift Programming Language (Swift 6.4 beta),guided-tour,GuidedTour/GuidedTour.xhtml,GuidedTour/GuidedTour.xhtml#Concurrency,guidedtour-guidedtour-xhtml.007.concurrency,2,A Swift Tour > Concurrency,Concurrency,teachable,swift.concurrency.async-function|swift.concurrency.actor,swift.concurrency.async-function|swift.concurrency.actor,reviewed-implemented,Mapped to existing canonical lessons; no duplicate tour lesson.
The Swift Programming Language (Swift 6.4 beta),guided-tour,GuidedTour/GuidedTour.xhtml,GuidedTour/GuidedTour.xhtml#Protocols-and-Extensions,guidedtour-guidedtour-xhtml.008.protocols-and-extensions,2,A Swift Tour > Protocols and Extensions,Protocols and Extensions,teachable,swift.protocols.syntax|swift.extensions.syntax,swift.protocols.syntax|swift.extensions.syntax,reviewed-implemented,Mapped to existing canonical lessons; no duplicate tour lesson.
The Swift Programming Language (Swift 6.4 beta),guided-tour,GuidedTour/GuidedTour.xhtml,GuidedTour/GuidedTour.xhtml#Error-Handling,guidedtour-guidedtour-xhtml.009.error-handling,2,A Swift Tour > Error Handling,Error Handling,teachable,swift.errors.throw|swift.errors.do-catch,swift.errors.throw|swift.errors.do-catch,reviewed-implemented,Mapped to existing canonical lessons; no duplicate tour lesson.
The Swift Programming Language (Swift 6.4 beta),guided-tour,GuidedTour/GuidedTour.xhtml,GuidedTour/GuidedTour.xhtml#Generics,guidedtour-guidedtour-xhtml.010.generics,2,A Swift Tour > Generics,Generics,teachable,swift.generics.function,swift.generics.function,reviewed-implemented,Mapped to existing canonical lessons; no duplicate tour lesson.
The Swift Programming Language (Swift 6.4 beta),language-guide,LanguageGuide/LanguageGuidePart.xhtml,LanguageGuide/LanguageGuidePart.xhtml#language-guide,languageguide-languageguidepart-xhtml.001.language-guide,1,Language Guide,Language Guide,context,,,reviewed-no-lesson,Reviewed as the Language Guide part divider; no distinct interaction required.
The Swift Programming Language (Swift 6.4 beta),language-guide,LanguageGuide/TheBasics.xhtml,LanguageGuide/TheBasics.xhtml#the-basics,languageguide-thebasics-xhtml.001.the-basics,1,The Basics,The Basics,overview,,,reviewed-no-lesson,Chapter introduction previews foundational types; its teachable rules are mapped to the child sections.
The Swift Programming Language (Swift 6.4 beta),language-guide,LanguageGuide/TheBasics.xhtml,LanguageGuide/TheBasics.xhtml#Constants-and-Variables,languageguide-thebasics-xhtml.002.constants-and-variables,2,The Basics > Constants and Variables,Constants and Variables,teaches,swift.bindings.constants,swift.bindings.constants,reviewed-implemented,Introduced by the first code-choice lesson.
The Swift Programming Language (Swift 6.4 beta),language-guide,LanguageGuide/TheBasics.xhtml,LanguageGuide/TheBasics.xhtml#Declaring-Constants-and-Variables,languageguide-thebasics-xhtml.003.declaring-constants-and-variables,3,The Basics > Constants and Variables > Declaring Constants and Variables,Declaring Constants and Variables,teaches,swift.bindings.constants,swift.bindings.constants,reviewed-implemented,Source detail for choosing let when a value does not change.
The Swift Programming Language (Swift 6.4 beta),language-guide,LanguageGuide/TheBasics.xhtml,LanguageGuide/TheBasics.xhtml#Type-Annotations,languageguide-thebasics-xhtml.004.type-annotations,3,The Basics > Constants and Variables > Type Annotations,Type Annotations,teaches,swift.bindings.type-annotations,swift.bindings.type-annotations,reviewed-implemented,Introduced by the second sequential code-choice lesson.
The Swift Programming Language (Swift 6.4 beta),language-guide,LanguageGuide/TheBasics.xhtml,LanguageGuide/TheBasics.xhtml#Naming-Constants-and-Variables,languageguide-thebasics-xhtml.005.naming-constants-and-variables,3,The Basics > Constants and Variables > Naming Constants and Variables,Naming Constants and Variables,teaches,swift.bindings.identifier-naming,swift.bindings.identifier-naming,reviewed-implemented,Introduced by the third sequential code-choice lesson.
The Swift Programming Language (Swift 6.4 beta),language-guide,LanguageGuide/TheBasics.xhtml,LanguageGuide/TheBasics.xhtml#Printing-Constants-and-Variables,languageguide-thebasics-xhtml.006.printing-constants-and-variables,3,The Basics > Constants and Variables > Printing Constants and Variables,Printing Constants and Variables,teaches,swift.output.string-interpolation,swift.output.string-interpolation,reviewed-implemented,Introduced by the fourth sequential code-choice lesson.
The Swift Programming Language (Swift 6.4 beta),language-guide,LanguageGuide/TheBasics.xhtml,LanguageGuide/TheBasics.xhtml#Comments,languageguide-thebasics-xhtml.007.comments,2,The Basics > Comments,Comments,teaches,swift.comments.single-line|swift.comments.multiline|swift.comments.nested-multiline,swift.comments.single-line|swift.comments.multiline|swift.comments.nested-multiline,reviewed-implemented,Three ordered lessons cover single-line multiline and nested multiline comments.
The Swift Programming Language (Swift 6.4 beta),language-guide,LanguageGuide/TheBasics.xhtml,LanguageGuide/TheBasics.xhtml#Semicolons,languageguide-thebasics-xhtml.008.semicolons,2,The Basics > Semicolons,Semicolons,teaches,swift.statements.semicolon,swift.statements.semicolon,reviewed-implemented,Eighth ordered lesson covers separating multiple statements on one line.
The Swift Programming Language (Swift 6.4 beta),language-guide,LanguageGuide/TheBasics.xhtml,LanguageGuide/TheBasics.xhtml#Integers,languageguide-thebasics-xhtml.009.integers,2,The Basics > Integers,Integers,teaches,swift.numbers.integer-exactness|swift.numbers.fixed-point,swift.numbers.integer-exactness|swift.numbers.fixed-point,reviewed-implemented,Lessons distinguish exact whole-number arithmetic and fixed-point integer storage.
The Swift Programming Language (Swift 6.4 beta),language-guide,LanguageGuide/TheBasics.xhtml,LanguageGuide/TheBasics.xhtml#Integer-Bounds,languageguide-thebasics-xhtml.010.integer-bounds,3,The Basics > Integers > Integer Bounds,Integer Bounds,teaches,swift.numbers.integer-bounds,swift.numbers.integer-bounds,reviewed-implemented,Lesson uses the min and max type-property rule.
The Swift Programming Language (Swift 6.4 beta),language-guide,LanguageGuide/TheBasics.xhtml,LanguageGuide/TheBasics.xhtml#Int,languageguide-thebasics-xhtml.011.int,3,The Basics > Integers > Int,Int,teaches,swift.numbers.int-default,swift.numbers.int-default,reviewed-implemented,Lesson selects Int when no exact width is required.
The Swift Programming Language (Swift 6.4 beta),language-guide,LanguageGuide/TheBasics.xhtml,LanguageGuide/TheBasics.xhtml#UInt,languageguide-thebasics-xhtml.012.uint,3,The Basics > Integers > UInt,UInt,teaches,swift.numbers.uint-selection,swift.numbers.uint-selection,reviewed-implemented,Lesson limits UInt selection to an explicit native-width unsigned requirement.
The Swift Programming Language (Swift 6.4 beta),language-guide,LanguageGuide/TheBasics.xhtml,LanguageGuide/TheBasics.xhtml#Floating-Point-Numbers,languageguide-thebasics-xhtml.013.floating-point-numbers,2,The Basics > Floating-Point Numbers,Floating-Point Numbers,teaches,swift.numbers.floating-point|swift.numbers.floating-point-approximation,swift.numbers.floating-point|swift.numbers.floating-point-approximation,reviewed-implemented,Lessons cover general Double selection and representable-value rounding.
The Swift Programming Language (Swift 6.4 beta),language-guide,LanguageGuide/TheBasics.xhtml,LanguageGuide/TheBasics.xhtml#Type-Safety-and-Type-Inference,languageguide-thebasics-xhtml.014.type-safety-and-type-inference,2,The Basics > Type Safety and Type Inference,Type Safety and Type Inference,teaches,swift.types.safety|swift.types.inference,swift.types.safety|swift.types.inference,reviewed-implemented,Lessons cover matching stored types and inferred floating-point type.
The Swift Programming Language (Swift 6.4 beta),language-guide,LanguageGuide/TheBasics.xhtml,LanguageGuide/TheBasics.xhtml#Numeric-Literals,languageguide-thebasics-xhtml.015.numeric-literals,2,The Basics > Numeric Literals,Numeric Literals,teaches,swift.literals.integer-radix|swift.literals.exponent|swift.literals.readability,swift.literals.integer-radix|swift.literals.exponent|swift.literals.readability,reviewed-implemented,Lessons cover radix prefixes exponent notation and underscore formatting.
The Swift Programming Language (Swift 6.4 beta),language-guide,LanguageGuide/TheBasics.xhtml,LanguageGuide/TheBasics.xhtml#Numeric-Type-Conversion,languageguide-thebasics-xhtml.016.numeric-type-conversion,2,The Basics > Numeric Type Conversion,Numeric Type Conversion,teaches,swift.numbers.int-default|swift.numbers.integer-conversion|swift.numbers.integer-to-floating|swift.numbers.floating-to-integer,swift.numbers.int-default|swift.numbers.integer-conversion|swift.numbers.integer-to-floating|swift.numbers.floating-to-integer,reviewed-implemented,Canonical conversion skills are introduced once and reused by child sections.
The Swift Programming Language (Swift 6.4 beta),language-guide,LanguageGuide/TheBasics.xhtml,LanguageGuide/TheBasics.xhtml#Integer-Conversion,languageguide-thebasics-xhtml.017.integer-conversion,3,The Basics > Numeric Type Conversion > Integer Conversion,Integer Conversion,teaches,swift.numbers.integer-conversion,swift.numbers.integer-conversion,reviewed-implemented,Lesson explicitly converts UInt8 to UInt16 before addition.
The Swift Programming Language (Swift 6.4 beta),language-guide,LanguageGuide/TheBasics.xhtml,LanguageGuide/TheBasics.xhtml#Integer-and-Floating-Point-Conversion,languageguide-thebasics-xhtml.018.integer-and-floating-point-conversion,3,The Basics > Numeric Type Conversion > Integer and Floating-Point Conversion,Integer and Floating-Point Conversion,teaches,swift.numbers.integer-to-floating|swift.numbers.floating-to-integer,swift.numbers.integer-to-floating|swift.numbers.floating-to-integer,reviewed-implemented,Lessons cover explicit conversion in both directions and truncation to Int.
The Swift Programming Language (Swift 6.4 beta),language-guide,LanguageGuide/TheBasics.xhtml,LanguageGuide/TheBasics.xhtml#Type-Aliases,languageguide-thebasics-xhtml.019.type-aliases,2,The Basics > Type Aliases,Type Aliases,teaches,swift.types.alias,swift.types.alias,reviewed-implemented,Lesson defines and uses a contextual alternative name for an existing type.
The Swift Programming Language (Swift 6.4 beta),language-guide,LanguageGuide/TheBasics.xhtml,LanguageGuide/TheBasics.xhtml#Booleans,languageguide-thebasics-xhtml.020.booleans,2,The Basics > Booleans,Booleans,teaches,swift.booleans.literals|swift.booleans.conditions,swift.booleans.literals|swift.booleans.conditions,reviewed-implemented,Lessons cover Bool literals and the requirement that if conditions evaluate to Bool.
The Swift Programming Language (Swift 6.4 beta),language-guide,LanguageGuide/TheBasics.xhtml,LanguageGuide/TheBasics.xhtml#Tuples,languageguide-thebasics-xhtml.021.tuples,2,The Basics > Tuples,Tuples,teaches,swift.tuples.creation|swift.tuples.decomposition|swift.tuples.ignore-elements|swift.tuples.indexed-access|swift.tuples.named-elements|swift.tuples.simple-modeling,swift.tuples.creation|swift.tuples.decomposition|swift.tuples.ignore-elements|swift.tuples.indexed-access|swift.tuples.named-elements|swift.tuples.simple-modeling,reviewed-implemented,Six lessons cover creation access decomposition ignored elements named elements and simple-model scope.
The Swift Programming Language (Swift 6.4 beta),language-guide,LanguageGuide/TheBasics.xhtml,LanguageGuide/TheBasics.xhtml#Optionals,languageguide-thebasics-xhtml.022.optionals,2,The Basics > Optionals,Optionals,teaches,swift.optionals.type|swift.optionals.nil|swift.optionals.binding|swift.optionals.nil-coalescing|swift.optionals.force-unwrapping,swift.optionals.type|swift.optionals.nil|swift.optionals.binding|swift.optionals.nil-coalescing|swift.optionals.force-unwrapping,reviewed-implemented,Canonical optional skills are introduced here and detailed by child sections without duplicate definitions.
The Swift Programming Language (Swift 6.4 beta),language-guide,LanguageGuide/TheBasics.xhtml,LanguageGuide/TheBasics.xhtml#nil,languageguide-thebasics-xhtml.023.nil,3,The Basics > Optionals > nil,nil,teaches,swift.optionals.nil|swift.optionals.nil-check,swift.optionals.nil|swift.optionals.nil-check,reviewed-implemented,Lessons cover assigning nil and checking an optional against nil.
The Swift Programming Language (Swift 6.4 beta),language-guide,LanguageGuide/TheBasics.xhtml,LanguageGuide/TheBasics.xhtml#Optional-Binding,languageguide-thebasics-xhtml.024.optional-binding,3,The Basics > Optionals > Optional Binding,Optional Binding,teaches,swift.optionals.binding|swift.optionals.shorthand-binding|swift.optionals.multiple-binding,swift.optionals.binding|swift.optionals.shorthand-binding|swift.optionals.multiple-binding,reviewed-implemented,Lessons cover explicit shorthand and multiple optional bindings.
The Swift Programming Language (Swift 6.4 beta),language-guide,LanguageGuide/TheBasics.xhtml,LanguageGuide/TheBasics.xhtml#Providing-a-Fallback-Value,languageguide-thebasics-xhtml.025.providing-a-fallback-value,3,The Basics > Optionals > Providing a Fallback Value,Providing a Fallback Value,teaches,swift.optionals.nil-coalescing,swift.optionals.nil-coalescing,reviewed-implemented,Lesson uses the nil-coalescing operator to select an optional value or fallback.
The Swift Programming Language (Swift 6.4 beta),language-guide,LanguageGuide/TheBasics.xhtml,LanguageGuide/TheBasics.xhtml#Force-Unwrapping,languageguide-thebasics-xhtml.026.force-unwrapping,3,The Basics > Optionals > Force Unwrapping,Force Unwrapping,teaches,swift.optionals.force-unwrapping|swift.optionals.force-unwrap-risk,swift.optionals.force-unwrapping|swift.optionals.force-unwrap-risk,reviewed-implemented,Lessons cover invariant-based force unwrapping and the nil runtime failure.
The Swift Programming Language (Swift 6.4 beta),language-guide,LanguageGuide/TheBasics.xhtml,LanguageGuide/TheBasics.xhtml#Implicitly-Unwrapped-Optionals,languageguide-thebasics-xhtml.027.implicitly-unwrapped-optionals,3,The Basics > Optionals > Implicitly Unwrapped Optionals,Implicitly Unwrapped Optionals,teaches,swift.optionals.implicitly-unwrapped-declaration|swift.optionals.implicitly-unwrapped-safety,swift.optionals.implicitly-unwrapped-declaration|swift.optionals.implicitly-unwrapped-safety,reviewed-implemented,Lessons cover String! declaration and selecting String? when nil remains possible.
The Swift Programming Language (Swift 6.4 beta),language-guide,LanguageGuide/TheBasics.xhtml,LanguageGuide/TheBasics.xhtml#Memory-Safety,languageguide-thebasics-xhtml.028.memory-safety,2,The Basics > Memory Safety,Memory Safety,teaches,swift.memory.safety-guarantees|swift.memory.safety-categories|swift.memory.unsafe-responsibility,swift.memory.safety-guarantees|swift.memory.safety-categories|swift.memory.unsafe-responsibility,reviewed-implemented,Lessons cover bounds and the complete safety categories plus unsafe API responsibility.
The Swift Programming Language (Swift 6.4 beta),language-guide,LanguageGuide/TheBasics.xhtml,LanguageGuide/TheBasics.xhtml#Error-Handling,languageguide-thebasics-xhtml.029.error-handling,2,The Basics > Error Handling,Error Handling,teaches,swift.errors.throwing-declaration|swift.errors.try-catch|swift.errors.pattern-catching,swift.errors.throwing-declaration|swift.errors.try-catch|swift.errors.pattern-catching,reviewed-implemented,Lessons cover throws try do-catch propagation and matching a specific error case.
The Swift Programming Language (Swift 6.4 beta),language-guide,LanguageGuide/TheBasics.xhtml,LanguageGuide/TheBasics.xhtml#Assertions-and-Preconditions,languageguide-thebasics-xhtml.030.assertions-and-preconditions,2,The Basics > Assertions and Preconditions,Assertions and Preconditions,teaches,swift.runtime-checks.selection|swift.runtime-checks.assertion|swift.runtime-checks.precondition|swift.runtime-checks.fatal-error,swift.runtime-checks.selection|swift.runtime-checks.assertion|swift.runtime-checks.precondition|swift.runtime-checks.fatal-error,reviewed-implemented,Lessons distinguish debug assertions production preconditions and always-stopping fatal errors.
The Swift Programming Language (Swift 6.4 beta),language-guide,LanguageGuide/TheBasics.xhtml,LanguageGuide/TheBasics.xhtml#Debugging-with-Assertions,languageguide-thebasics-xhtml.031.debugging-with-assertions,3,The Basics > Assertions and Preconditions > Debugging with Assertions,Debugging with Assertions,teaches,swift.runtime-checks.assertion,swift.runtime-checks.assertion,reviewed-implemented,Lesson writes assert with a Boolean condition and diagnostic message.
The Swift Programming Language (Swift 6.4 beta),language-guide,LanguageGuide/TheBasics.xhtml,LanguageGuide/TheBasics.xhtml#Enforcing-Preconditions,languageguide-thebasics-xhtml.032.enforcing-preconditions,3,The Basics > Assertions and Preconditions > Enforcing Preconditions,Enforcing Preconditions,teaches,swift.runtime-checks.precondition|swift.runtime-checks.fatal-error,swift.runtime-checks.precondition|swift.runtime-checks.fatal-error,reviewed-implemented,Lessons enforce a Boolean precondition and mark an unimplemented path with fatalError.
The Swift Programming Language (Swift 6.4 beta),language-guide,LanguageGuide/BasicOperators.xhtml,LanguageGuide/BasicOperators.xhtml#basic-operators,languageguide-basicoperators-xhtml.001.basic-operators,1,Basic Operators,Basic Operators,overview,,,reviewed-no-lesson,Chapter overview; child sections carry the activities.
The Swift Programming Language (Swift 6.4 beta),language-guide,LanguageGuide/BasicOperators.xhtml,LanguageGuide/BasicOperators.xhtml#Terminology,languageguide-basicoperators-xhtml.002.terminology,2,Basic Operators > Terminology,Terminology,skill,swift.operators.terminology,swift.operators.terminology,reviewed-implemented,Unary binary and ternary operator roles.
The Swift Programming Language (Swift 6.4 beta),language-guide,LanguageGuide/BasicOperators.xhtml,LanguageGuide/BasicOperators.xhtml#Assignment-Operator,languageguide-basicoperators-xhtml.003.assignment-operator,2,Basic Operators > Assignment Operator,Assignment Operator,skill,swift.operators.assignment|swift.operators.assignment-no-value,swift.operators.assignment|swift.operators.assignment-no-value,reviewed-implemented,Assignment updates values and does not return a condition value.
The Swift Programming Language (Swift 6.4 beta),language-guide,LanguageGuide/BasicOperators.xhtml,LanguageGuide/BasicOperators.xhtml#Arithmetic-Operators,languageguide-basicoperators-xhtml.004.arithmetic-operators,2,Basic Operators > Arithmetic Operators,Arithmetic Operators,skill,swift.operators.arithmetic|swift.operators.string-concatenation,swift.operators.arithmetic|swift.operators.string-concatenation,reviewed-implemented,Numeric arithmetic and String concatenation.
The Swift Programming Language (Swift 6.4 beta),language-guide,LanguageGuide/BasicOperators.xhtml,LanguageGuide/BasicOperators.xhtml#Remainder-Operator,languageguide-basicoperators-xhtml.005.remainder-operator,3,Basic Operators > Arithmetic Operators > Remainder Operator,Remainder Operator,skill,swift.operators.remainder|swift.operators.negative-remainder,swift.operators.remainder|swift.operators.negative-remainder,reviewed-implemented,Positive and negative Swift remainder behavior.
The Swift Programming Language (Swift 6.4 beta),language-guide,LanguageGuide/BasicOperators.xhtml,LanguageGuide/BasicOperators.xhtml#Unary-Minus-Operator,languageguide-basicoperators-xhtml.006.unary-minus-operator,3,Basic Operators > Arithmetic Operators > Unary Minus Operator,Unary Minus Operator,skill,swift.operators.unary-minus,swift.operators.unary-minus,reviewed-implemented,Prefix sign toggling.
The Swift Programming Language (Swift 6.4 beta),language-guide,LanguageGuide/BasicOperators.xhtml,LanguageGuide/BasicOperators.xhtml#Unary-Plus-Operator,languageguide-basicoperators-xhtml.007.unary-plus-operator,3,Basic Operators > Arithmetic Operators > Unary Plus Operator,Unary Plus Operator,skill,swift.operators.unary-plus,swift.operators.unary-plus,reviewed-implemented,Prefix plus preserves the operand value.
The Swift Programming Language (Swift 6.4 beta),language-guide,LanguageGuide/BasicOperators.xhtml,LanguageGuide/BasicOperators.xhtml#Compound-Assignment-Operators,languageguide-basicoperators-xhtml.008.compound-assignment-operators,2,Basic Operators > Compound Assignment Operators,Compound Assignment Operators,skill,swift.operators.compound-assignment,swift.operators.compound-assignment,reviewed-implemented,Addition and assignment combined without a returned value.
The Swift Programming Language (Swift 6.4 beta),language-guide,LanguageGuide/BasicOperators.xhtml,LanguageGuide/BasicOperators.xhtml#Comparison-Operators,languageguide-basicoperators-xhtml.009.comparison-operators,2,Basic Operators > Comparison Operators,Comparison Operators,skill,swift.comparisons.values|swift.comparisons.tuple-order|swift.comparisons.tuple-elements,swift.comparisons.values|swift.comparisons.tuple-order|swift.comparisons.tuple-elements,reviewed-implemented,Value comparisons and left-to-right tuple comparison constraints.
The Swift Programming Language (Swift 6.4 beta),language-guide,LanguageGuide/BasicOperators.xhtml,LanguageGuide/BasicOperators.xhtml#Ternary-Conditional-Operator,languageguide-basicoperators-xhtml.010.ternary-conditional-operator,2,Basic Operators > Ternary Conditional Operator,Ternary Conditional Operator,skill,swift.conditionals.ternary,swift.conditionals.ternary,reviewed-implemented,Three-part conditional expression.
The Swift Programming Language (Swift 6.4 beta),language-guide,LanguageGuide/BasicOperators.xhtml,LanguageGuide/BasicOperators.xhtml#Nil-Coalescing-Operator,languageguide-basicoperators-xhtml.011.nil-coalescing-operator,2,Basic Operators > Nil-Coalescing Operator,Nil-Coalescing Operator,skill,swift.optionals.nil-coalescing|swift.optionals.nil-coalescing-short-circuit,swift.optionals.nil-coalescing|swift.optionals.nil-coalescing-short-circuit,reviewed-implemented,Reuses fallback skill and adds lazy fallback evaluation.
The Swift Programming Language (Swift 6.4 beta),language-guide,LanguageGuide/BasicOperators.xhtml,LanguageGuide/BasicOperators.xhtml#Range-Operators,languageguide-basicoperators-xhtml.012.range-operators,2,Basic Operators > Range Operators,Range Operators,overview,,,reviewed-no-lesson,Range family overview; child sections carry the activities.
The Swift Programming Language (Swift 6.4 beta),language-guide,LanguageGuide/BasicOperators.xhtml,LanguageGuide/BasicOperators.xhtml#Closed-Range-Operator,languageguide-basicoperators-xhtml.013.closed-range-operator,3,Basic Operators > Range Operators > Closed Range Operator,Closed Range Operator,skill,swift.ranges.closed,swift.ranges.closed,reviewed-implemented,Inclusive lower and upper bounds.
The Swift Programming Language (Swift 6.4 beta),language-guide,LanguageGuide/BasicOperators.xhtml,LanguageGuide/BasicOperators.xhtml#Half-Open-Range-Operator,languageguide-basicoperators-xhtml.014.half-open-range-operator,3,Basic Operators > Range Operators > Half-Open Range Operator,Half-Open Range Operator,skill,swift.ranges.half-open,swift.ranges.half-open,reviewed-implemented,Inclusive lower and exclusive upper bound.
The Swift Programming Language (Swift 6.4 beta),language-guide,LanguageGuide/BasicOperators.xhtml,LanguageGuide/BasicOperators.xhtml#One-Sided-Ranges,languageguide-basicoperators-xhtml.015.one-sided-ranges,3,Basic Operators > Range Operators > One-Sided Ranges,One-Sided Ranges,skill,swift.ranges.one-sided-suffix|swift.ranges.one-sided-prefix|swift.ranges.contains,swift.ranges.one-sided-suffix|swift.ranges.one-sided-prefix|swift.ranges.contains,reviewed-implemented,Collection suffix prefix and contains usage.
The Swift Programming Language (Swift 6.4 beta),language-guide,LanguageGuide/BasicOperators.xhtml,LanguageGuide/BasicOperators.xhtml#Logical-Operators,languageguide-basicoperators-xhtml.016.logical-operators,2,Basic Operators > Logical Operators,Logical Operators,overview,,,reviewed-no-lesson,Logical operator family overview; child sections carry the activities.
The Swift Programming Language (Swift 6.4 beta),language-guide,LanguageGuide/BasicOperators.xhtml,LanguageGuide/BasicOperators.xhtml#Logical-NOT-Operator,languageguide-basicoperators-xhtml.017.logical-not-operator,3,Basic Operators > Logical Operators > Logical NOT Operator,Logical NOT Operator,skill,swift.logic.not,swift.logic.not,reviewed-implemented,Boolean inversion.
The Swift Programming Language (Swift 6.4 beta),language-guide,LanguageGuide/BasicOperators.xhtml,LanguageGuide/BasicOperators.xhtml#Logical-AND-Operator,languageguide-basicoperators-xhtml.018.logical-and-operator,3,Basic Operators > Logical Operators > Logical AND Operator,Logical AND Operator,skill,swift.logic.and,swift.logic.and,reviewed-implemented,Both conditions required with short-circuit semantics described in feedback.
The Swift Programming Language (Swift 6.4 beta),language-guide,LanguageGuide/BasicOperators.xhtml,LanguageGuide/BasicOperators.xhtml#Logical-OR-Operator,languageguide-basicoperators-xhtml.019.logical-or-operator,3,Basic Operators > Logical Operators > Logical OR Operator,Logical OR Operator,skill,swift.logic.or,swift.logic.or,reviewed-implemented,Either condition accepted with short-circuit semantics described in feedback.
The Swift Programming Language (Swift 6.4 beta),language-guide,LanguageGuide/BasicOperators.xhtml,LanguageGuide/BasicOperators.xhtml#Combining-Logical-Operators,languageguide-basicoperators-xhtml.020.combining-logical-operators,3,Basic Operators > Logical Operators > Combining Logical Operators,Combining Logical Operators,skill,swift.logic.combined,swift.logic.combined,reviewed-implemented,Required pair and alternative paths.
The Swift Programming Language (Swift 6.4 beta),language-guide,LanguageGuide/BasicOperators.xhtml,LanguageGuide/BasicOperators.xhtml#Explicit-Parentheses,languageguide-basicoperators-xhtml.021.explicit-parentheses,3,Basic Operators > Logical Operators > Explicit Parentheses,Explicit Parentheses,skill,swift.logic.parentheses,swift.logic.parentheses,reviewed-implemented,Intent-revealing Boolean grouping.
The Swift Programming Language (Swift 6.4 beta),language-guide,LanguageGuide/StringsAndCharacters.xhtml,LanguageGuide/StringsAndCharacters.xhtml#strings-and-characters,languageguide-stringsandcharacters-xhtml.001.strings-and-characters,1,Strings and Characters,Strings and Characters,overview,,,reviewed-no-lesson,Chapter overview; child sections carry the activities.
The Swift Programming Language (Swift 6.4 beta),language-guide,LanguageGuide/StringsAndCharacters.xhtml,LanguageGuide/StringsAndCharacters.xhtml#String-Literals,languageguide-stringsandcharacters-xhtml.002.string-literals,2,Strings and Characters > String Literals,String Literals,skill,swift.strings.literal,swift.strings.literal,reviewed-implemented,Double-quoted String creation.
The Swift Programming Language (Swift 6.4 beta),language-guide,LanguageGuide/StringsAndCharacters.xhtml,LanguageGuide/StringsAndCharacters.xhtml#Multiline-String-Literals,languageguide-stringsandcharacters-xhtml.003.multiline-string-literals,3,Strings and Characters > String Literals > Multiline String Literals,Multiline String Literals,skill,swift.strings.multiline-literal|swift.strings.multiline-soft-wrap,swift.strings.multiline-literal|swift.strings.multiline-soft-wrap,reviewed-implemented,Triple-quote literals and source-only line wrapping.
The Swift Programming Language (Swift 6.4 beta),language-guide,LanguageGuide/StringsAndCharacters.xhtml,LanguageGuide/StringsAndCharacters.xhtml#Special-Characters-in-String-Literals,languageguide-stringsandcharacters-xhtml.004.special-characters-in-string-literals,3,Strings and Characters > String Literals > Special Characters in String Literals,Special Characters in String Literals,skill,swift.strings.escape-sequences|swift.strings.unicode-scalar-escape,swift.strings.escape-sequences|swift.strings.unicode-scalar-escape,reviewed-implemented,Escape sequences and Unicode scalar escapes.
The Swift Programming Language (Swift 6.4 beta),language-guide,LanguageGuide/StringsAndCharacters.xhtml,LanguageGuide/StringsAndCharacters.xhtml#Extended-String-Delimiters,languageguide-stringsandcharacters-xhtml.005.extended-string-delimiters,3,Strings and Characters > String Literals > Extended String Delimiters,Extended String Delimiters,skill,swift.strings.extended-delimiter,swift.strings.extended-delimiter,reviewed-implemented,Literal special characters through matched hash delimiters.
The Swift Programming Language (Swift 6.4 beta),language-guide,LanguageGuide/StringsAndCharacters.xhtml,LanguageGuide/StringsAndCharacters.xhtml#Initializing-an-Empty-String,languageguide-stringsandcharacters-xhtml.006.initializing-an-empty-string,2,Strings and Characters > Initializing an Empty String,Initializing an Empty String,skill,swift.strings.empty-initialization|swift.strings.is-empty,swift.strings.empty-initialization|swift.strings.is-empty,reviewed-implemented,Empty initializer and Boolean emptiness check.
The Swift Programming Language (Swift 6.4 beta),language-guide,LanguageGuide/StringsAndCharacters.xhtml,LanguageGuide/StringsAndCharacters.xhtml#String-Mutability,languageguide-stringsandcharacters-xhtml.007.string-mutability,2,Strings and Characters > String Mutability,String Mutability,skill,swift.strings.mutability,swift.strings.mutability,reviewed-implemented,var permits String mutation.
The Swift Programming Language (Swift 6.4 beta),language-guide,LanguageGuide/StringsAndCharacters.xhtml,LanguageGuide/StringsAndCharacters.xhtml#Strings-Are-Value-Types,languageguide-stringsandcharacters-xhtml.008.strings-are-value-types,2,Strings and Characters > Strings Are Value Types,Strings Are Value Types,skill,swift.strings.value-copy,swift.strings.value-copy,reviewed-implemented,Independent value semantics after assignment.
The Swift Programming Language (Swift 6.4 beta),language-guide,LanguageGuide/StringsAndCharacters.xhtml,LanguageGuide/StringsAndCharacters.xhtml#Working-with-Characters,languageguide-stringsandcharacters-xhtml.009.working-with-characters,2,Strings and Characters > Working with Characters,Working with Characters,skill,swift.characters.iteration|swift.characters.annotation|swift.characters.array-to-string,swift.characters.iteration|swift.characters.annotation|swift.characters.array-to-string,reviewed-implemented,Iteration standalone Character and String construction.
The Swift Programming Language (Swift 6.4 beta),language-guide,LanguageGuide/StringsAndCharacters.xhtml,LanguageGuide/StringsAndCharacters.xhtml#Concatenating-Strings-and-Characters,languageguide-stringsandcharacters-xhtml.010.concatenating-strings-and-characters,2,Strings and Characters > Concatenating Strings and Characters,Concatenating Strings and Characters,skill,swift.operators.string-concatenation|swift.strings.append-string|swift.strings.append-character|swift.strings.multiline-concatenation,swift.operators.string-concatenation|swift.strings.append-string|swift.strings.append-character|swift.strings.multiline-concatenation,reviewed-implemented,Reuses plus concatenation and adds mutation methods and line-boundary behavior.
The Swift Programming Language (Swift 6.4 beta),language-guide,LanguageGuide/StringsAndCharacters.xhtml,LanguageGuide/StringsAndCharacters.xhtml#String-Interpolation,languageguide-stringsandcharacters-xhtml.011.string-interpolation,2,Strings and Characters > String Interpolation,String Interpolation,skill,swift.output.string-interpolation|swift.strings.extended-interpolation,swift.output.string-interpolation|swift.strings.extended-interpolation,reviewed-implemented,Reuses ordinary interpolation and adds matched extended delimiters.
The Swift Programming Language (Swift 6.4 beta),language-guide,LanguageGuide/StringsAndCharacters.xhtml,LanguageGuide/StringsAndCharacters.xhtml#Unicode,languageguide-stringsandcharacters-xhtml.012.unicode,2,Strings and Characters > Unicode,Unicode,overview,,,reviewed-no-lesson,Unicode overview; scalar and grapheme child sections carry the activities.
The Swift Programming Language (Swift 6.4 beta),language-guide,LanguageGuide/StringsAndCharacters.xhtml,LanguageGuide/StringsAndCharacters.xhtml#Unicode-Scalar-Values,languageguide-stringsandcharacters-xhtml.013.unicode-scalar-values,3,Strings and Characters > Unicode > Unicode Scalar Values,Unicode Scalar Values,skill,swift.unicode.scalar-value,swift.unicode.scalar-value,reviewed-implemented,Scalar notation and identity.
The Swift Programming Language (Swift 6.4 beta),language-guide,LanguageGuide/StringsAndCharacters.xhtml,LanguageGuide/StringsAndCharacters.xhtml#Extended-Grapheme-Clusters,languageguide-stringsandcharacters-xhtml.014.extended-grapheme-clusters,3,Strings and Characters > Unicode > Extended Grapheme Clusters,Extended Grapheme Clusters,skill,swift.unicode.grapheme-equivalence|swift.unicode.flag-character,swift.unicode.grapheme-equivalence|swift.unicode.flag-character,reviewed-implemented,Canonical composition and multi-scalar flag Characters.
The Swift Programming Language (Swift 6.4 beta),language-guide,LanguageGuide/StringsAndCharacters.xhtml,LanguageGuide/StringsAndCharacters.xhtml#Counting-Characters,languageguide-stringsandcharacters-xhtml.015.counting-characters,2,Strings and Characters > Counting Characters,Counting Characters,skill,swift.strings.character-count|swift.strings.combining-count,swift.strings.character-count|swift.strings.combining-count,reviewed-implemented,Grapheme count and combining-scalar behavior.
The Swift Programming Language (Swift 6.4 beta),language-guide,LanguageGuide/StringsAndCharacters.xhtml,LanguageGuide/StringsAndCharacters.xhtml#Accessing-and-Modifying-a-String,languageguide-stringsandcharacters-xhtml.016.accessing-and-modifying-a-string,2,Strings and Characters > Accessing and Modifying a String,Accessing and Modifying a String,overview,,,reviewed-no-lesson,API family overview; child sections carry the activities.
The Swift Programming Language (Swift 6.4 beta),language-guide,LanguageGuide/StringsAndCharacters.xhtml,LanguageGuide/StringsAndCharacters.xhtml#String-Indices,languageguide-stringsandcharacters-xhtml.017.string-indices,3,Strings and Characters > Accessing and Modifying a String > String Indices,String Indices,skill,swift.strings.start-index|swift.strings.last-index|swift.strings.offset-index|swift.strings.no-integer-index|swift.strings.indices-sequence,swift.strings.start-index|swift.strings.last-index|swift.strings.offset-index|swift.strings.no-integer-index|swift.strings.indices-sequence,reviewed-implemented,Unicode-correct start end offset and iteration indices.
The Swift Programming Language (Swift 6.4 beta),language-guide,LanguageGuide/StringsAndCharacters.xhtml,LanguageGuide/StringsAndCharacters.xhtml#Inserting-and-Removing,languageguide-stringsandcharacters-xhtml.018.inserting-and-removing,3,Strings and Characters > Accessing and Modifying a String > Inserting and Removing,Inserting and Removing,skill,swift.strings.insert-character|swift.strings.insert-contents|swift.strings.remove-character|swift.strings.remove-subrange,swift.strings.insert-character|swift.strings.insert-contents|swift.strings.remove-character|swift.strings.remove-subrange,reviewed-implemented,Character and range mutation at String.Index boundaries.
The Swift Programming Language (Swift 6.4 beta),language-guide,LanguageGuide/StringsAndCharacters.xhtml,LanguageGuide/StringsAndCharacters.xhtml#Substrings,languageguide-stringsandcharacters-xhtml.019.substrings,2,Strings and Characters > Substrings,Substrings,skill,swift.substrings.result-type|swift.substrings.long-term-storage,swift.substrings.result-type|swift.substrings.long-term-storage,reviewed-implemented,Substring result type and independent String conversion.
The Swift Programming Language (Swift 6.4 beta),language-guide,LanguageGuide/StringsAndCharacters.xhtml,LanguageGuide/StringsAndCharacters.xhtml#Comparing-Strings,languageguide-stringsandcharacters-xhtml.020.comparing-strings,2,Strings and Characters > Comparing Strings,Comparing Strings,overview,,,reviewed-no-lesson,Comparison overview; child sections carry the activities.
The Swift Programming Language (Swift 6.4 beta),language-guide,LanguageGuide/StringsAndCharacters.xhtml,LanguageGuide/StringsAndCharacters.xhtml#String-and-Character-Equality,languageguide-stringsandcharacters-xhtml.021.string-and-character-equality,3,Strings and Characters > Comparing Strings > String and Character Equality,String and Character Equality,skill,swift.strings.canonical-equality|swift.characters.lookalike-inequality,swift.strings.canonical-equality|swift.characters.lookalike-inequality,reviewed-implemented,Canonical equivalence and unequal visual lookalikes.
The Swift Programming Language (Swift 6.4 beta),language-guide,LanguageGuide/StringsAndCharacters.xhtml,LanguageGuide/StringsAndCharacters.xhtml#Prefix-and-Suffix-Equality,languageguide-stringsandcharacters-xhtml.022.prefix-and-suffix-equality,3,Strings and Characters > Comparing Strings > Prefix and Suffix Equality,Prefix and Suffix Equality,skill,swift.strings.prefix|swift.strings.suffix,swift.strings.prefix|swift.strings.suffix,reviewed-implemented,Canonical prefix and suffix checks.
The Swift Programming Language (Swift 6.4 beta),language-guide,LanguageGuide/StringsAndCharacters.xhtml,LanguageGuide/StringsAndCharacters.xhtml#Unicode-Representations-of-Strings,languageguide-stringsandcharacters-xhtml.023.unicode-representations-of-strings,2,Strings and Characters > Unicode Representations of Strings,Unicode Representations of Strings,overview,,,reviewed-no-lesson,Encoding-view overview; child sections carry the activities.
The Swift Programming Language (Swift 6.4 beta),language-guide,LanguageGuide/StringsAndCharacters.xhtml,LanguageGuide/StringsAndCharacters.xhtml#UTF-8-Representation,languageguide-stringsandcharacters-xhtml.024.utf-8-representation,3,Strings and Characters > Unicode Representations of Strings > UTF-8 Representation,UTF-8 Representation,skill,swift.unicode.utf8-view,swift.unicode.utf8-view,reviewed-implemented,UInt8 code-unit view.
The Swift Programming Language (Swift 6.4 beta),language-guide,LanguageGuide/StringsAndCharacters.xhtml,LanguageGuide/StringsAndCharacters.xhtml#UTF-16-Representation,languageguide-stringsandcharacters-xhtml.025.utf-16-representation,3,Strings and Characters > Unicode Representations of Strings > UTF-16 Representation,UTF-16 Representation,skill,swift.unicode.utf16-view,swift.unicode.utf16-view,reviewed-implemented,UInt16 code-unit view and surrogate behavior.
The Swift Programming Language (Swift 6.4 beta),language-guide,LanguageGuide/StringsAndCharacters.xhtml,LanguageGuide/StringsAndCharacters.xhtml#Unicode-Scalar-Representation,languageguide-stringsandcharacters-xhtml.026.unicode-scalar-representation,3,Strings and Characters > Unicode Representations of Strings > Unicode Scalar Representation,Unicode Scalar Representation,skill,swift.unicode.scalar-view,swift.unicode.scalar-view,reviewed-implemented,UnicodeScalar view and UInt32 scalar values.
The Swift Programming Language (Swift 6.4 beta),language-guide,LanguageGuide/CollectionTypes.xhtml,LanguageGuide/CollectionTypes.xhtml#collection-types,languageguide-collectiontypes-xhtml.001.collection-types,1,Collection Types,Collection Types,overview,,,reviewed-no-lesson,Chapter overview; child sections carry the activities.
The Swift Programming Language (Swift 6.4 beta),language-guide,LanguageGuide/CollectionTypes.xhtml,LanguageGuide/CollectionTypes.xhtml#Mutability-of-Collections,languageguide-collectiontypes-xhtml.002.mutability-of-collections,2,Collection Types > Mutability of Collections,Mutability of Collections,skill,swift.collections.mutability,swift.collections.mutability,reviewed-implemented,Mutable versus constant collection membership.
The Swift Programming Language (Swift 6.4 beta),language-guide,LanguageGuide/CollectionTypes.xhtml,LanguageGuide/CollectionTypes.xhtml#Arrays,languageguide-collectiontypes-xhtml.003.arrays,2,Collection Types > Arrays,Arrays,overview,,,reviewed-no-lesson,Array overview; child sections carry the activities.
The Swift Programming Language (Swift 6.4 beta),language-guide,LanguageGuide/CollectionTypes.xhtml,LanguageGuide/CollectionTypes.xhtml#Array-Type-Shorthand-Syntax,languageguide-collectiontypes-xhtml.004.array-type-shorthand-syntax,3,Collection Types > Arrays > Array Type Shorthand Syntax,Array Type Shorthand Syntax,skill,swift.arrays.type-syntax,swift.arrays.type-syntax,reviewed-implemented,Array Element shorthand.
The Swift Programming Language (Swift 6.4 beta),language-guide,LanguageGuide/CollectionTypes.xhtml,LanguageGuide/CollectionTypes.xhtml#Creating-an-Empty-Array,languageguide-collectiontypes-xhtml.005.creating-an-empty-array,3,Collection Types > Arrays > Creating an Empty Array,Creating an Empty Array,skill,swift.arrays.empty,swift.arrays.empty,reviewed-implemented,Typed empty Array initialization.
The Swift Programming Language (Swift 6.4 beta),language-guide,LanguageGuide/CollectionTypes.xhtml,LanguageGuide/CollectionTypes.xhtml#Creating-an-Array-with-a-Default-Value,languageguide-collectiontypes-xhtml.006.creating-an-array-with-a-default-value,3,Collection Types > Arrays > Creating an Array with a Default Value,Creating an Array with a Default Value,skill,swift.arrays.repeating,swift.arrays.repeating,reviewed-implemented,Repeated default element initialization.
The Swift Programming Language (Swift 6.4 beta),language-guide,LanguageGuide/CollectionTypes.xhtml,LanguageGuide/CollectionTypes.xhtml#Creating-an-Array-by-Adding-Two-Arrays-Together,languageguide-collectiontypes-xhtml.007.creating-an-array-by-adding-two-arrays-together,3,Collection Types > Arrays > Creating an Array by Adding Two Arrays Together,Creating an Array by Adding Two Arrays Together,skill,swift.arrays.concatenate,swift.arrays.concatenate,reviewed-implemented,Array concatenation.
The Swift Programming Language (Swift 6.4 beta),language-guide,LanguageGuide/CollectionTypes.xhtml,LanguageGuide/CollectionTypes.xhtml#Creating-an-Array-with-an-Array-Literal,languageguide-collectiontypes-xhtml.008.creating-an-array-with-an-array-literal,3,Collection Types > Arrays > Creating an Array with an Array Literal,Creating an Array with an Array Literal,skill,swift.arrays.literal,swift.arrays.literal,reviewed-implemented,Array literal syntax and element inference.
The Swift Programming Language (Swift 6.4 beta),language-guide,LanguageGuide/CollectionTypes.xhtml,LanguageGuide/CollectionTypes.xhtml#Accessing-and-Modifying-an-Array,languageguide-collectiontypes-xhtml.009.accessing-and-modifying-an-array,3,Collection Types > Arrays > Accessing and Modifying an Array,Accessing and Modifying an Array,skill,swift.arrays.count|swift.arrays.append|swift.arrays.subscript|swift.arrays.replace-subrange|swift.arrays.insert-remove,swift.arrays.count|swift.arrays.append|swift.arrays.subscript|swift.arrays.replace-subrange|swift.arrays.insert-remove,reviewed-implemented,Count append subscript range replacement insertion and removal.
The Swift Programming Language (Swift 6.4 beta),language-guide,LanguageGuide/CollectionTypes.xhtml,LanguageGuide/CollectionTypes.xhtml#Iterating-Over-an-Array,languageguide-collectiontypes-xhtml.010.iterating-over-an-array,3,Collection Types > Arrays > Iterating Over an Array,Iterating Over an Array,skill,swift.arrays.enumerated,swift.arrays.enumerated,reviewed-implemented,Index-value iteration with enumerated.
The Swift Programming Language (Swift 6.4 beta),language-guide,LanguageGuide/CollectionTypes.xhtml,LanguageGuide/CollectionTypes.xhtml#Sets,languageguide-collectiontypes-xhtml.011.sets,2,Collection Types > Sets,Sets,overview,,,reviewed-no-lesson,Set overview; child sections carry the activities.
The Swift Programming Language (Swift 6.4 beta),language-guide,LanguageGuide/CollectionTypes.xhtml,LanguageGuide/CollectionTypes.xhtml#Hash-Values-for-Set-Types,languageguide-collectiontypes-xhtml.012.hash-values-for-set-types,3,Collection Types > Sets > Hash Values for Set Types,Hash Values for Set Types,skill,swift.sets.hashable-elements,swift.sets.hashable-elements,reviewed-implemented,Hashable membership requirement.
The Swift Programming Language (Swift 6.4 beta),language-guide,LanguageGuide/CollectionTypes.xhtml,LanguageGuide/CollectionTypes.xhtml#Set-Type-Syntax,languageguide-collectiontypes-xhtml.013.set-type-syntax,3,Collection Types > Sets > Set Type Syntax,Set Type Syntax,skill,swift.sets.type-syntax,swift.sets.type-syntax,reviewed-implemented,Set Element generic syntax.
The Swift Programming Language (Swift 6.4 beta),language-guide,LanguageGuide/CollectionTypes.xhtml,LanguageGuide/CollectionTypes.xhtml#Creating-and-Initializing-an-Empty-Set,languageguide-collectiontypes-xhtml.014.creating-and-initializing-an-empty-set,3,Collection Types > Sets > Creating and Initializing an Empty Set,Creating and Initializing an Empty Set,skill,swift.sets.empty,swift.sets.empty,reviewed-implemented,Typed empty Set initialization.
The Swift Programming Language (Swift 6.4 beta),language-guide,LanguageGuide/CollectionTypes.xhtml,LanguageGuide/CollectionTypes.xhtml#Creating-a-Set-with-an-Array-Literal,languageguide-collectiontypes-xhtml.015.creating-a-set-with-an-array-literal,3,Collection Types > Sets > Creating a Set with an Array Literal,Creating a Set with an Array Literal,skill,swift.sets.literal,swift.sets.literal,reviewed-implemented,Set context for array-literal syntax.
The Swift Programming Language (Swift 6.4 beta),language-guide,LanguageGuide/CollectionTypes.xhtml,LanguageGuide/CollectionTypes.xhtml#Accessing-and-Modifying-a-Set,languageguide-collectiontypes-xhtml.016.accessing-and-modifying-a-set,3,Collection Types > Sets > Accessing and Modifying a Set,Accessing and Modifying a Set,skill,swift.sets.insert|swift.sets.remove|swift.sets.contains,swift.sets.insert|swift.sets.remove|swift.sets.contains,reviewed-implemented,Insertion optional removal and membership checks.
The Swift Programming Language (Swift 6.4 beta),language-guide,LanguageGuide/CollectionTypes.xhtml,LanguageGuide/CollectionTypes.xhtml#Iterating-Over-a-Set,languageguide-collectiontypes-xhtml.017.iterating-over-a-set,3,Collection Types > Sets > Iterating Over a Set,Iterating Over a Set,skill,swift.sets.sorted-iteration,swift.sets.sorted-iteration,reviewed-implemented,Deterministic sorted Set iteration.
The Swift Programming Language (Swift 6.4 beta),language-guide,LanguageGuide/CollectionTypes.xhtml,LanguageGuide/CollectionTypes.xhtml#Performing-Set-Operations,languageguide-collectiontypes-xhtml.018.performing-set-operations,2,Collection Types > Performing Set Operations,Performing Set Operations,overview,,,reviewed-no-lesson,Set-operation overview; child sections carry the activities.
The Swift Programming Language (Swift 6.4 beta),language-guide,LanguageGuide/CollectionTypes.xhtml,LanguageGuide/CollectionTypes.xhtml#Fundamental-Set-Operations,languageguide-collectiontypes-xhtml.019.fundamental-set-operations,3,Collection Types > Performing Set Operations > Fundamental Set Operations,Fundamental Set Operations,skill,swift.sets.union-intersection|swift.sets.subtract-symmetric,swift.sets.union-intersection|swift.sets.subtract-symmetric,reviewed-implemented,Intersection union subtraction and symmetric difference.
The Swift Programming Language (Swift 6.4 beta),language-guide,LanguageGuide/CollectionTypes.xhtml,LanguageGuide/CollectionTypes.xhtml#Set-Membership-and-Equality,languageguide-collectiontypes-xhtml.020.set-membership-and-equality,3,Collection Types > Performing Set Operations > Set Membership and Equality,Set Membership and Equality,skill,swift.sets.subset|swift.sets.disjoint,swift.sets.subset|swift.sets.disjoint,reviewed-implemented,Subset superset and disjoint relationships.
The Swift Programming Language (Swift 6.4 beta),language-guide,LanguageGuide/CollectionTypes.xhtml,LanguageGuide/CollectionTypes.xhtml#Dictionaries,languageguide-collectiontypes-xhtml.021.dictionaries,2,Collection Types > Dictionaries,Dictionaries,overview,,,reviewed-no-lesson,Dictionary overview; child sections carry the activities.
The Swift Programming Language (Swift 6.4 beta),language-guide,LanguageGuide/CollectionTypes.xhtml,LanguageGuide/CollectionTypes.xhtml#Dictionary-Type-Shorthand-Syntax,languageguide-collectiontypes-xhtml.022.dictionary-type-shorthand-syntax,3,Collection Types > Dictionaries > Dictionary Type Shorthand Syntax,Dictionary Type Shorthand Syntax,skill,swift.dictionaries.type-syntax,swift.dictionaries.type-syntax,reviewed-implemented,Dictionary Key-Value shorthand.
The Swift Programming Language (Swift 6.4 beta),language-guide,LanguageGuide/CollectionTypes.xhtml,LanguageGuide/CollectionTypes.xhtml#Creating-an-Empty-Dictionary,languageguide-collectiontypes-xhtml.023.creating-an-empty-dictionary,3,Collection Types > Dictionaries > Creating an Empty Dictionary,Creating an Empty Dictionary,skill,swift.dictionaries.empty,swift.dictionaries.empty,reviewed-implemented,Typed empty Dictionary literal.
The Swift Programming Language (Swift 6.4 beta),language-guide,LanguageGuide/CollectionTypes.xhtml,LanguageGuide/CollectionTypes.xhtml#Creating-a-Dictionary-with-a-Dictionary-Literal,languageguide-collectiontypes-xhtml.024.creating-a-dictionary-with-a-dictionary-literal,3,Collection Types > Dictionaries > Creating a Dictionary with a Dictionary Literal,Creating a Dictionary with a Dictionary Literal,skill,swift.dictionaries.literal,swift.dictionaries.literal,reviewed-implemented,Key-value literal syntax.
The Swift Programming Language (Swift 6.4 beta),language-guide,LanguageGuide/CollectionTypes.xhtml,LanguageGuide/CollectionTypes.xhtml#Accessing-and-Modifying-a-Dictionary,languageguide-collectiontypes-xhtml.025.accessing-and-modifying-a-dictionary,3,Collection Types > Dictionaries > Accessing and Modifying a Dictionary,Accessing and Modifying a Dictionary,skill,swift.dictionaries.optional-subscript|swift.dictionaries.update-value|swift.dictionaries.remove-value,swift.dictionaries.optional-subscript|swift.dictionaries.update-value|swift.dictionaries.remove-value,reviewed-implemented,Optional lookup update and removal APIs.
The Swift Programming Language (Swift 6.4 beta),language-guide,LanguageGuide/CollectionTypes.xhtml,LanguageGuide/CollectionTypes.xhtml#Iterating-Over-a-Dictionary,languageguide-collectiontypes-xhtml.026.iterating-over-a-dictionary,3,Collection Types > Dictionaries > Iterating Over a Dictionary,Iterating Over a Dictionary,skill,swift.dictionaries.iteration,swift.dictionaries.iteration,reviewed-implemented,Key-value tuple iteration.
The Swift Programming Language (Swift 6.4 beta),language-guide,LanguageGuide/ControlFlow.xhtml,LanguageGuide/ControlFlow.xhtml#control-flow,languageguide-controlflow-xhtml.001.control-flow,1,Control Flow,Control Flow,overview,,,reviewed-no-lesson,Chapter overview; child sections carry the activities.
The Swift Programming Language (Swift 6.4 beta),language-guide,LanguageGuide/ControlFlow.xhtml,LanguageGuide/ControlFlow.xhtml#For-In-Loops,languageguide-controlflow-xhtml.002.for-in-loops,2,Control Flow > For-In Loops,For-In Loops,skill,swift.loops.for-in|swift.loops.dictionary-pairs|swift.loops.ignore-value|swift.loops.stride-to|swift.loops.stride-through,swift.loops.for-in|swift.loops.dictionary-pairs|swift.loops.ignore-value|swift.loops.stride-to|swift.loops.stride-through,reviewed-implemented,Sequence tuple range ignored binding and stride iteration.
The Swift Programming Language (Swift 6.4 beta),language-guide,LanguageGuide/ControlFlow.xhtml,LanguageGuide/ControlFlow.xhtml#While-Loops,languageguide-controlflow-xhtml.003.while-loops,2,Control Flow > While Loops,While Loops,overview,,,reviewed-no-lesson,Loop-family overview; child sections carry the activities.
The Swift Programming Language (Swift 6.4 beta),language-guide,LanguageGuide/ControlFlow.xhtml,LanguageGuide/ControlFlow.xhtml#While,languageguide-controlflow-xhtml.004.while,3,Control Flow > While Loops > While,While,skill,swift.loops.while,swift.loops.while,reviewed-implemented,Precondition loop.
The Swift Programming Language (Swift 6.4 beta),language-guide,LanguageGuide/ControlFlow.xhtml,LanguageGuide/ControlFlow.xhtml#Repeat-While,languageguide-controlflow-xhtml.005.repeat-while,3,Control Flow > While Loops > Repeat-While,Repeat-While,skill,swift.loops.repeat-while,swift.loops.repeat-while,reviewed-implemented,Postcondition loop with guaranteed first iteration.
The Swift Programming Language (Swift 6.4 beta),language-guide,LanguageGuide/ControlFlow.xhtml,LanguageGuide/ControlFlow.xhtml#Conditional-Statements,languageguide-controlflow-xhtml.006.conditional-statements,2,Control Flow > Conditional Statements,Conditional Statements,overview,,,reviewed-no-lesson,Conditional-family overview; If and Switch sections carry the activities.
The Swift Programming Language (Swift 6.4 beta),language-guide,LanguageGuide/ControlFlow.xhtml,LanguageGuide/ControlFlow.xhtml#If,languageguide-controlflow-xhtml.007.if,3,Control Flow > Conditional Statements > If,If,skill,swift.conditionals.if-else|swift.conditionals.if-expression,swift.conditionals.if-else|swift.conditionals.if-expression,reviewed-implemented,Branching and value-producing if expressions.
The Swift Programming Language (Swift 6.4 beta),language-guide,LanguageGuide/ControlFlow.xhtml,LanguageGuide/ControlFlow.xhtml#Switch,languageguide-controlflow-xhtml.008.switch,3,Control Flow > Conditional Statements > Switch,Switch,skill,swift.switches.statement|swift.switches.expression|swift.switches.exhaustive,swift.switches.statement|swift.switches.expression|swift.switches.exhaustive,reviewed-implemented,Exhaustive switch statements and expressions.
The Swift Programming Language (Swift 6.4 beta),language-guide,LanguageGuide/ControlFlow.xhtml,LanguageGuide/ControlFlow.xhtml#No-Implicit-Fallthrough,languageguide-controlflow-xhtml.009.no-implicit-fallthrough,4,Control Flow > Conditional Statements > Switch > No Implicit Fallthrough,No Implicit Fallthrough,skill,swift.switches.compound-case,swift.switches.compound-case,reviewed-implemented,Comma-separated patterns instead of implicit fallthrough.
The Swift Programming Language (Swift 6.4 beta),language-guide,LanguageGuide/ControlFlow.xhtml,LanguageGuide/ControlFlow.xhtml#Interval-Matching,languageguide-controlflow-xhtml.010.interval-matching,4,Control Flow > Conditional Statements > Switch > Interval Matching,Interval Matching,skill,swift.switches.interval,swift.switches.interval,reviewed-implemented,Range case patterns.
The Swift Programming Language (Swift 6.4 beta),language-guide,LanguageGuide/ControlFlow.xhtml,LanguageGuide/ControlFlow.xhtml#Tuples,languageguide-controlflow-xhtml.011.tuples,4,Control Flow > Conditional Statements > Switch > Tuples,Tuples,skill,swift.switches.tuple-pattern,swift.switches.tuple-pattern,reviewed-implemented,Tuple case patterns and ignored elements.
The Swift Programming Language (Swift 6.4 beta),language-guide,LanguageGuide/ControlFlow.xhtml,LanguageGuide/ControlFlow.xhtml#Value-Bindings,languageguide-controlflow-xhtml.012.value-bindings,4,Control Flow > Conditional Statements > Switch > Value Bindings,Value Bindings,skill,swift.switches.value-binding,swift.switches.value-binding,reviewed-implemented,Pattern value binding.
The Swift Programming Language (Swift 6.4 beta),language-guide,LanguageGuide/ControlFlow.xhtml,LanguageGuide/ControlFlow.xhtml#Where,languageguide-controlflow-xhtml.013.where,4,Control Flow > Conditional Statements > Switch > Where,Where,skill,swift.switches.where-clause,swift.switches.where-clause,reviewed-implemented,Boolean case constraint.
The Swift Programming Language (Swift 6.4 beta),language-guide,LanguageGuide/ControlFlow.xhtml,LanguageGuide/ControlFlow.xhtml#Compound-Cases,languageguide-controlflow-xhtml.014.compound-cases,4,Control Flow > Conditional Statements > Switch > Compound Cases,Compound Cases,skill,swift.switches.compound-binding,swift.switches.compound-binding,reviewed-implemented,Shared bindings across compound patterns.
The Swift Programming Language (Swift 6.4 beta),language-guide,LanguageGuide/ControlFlow.xhtml,LanguageGuide/ControlFlow.xhtml#Patterns,languageguide-controlflow-xhtml.015.patterns,2,Control Flow > Patterns,Patterns,skill,swift.patterns.if-case|swift.patterns.for-case|swift.patterns.for-case-where,swift.patterns.if-case|swift.patterns.for-case|swift.patterns.for-case-where,reviewed-implemented,if-case and for-case pattern filtering with where.
The Swift Programming Language (Swift 6.4 beta),language-guide,LanguageGuide/ControlFlow.xhtml,LanguageGuide/ControlFlow.xhtml#Control-Transfer-Statements,languageguide-controlflow-xhtml.016.control-transfer-statements,2,Control Flow > Control Transfer Statements,Control Transfer Statements,overview,,,reviewed-no-lesson,Transfer-family overview; child sections carry the activities.
The Swift Programming Language (Swift 6.4 beta),language-guide,LanguageGuide/ControlFlow.xhtml,LanguageGuide/ControlFlow.xhtml#Continue,languageguide-controlflow-xhtml.017.continue,3,Control Flow > Control Transfer Statements > Continue,Continue,skill,swift.transfer.continue,swift.transfer.continue,reviewed-implemented,Skip current loop iteration.
The Swift Programming Language (Swift 6.4 beta),language-guide,LanguageGuide/ControlFlow.xhtml,LanguageGuide/ControlFlow.xhtml#Break,languageguide-controlflow-xhtml.018.break,3,Control Flow > Control Transfer Statements > Break,Break,overview,,,reviewed-no-lesson,Break overview; loop and switch child sections carry the activities.
The Swift Programming Language (Swift 6.4 beta),language-guide,LanguageGuide/ControlFlow.xhtml,LanguageGuide/ControlFlow.xhtml#Break-in-a-Loop-Statement,languageguide-controlflow-xhtml.019.break-in-a-loop-statement,4,Control Flow > Control Transfer Statements > Break > Break in a Loop Statement,Break in a Loop Statement,skill,swift.transfer.break-loop,swift.transfer.break-loop,reviewed-implemented,Exit nearest loop.
The Swift Programming Language (Swift 6.4 beta),language-guide,LanguageGuide/ControlFlow.xhtml,LanguageGuide/ControlFlow.xhtml#Break-in-a-Switch-Statement,languageguide-controlflow-xhtml.020.break-in-a-switch-statement,4,Control Flow > Control Transfer Statements > Break > Break in a Switch Statement,Break in a Switch Statement,skill,swift.transfer.break-switch,swift.transfer.break-switch,reviewed-implemented,Intentionally empty switch case.
The Swift Programming Language (Swift 6.4 beta),language-guide,LanguageGuide/ControlFlow.xhtml,LanguageGuide/ControlFlow.xhtml#Fallthrough,languageguide-controlflow-xhtml.021.fallthrough,3,Control Flow > Control Transfer Statements > Fallthrough,Fallthrough,skill,swift.transfer.fallthrough,swift.transfer.fallthrough,reviewed-implemented,Explicit entry into next switch body.
The Swift Programming Language (Swift 6.4 beta),language-guide,LanguageGuide/ControlFlow.xhtml,LanguageGuide/ControlFlow.xhtml#Labeled-Statements,languageguide-controlflow-xhtml.022.labeled-statements,3,Control Flow > Control Transfer Statements > Labeled Statements,Labeled Statements,skill,swift.transfer.labeled-break,swift.transfer.labeled-break,reviewed-implemented,Target an outer labeled statement.
The Swift Programming Language (Swift 6.4 beta),language-guide,LanguageGuide/ControlFlow.xhtml,LanguageGuide/ControlFlow.xhtml#Early-Exit,languageguide-controlflow-xhtml.023.early-exit,2,Control Flow > Early Exit,Early Exit,skill,swift.guard.early-exit,swift.guard.early-exit,reviewed-implemented,guard requirement and scope-wide binding.
The Swift Programming Language (Swift 6.4 beta),language-guide,LanguageGuide/ControlFlow.xhtml,LanguageGuide/ControlFlow.xhtml#Deferred-Actions,languageguide-controlflow-xhtml.024.deferred-actions,2,Control Flow > Deferred Actions,Deferred Actions,skill,swift.defer.scope-exit|swift.defer.reverse-order,swift.defer.scope-exit|swift.defer.reverse-order,reviewed-implemented,Scope-exit cleanup and reverse registration order.
The Swift Programming Language (Swift 6.4 beta),language-guide,LanguageGuide/ControlFlow.xhtml,LanguageGuide/ControlFlow.xhtml#Checking-API-Availability,languageguide-controlflow-xhtml.025.checking-api-availability,2,Control Flow > Checking API Availability,Checking API Availability,skill,swift.availability.available|swift.availability.unavailable,swift.availability.available|swift.availability.unavailable,reviewed-implemented,Positive and negative platform availability checks.
The Swift Programming Language (Swift 6.4 beta),language-guide,LanguageGuide/Functions.xhtml,LanguageGuide/Functions.xhtml#functions,languageguide-functions-xhtml.001.functions,1,Functions,Functions,overview,,,reviewed-no-lesson,Chapter overview; child sections carry the activities.
The Swift Programming Language (Swift 6.4 beta),language-guide,LanguageGuide/Functions.xhtml,LanguageGuide/Functions.xhtml#Defining-and-Calling-Functions,languageguide-functions-xhtml.002.defining-and-calling-functions,2,Functions > Defining and Calling Functions,Defining and Calling Functions,skill,swift.functions.define-call,swift.functions.define-call,reviewed-implemented,Named declaration parameter result and call syntax.
The Swift Programming Language (Swift 6.4 beta),language-guide,LanguageGuide/Functions.xhtml,LanguageGuide/Functions.xhtml#Function-Parameters-and-Return-Values,languageguide-functions-xhtml.003.function-parameters-and-return-values,2,Functions > Function Parameters and Return Values,Function Parameters and Return Values,overview,,,reviewed-no-lesson,Signature overview; child sections carry the activities.
The Swift Programming Language (Swift 6.4 beta),language-guide,LanguageGuide/Functions.xhtml,LanguageGuide/Functions.xhtml#Functions-Without-Parameters,languageguide-functions-xhtml.004.functions-without-parameters,3,Functions > Function Parameters and Return Values > Functions Without Parameters,Functions Without Parameters,skill,swift.functions.no-parameters,swift.functions.no-parameters,reviewed-implemented,No-parameter declaration and call.
The Swift Programming Language (Swift 6.4 beta),language-guide,LanguageGuide/Functions.xhtml,LanguageGuide/Functions.xhtml#Functions-With-Multiple-Parameters,languageguide-functions-xhtml.005.functions-with-multiple-parameters,3,Functions > Function Parameters and Return Values > Functions With Multiple Parameters,Functions With Multiple Parameters,skill,swift.functions.multiple-parameters,swift.functions.multiple-parameters,reviewed-implemented,Multiple labeled arguments.
The Swift Programming Language (Swift 6.4 beta),language-guide,LanguageGuide/Functions.xhtml,LanguageGuide/Functions.xhtml#Functions-Without-Return-Values,languageguide-functions-xhtml.006.functions-without-return-values,3,Functions > Function Parameters and Return Values > Functions Without Return Values,Functions Without Return Values,skill,swift.functions.void-return,swift.functions.void-return,reviewed-implemented,Explicit Void result equivalent to omitted annotation.
The Swift Programming Language (Swift 6.4 beta),language-guide,LanguageGuide/Functions.xhtml,LanguageGuide/Functions.xhtml#Functions-with-Multiple-Return-Values,languageguide-functions-xhtml.007.functions-with-multiple-return-values,3,Functions > Function Parameters and Return Values > Functions with Multiple Return Values,Functions with Multiple Return Values,skill,swift.functions.tuple-return,swift.functions.tuple-return,reviewed-implemented,Named tuple result.
The Swift Programming Language (Swift 6.4 beta),language-guide,LanguageGuide/Functions.xhtml,LanguageGuide/Functions.xhtml#Optional-Tuple-Return-Types,languageguide-functions-xhtml.008.optional-tuple-return-types,4,Functions > Function Parameters and Return Values > Functions with Multiple Return Values > Optional Tuple Return Types,Optional Tuple Return Types,skill,swift.functions.optional-tuple-return,swift.functions.optional-tuple-return,reviewed-implemented,Optional whole-tuple result.
The Swift Programming Language (Swift 6.4 beta),language-guide,LanguageGuide/Functions.xhtml,LanguageGuide/Functions.xhtml#Functions-With-an-Implicit-Return,languageguide-functions-xhtml.009.functions-with-an-implicit-return,3,Functions > Function Parameters and Return Values > Functions With an Implicit Return,Functions With an Implicit Return,skill,swift.functions.implicit-return,swift.functions.implicit-return,reviewed-implemented,Single-expression implicit return.
The Swift Programming Language (Swift 6.4 beta),language-guide,LanguageGuide/Functions.xhtml,LanguageGuide/Functions.xhtml#Function-Argument-Labels-and-Parameter-Names,languageguide-functions-xhtml.010.function-argument-labels-and-parameter-names,2,Functions > Function Argument Labels and Parameter Names,Function Argument Labels and Parameter Names,overview,,,reviewed-no-lesson,Label and parameter-name overview; child sections carry the activities.
The Swift Programming Language (Swift 6.4 beta),language-guide,LanguageGuide/Functions.xhtml,LanguageGuide/Functions.xhtml#Specifying-Argument-Labels,languageguide-functions-xhtml.011.specifying-argument-labels,3,Functions > Function Argument Labels and Parameter Names > Specifying Argument Labels,Specifying Argument Labels,skill,swift.functions.argument-label,swift.functions.argument-label,reviewed-implemented,External label and internal name.
The Swift Programming Language (Swift 6.4 beta),language-guide,LanguageGuide/Functions.xhtml,LanguageGuide/Functions.xhtml#Omitting-Argument-Labels,languageguide-functions-xhtml.012.omitting-argument-labels,3,Functions > Function Argument Labels and Parameter Names > Omitting Argument Labels,Omitting Argument Labels,skill,swift.functions.omit-label,swift.functions.omit-label,reviewed-implemented,Underscore label omission.
The Swift Programming Language (Swift 6.4 beta),language-guide,LanguageGuide/Functions.xhtml,LanguageGuide/Functions.xhtml#Default-Parameter-Values,languageguide-functions-xhtml.013.default-parameter-values,3,Functions > Function Argument Labels and Parameter Names > Default Parameter Values,Default Parameter Values,skill,swift.functions.default-parameter,swift.functions.default-parameter,reviewed-implemented,Caller-optional default value.
The Swift Programming Language (Swift 6.4 beta),language-guide,LanguageGuide/Functions.xhtml,LanguageGuide/Functions.xhtml#Variadic-Parameters,languageguide-functions-xhtml.014.variadic-parameters,3,Functions > Function Argument Labels and Parameter Names > Variadic Parameters,Variadic Parameters,skill,swift.functions.variadic,swift.functions.variadic,reviewed-implemented,Variadic parameter collected as Array.
The Swift Programming Language (Swift 6.4 beta),language-guide,LanguageGuide/Functions.xhtml,LanguageGuide/Functions.xhtml#In-Out-Parameters,languageguide-functions-xhtml.015.in-out-parameters,3,Functions > Function Argument Labels and Parameter Names > In-Out Parameters,In-Out Parameters,skill,swift.functions.inout-parameter|swift.functions.inout-call,swift.functions.inout-parameter|swift.functions.inout-call,reviewed-implemented,inout declaration and ampersand call syntax.
The Swift Programming Language (Swift 6.4 beta),language-guide,LanguageGuide/Functions.xhtml,LanguageGuide/Functions.xhtml#Function-Types,languageguide-functions-xhtml.016.function-types,2,Functions > Function Types,Function Types,skill,swift.functions.function-type,swift.functions.function-type,reviewed-implemented,Parameter-to-result function type.
The Swift Programming Language (Swift 6.4 beta),language-guide,LanguageGuide/Functions.xhtml,LanguageGuide/Functions.xhtml#Using-Function-Types,languageguide-functions-xhtml.017.using-function-types,3,Functions > Function Types > Using Function Types,Using Function Types,skill,swift.functions.function-value,swift.functions.function-value,reviewed-implemented,Assigning a named function as a value.
The Swift Programming Language (Swift 6.4 beta),language-guide,LanguageGuide/Functions.xhtml,LanguageGuide/Functions.xhtml#Function-Types-as-Parameter-Types,languageguide-functions-xhtml.018.function-types-as-parameter-types,3,Functions > Function Types > Function Types as Parameter Types,Function Types as Parameter Types,skill,swift.functions.function-parameter,swift.functions.function-parameter,reviewed-implemented,Behavior injection through function parameter.
The Swift Programming Language (Swift 6.4 beta),language-guide,LanguageGuide/Functions.xhtml,LanguageGuide/Functions.xhtml#Function-Types-as-Return-Types,languageguide-functions-xhtml.019.function-types-as-return-types,3,Functions > Function Types > Function Types as Return Types,Function Types as Return Types,skill,swift.functions.function-return,swift.functions.function-return,reviewed-implemented,Returning selected behavior.
The Swift Programming Language (Swift 6.4 beta),language-guide,LanguageGuide/Functions.xhtml,LanguageGuide/Functions.xhtml#Nested-Functions,languageguide-functions-xhtml.020.nested-functions,2,Functions > Nested Functions,Nested Functions,skill,swift.functions.nested,swift.functions.nested,reviewed-implemented,Locally scoped helper function.
The Swift Programming Language (Swift 6.4 beta),language-guide,LanguageGuide/Closures.xhtml,LanguageGuide/Closures.xhtml#closures,languageguide-closures-xhtml.001.closures,1,Closures,Closures,overview,,,reviewed-no-lesson,Chapter overview; child sections carry the activities.
The Swift Programming Language (Swift 6.4 beta),language-guide,LanguageGuide/Closures.xhtml,LanguageGuide/Closures.xhtml#Closure-Expressions,languageguide-closures-xhtml.002.closure-expressions,2,Closures > Closure Expressions,Closure Expressions,overview,,,reviewed-no-lesson,Closure-expression overview; child sections carry the activities.
The Swift Programming Language (Swift 6.4 beta),language-guide,LanguageGuide/Closures.xhtml,LanguageGuide/Closures.xhtml#The-Sorted-Method,languageguide-closures-xhtml.003.the-sorted-method,3,Closures > Closure Expressions > The Sorted Method,The Sorted Method,skill,swift.closures.sorted-comparator,swift.closures.sorted-comparator,reviewed-implemented,Function comparator passed to sorted.
The Swift Programming Language (Swift 6.4 beta),language-guide,LanguageGuide/Closures.xhtml,LanguageGuide/Closures.xhtml#Closure-Expression-Syntax,languageguide-closures-xhtml.004.closure-expression-syntax,3,Closures > Closure Expressions > Closure Expression Syntax,Closure Expression Syntax,skill,swift.closures.expression-syntax,swift.closures.expression-syntax,reviewed-implemented,Parameters result and in separator.
The Swift Programming Language (Swift 6.4 beta),language-guide,LanguageGuide/Closures.xhtml,LanguageGuide/Closures.xhtml#Inferring-Type-From-Context,languageguide-closures-xhtml.005.inferring-type-from-context,3,Closures > Closure Expressions > Inferring Type From Context,Inferring Type From Context,skill,swift.closures.inferred-types,swift.closures.inferred-types,reviewed-implemented,Contextual parameter and result inference.
The Swift Programming Language (Swift 6.4 beta),language-guide,LanguageGuide/Closures.xhtml,LanguageGuide/Closures.xhtml#Implicit-Returns-from-Single-Expression-Closures,languageguide-closures-xhtml.006.implicit-returns-from-single-expression-closures,3,Closures > Closure Expressions > Implicit Returns from Single-Expression Closures,Implicit Returns from Single-Expression Closures,skill,swift.closures.implicit-return,swift.closures.implicit-return,reviewed-implemented,Single-expression implicit return.
The Swift Programming Language (Swift 6.4 beta),language-guide,LanguageGuide/Closures.xhtml,LanguageGuide/Closures.xhtml#Shorthand-Argument-Names,languageguide-closures-xhtml.007.shorthand-argument-names,3,Closures > Closure Expressions > Shorthand Argument Names,Shorthand Argument Names,skill,swift.closures.shorthand-arguments,swift.closures.shorthand-arguments,reviewed-implemented,Dollar-indexed inferred arguments.
The Swift Programming Language (Swift 6.4 beta),language-guide,LanguageGuide/Closures.xhtml,LanguageGuide/Closures.xhtml#Operator-Methods,languageguide-closures-xhtml.008.operator-methods,3,Closures > Closure Expressions > Operator Methods,Operator Methods,skill,swift.closures.operator-method,swift.closures.operator-method,reviewed-implemented,Compatible operator passed as function value.
The Swift Programming Language (Swift 6.4 beta),language-guide,LanguageGuide/Closures.xhtml,LanguageGuide/Closures.xhtml#Trailing-Closures,languageguide-closures-xhtml.009.trailing-closures,2,Closures > Trailing Closures,Trailing Closures,skill,swift.closures.trailing|swift.closures.multiple-trailing|swift.closures.map-transform,swift.closures.trailing|swift.closures.multiple-trailing|swift.closures.map-transform,reviewed-implemented,Single and multiple trailing closures plus map transformation.
The Swift Programming Language (Swift 6.4 beta),language-guide,LanguageGuide/Closures.xhtml,LanguageGuide/Closures.xhtml#Capturing-Values,languageguide-closures-xhtml.010.capturing-values,2,Closures > Capturing Values,Capturing Values,skill,swift.closures.capture,swift.closures.capture,reviewed-implemented,Captured mutable state across calls.
The Swift Programming Language (Swift 6.4 beta),language-guide,LanguageGuide/Closures.xhtml,LanguageGuide/Closures.xhtml#Closures-Are-Reference-Types,languageguide-closures-xhtml.011.closures-are-reference-types,2,Closures > Closures Are Reference Types,Closures Are Reference Types,skill,swift.closures.reference-semantics,swift.closures.reference-semantics,reviewed-implemented,Shared closure identity and capture storage.
The Swift Programming Language (Swift 6.4 beta),language-guide,LanguageGuide/Closures.xhtml,LanguageGuide/Closures.xhtml#Escaping-Closures,languageguide-closures-xhtml.012.escaping-closures,2,Closures > Escaping Closures,Escaping Closures,skill,swift.closures.escaping|swift.closures.explicit-self,swift.closures.escaping|swift.closures.explicit-self,reviewed-implemented,Escaping lifetime and explicit instance capture.
The Swift Programming Language (Swift 6.4 beta),language-guide,LanguageGuide/Closures.xhtml,LanguageGuide/Closures.xhtml#Autoclosures,languageguide-closures-xhtml.013.autoclosures,2,Closures > Autoclosures,Autoclosures,skill,swift.closures.autoclosure|swift.closures.escaping-autoclosure,swift.closures.autoclosure|swift.closures.escaping-autoclosure,reviewed-implemented,Implicit lazy closure creation and stored autoclosures.
The Swift Programming Language (Swift 6.4 beta),language-guide,LanguageGuide/Enumerations.xhtml,LanguageGuide/Enumerations.xhtml#enumerations,languageguide-enumerations-xhtml.001.enumerations,1,Enumerations,Enumerations,overview,,,reviewed-no-lesson,Chapter overview; child sections carry the activities.
The Swift Programming Language (Swift 6.4 beta),language-guide,LanguageGuide/Enumerations.xhtml,LanguageGuide/Enumerations.xhtml#Enumeration-Syntax,languageguide-enumerations-xhtml.002.enumeration-syntax,2,Enumerations > Enumeration Syntax,Enumeration Syntax,skill,swift.enums.syntax|swift.enums.inferred-case,swift.enums.syntax|swift.enums.inferred-case,reviewed-implemented,Enum declaration and contextual member syntax.
The Swift Programming Language (Swift 6.4 beta),language-guide,LanguageGuide/Enumerations.xhtml,LanguageGuide/Enumerations.xhtml#Matching-Enumeration-Values-with-a-Switch-Statement,languageguide-enumerations-xhtml.003.matching-enumeration-values-with-a-switch-statement,2,Enumerations > Matching Enumeration Values with a Switch Statement,Matching Enumeration Values with a Switch Statement,skill,swift.enums.switch,swift.enums.switch,reviewed-implemented,Enum case switch matching.
The Swift Programming Language (Swift 6.4 beta),language-guide,LanguageGuide/Enumerations.xhtml,LanguageGuide/Enumerations.xhtml#Iterating-over-Enumeration-Cases,languageguide-enumerations-xhtml.004.iterating-over-enumeration-cases,2,Enumerations > Iterating over Enumeration Cases,Iterating over Enumeration Cases,skill,swift.enums.case-iterable,swift.enums.case-iterable,reviewed-implemented,CaseIterable and allCases.
The Swift Programming Language (Swift 6.4 beta),language-guide,LanguageGuide/Enumerations.xhtml,LanguageGuide/Enumerations.xhtml#Associated-Values,languageguide-enumerations-xhtml.005.associated-values,2,Enumerations > Associated Values,Associated Values,skill,swift.enums.associated-values|swift.enums.associated-construction|swift.enums.associated-binding,swift.enums.associated-values|swift.enums.associated-construction|swift.enums.associated-binding,reviewed-implemented,Case payload declaration construction and extraction.
The Swift Programming Language (Swift 6.4 beta),language-guide,LanguageGuide/Enumerations.xhtml,LanguageGuide/Enumerations.xhtml#Raw-Values,languageguide-enumerations-xhtml.006.raw-values,2,Enumerations > Raw Values,Raw Values,skill,swift.enums.raw-character,swift.enums.raw-character,reviewed-implemented,Common raw-value type.
The Swift Programming Language (Swift 6.4 beta),language-guide,LanguageGuide/Enumerations.xhtml,LanguageGuide/Enumerations.xhtml#Implicitly-Assigned-Raw-Values,languageguide-enumerations-xhtml.007.implicitly-assigned-raw-values,3,Enumerations > Raw Values > Implicitly Assigned Raw Values,Implicitly Assigned Raw Values,skill,swift.enums.implicit-int-raw|swift.enums.implicit-string-raw,swift.enums.implicit-int-raw|swift.enums.implicit-string-raw,reviewed-implemented,Automatic Int increment and String case-name values.
The Swift Programming Language (Swift 6.4 beta),language-guide,LanguageGuide/Enumerations.xhtml,LanguageGuide/Enumerations.xhtml#Initializing-from-a-Raw-Value,languageguide-enumerations-xhtml.008.initializing-from-a-raw-value,3,Enumerations > Raw Values > Initializing from a Raw Value,Initializing from a Raw Value,skill,swift.enums.raw-initializer,swift.enums.raw-initializer,reviewed-implemented,Failable rawValue initializer.
The Swift Programming Language (Swift 6.4 beta),language-guide,LanguageGuide/Enumerations.xhtml,LanguageGuide/Enumerations.xhtml#Recursive-Enumerations,languageguide-enumerations-xhtml.009.recursive-enumerations,2,Enumerations > Recursive Enumerations,Recursive Enumerations,skill,swift.enums.recursive-indirect,swift.enums.recursive-indirect,reviewed-implemented,Indirect recursive case storage.
The Swift Programming Language (Swift 6.4 beta),language-guide,LanguageGuide/ClassesAndStructures.xhtml,LanguageGuide/ClassesAndStructures.xhtml#structures-and-classes,languageguide-classesandstructures-xhtml.001.structures-and-classes,1,Structures and Classes,Structures and Classes,context,,,reviewed-no-lesson,Reviewed as chapter context or explanatory grouping; no distinct interaction required.
The Swift Programming Language (Swift 6.4 beta),language-guide,LanguageGuide/ClassesAndStructures.xhtml,LanguageGuide/ClassesAndStructures.xhtml#Comparing-Structures-and-Classes,languageguide-classesandstructures-xhtml.002.comparing-structures-and-classes,2,Structures and Classes > Comparing Structures and Classes,Comparing Structures and Classes,context,,,reviewed-no-lesson,Reviewed as chapter context or explanatory grouping; no distinct interaction required.
The Swift Programming Language (Swift 6.4 beta),language-guide,LanguageGuide/ClassesAndStructures.xhtml,LanguageGuide/ClassesAndStructures.xhtml#Definition-Syntax,languageguide-classesandstructures-xhtml.003.definition-syntax,3,Structures and Classes > Comparing Structures and Classes > Definition Syntax,Definition Syntax,teachable,swift.types.structure-definition|swift.types.class-definition,swift.types.structure-definition|swift.types.class-definition,reviewed-implemented,Mapped to interactive lesson.
The Swift Programming Language (Swift 6.4 beta),language-guide,LanguageGuide/ClassesAndStructures.xhtml,LanguageGuide/ClassesAndStructures.xhtml#Structure-and-Class-Instances,languageguide-classesandstructures-xhtml.004.structure-and-class-instances,3,Structures and Classes > Comparing Structures and Classes > Structure and Class Instances,Structure and Class Instances,teachable,swift.types.instances,swift.types.instances,reviewed-implemented,Mapped to interactive lesson.
The Swift Programming Language (Swift 6.4 beta),language-guide,LanguageGuide/ClassesAndStructures.xhtml,LanguageGuide/ClassesAndStructures.xhtml#Accessing-Properties,languageguide-classesandstructures-xhtml.005.accessing-properties,3,Structures and Classes > Comparing Structures and Classes > Accessing Properties,Accessing Properties,teachable,swift.types.property-access,swift.types.property-access,reviewed-implemented,Mapped to interactive lesson.
The Swift Programming Language (Swift 6.4 beta),language-guide,LanguageGuide/ClassesAndStructures.xhtml,LanguageGuide/ClassesAndStructures.xhtml#Memberwise-Initializers-for-Structure-Types,languageguide-classesandstructures-xhtml.006.memberwise-initializers-for-structure-types,3,Structures and Classes > Comparing Structures and Classes > Memberwise Initializers for Structure Types,Memberwise Initializers for Structure Types,teachable,swift.types.memberwise-init,swift.types.memberwise-init,reviewed-implemented,Mapped to interactive lesson.
The Swift Programming Language (Swift 6.4 beta),language-guide,LanguageGuide/ClassesAndStructures.xhtml,LanguageGuide/ClassesAndStructures.xhtml#Structures-and-Enumerations-Are-Value-Types,languageguide-classesandstructures-xhtml.007.structures-and-enumerations-are-value-types,2,Structures and Classes > Structures and Enumerations Are Value Types,Structures and Enumerations Are Value Types,teachable,swift.types.value-copy,swift.types.value-copy,reviewed-implemented,Mapped to interactive lesson.
The Swift Programming Language (Swift 6.4 beta),language-guide,LanguageGuide/ClassesAndStructures.xhtml,LanguageGuide/ClassesAndStructures.xhtml#Classes-Are-Reference-Types,languageguide-classesandstructures-xhtml.008.classes-are-reference-types,2,Structures and Classes > Classes Are Reference Types,Classes Are Reference Types,teachable,swift.types.reference-sharing,swift.types.reference-sharing,reviewed-implemented,Mapped to interactive lesson.
The Swift Programming Language (Swift 6.4 beta),language-guide,LanguageGuide/ClassesAndStructures.xhtml,LanguageGuide/ClassesAndStructures.xhtml#Identity-Operators,languageguide-classesandstructures-xhtml.009.identity-operators,3,Structures and Classes > Classes Are Reference Types > Identity Operators,Identity Operators,teachable,swift.types.identity,swift.types.identity,reviewed-implemented,Mapped to interactive lesson.
The Swift Programming Language (Swift 6.4 beta),language-guide,LanguageGuide/ClassesAndStructures.xhtml,LanguageGuide/ClassesAndStructures.xhtml#Pointers,languageguide-classesandstructures-xhtml.010.pointers,3,Structures and Classes > Classes Are Reference Types > Pointers,Pointers,context,,,reviewed-no-lesson,Reviewed as chapter context or explanatory grouping; no distinct interaction required.
The Swift Programming Language (Swift 6.4 beta),language-guide,LanguageGuide/Properties.xhtml,LanguageGuide/Properties.xhtml#properties,languageguide-properties-xhtml.001.properties,1,Properties,Properties,context,,,reviewed-no-lesson,Reviewed as chapter context or explanatory grouping; no distinct interaction required.
The Swift Programming Language (Swift 6.4 beta),language-guide,LanguageGuide/Properties.xhtml,LanguageGuide/Properties.xhtml#Stored-Properties,languageguide-properties-xhtml.002.stored-properties,2,Properties > Stored Properties,Stored Properties,teachable,swift.properties.stored,swift.properties.stored,reviewed-implemented,Mapped to interactive lesson.
The Swift Programming Language (Swift 6.4 beta),language-guide,LanguageGuide/Properties.xhtml,LanguageGuide/Properties.xhtml#Stored-Properties-of-Constant-Structure-Instances,languageguide-properties-xhtml.003.stored-properties-of-constant-structure-instances,3,Properties > Stored Properties > Stored Properties of Constant Structure Instances,Stored Properties of Constant Structure Instances,teachable,swift.properties.constant-struct,swift.properties.constant-struct,reviewed-implemented,Mapped to interactive lesson.
The Swift Programming Language (Swift 6.4 beta),language-guide,LanguageGuide/Properties.xhtml,LanguageGuide/Properties.xhtml#Lazy-Stored-Properties,languageguide-properties-xhtml.004.lazy-stored-properties,3,Properties > Stored Properties > Lazy Stored Properties,Lazy Stored Properties,teachable,swift.properties.lazy,swift.properties.lazy,reviewed-implemented,Mapped to interactive lesson.
The Swift Programming Language (Swift 6.4 beta),language-guide,LanguageGuide/Properties.xhtml,LanguageGuide/Properties.xhtml#Stored-Properties-and-Instance-Variables,languageguide-properties-xhtml.005.stored-properties-and-instance-variables,3,Properties > Stored Properties > Stored Properties and Instance Variables,Stored Properties and Instance Variables,teachable,swift.properties.stored,swift.properties.stored,reviewed-implemented,Mapped to interactive lesson.
The Swift Programming Language (Swift 6.4 beta),language-guide,LanguageGuide/Properties.xhtml,LanguageGuide/Properties.xhtml#Computed-Properties,languageguide-properties-xhtml.006.computed-properties,2,Properties > Computed Properties,Computed Properties,teachable,swift.properties.computed,swift.properties.computed,reviewed-implemented,Mapped to interactive lesson.
The Swift Programming Language (Swift 6.4 beta),language-guide,LanguageGuide/Properties.xhtml,LanguageGuide/Properties.xhtml#Shorthand-Setter-Declaration,languageguide-properties-xhtml.007.shorthand-setter-declaration,3,Properties > Computed Properties > Shorthand Setter Declaration,Shorthand Setter Declaration,teachable,swift.properties.shorthand-setter,swift.properties.shorthand-setter,reviewed-implemented,Mapped to interactive lesson.
The Swift Programming Language (Swift 6.4 beta),language-guide,LanguageGuide/Properties.xhtml,LanguageGuide/Properties.xhtml#Shorthand-Getter-Declaration,languageguide-properties-xhtml.008.shorthand-getter-declaration,3,Properties > Computed Properties > Shorthand Getter Declaration,Shorthand Getter Declaration,teachable,swift.properties.shorthand-getter,swift.properties.shorthand-getter,reviewed-implemented,Mapped to interactive lesson.
The Swift Programming Language (Swift 6.4 beta),language-guide,LanguageGuide/Properties.xhtml,LanguageGuide/Properties.xhtml#Read-Only-Computed-Properties,languageguide-properties-xhtml.009.read-only-computed-properties,3,Properties > Computed Properties > Read-Only Computed Properties,Read-Only Computed Properties,teachable,swift.properties.read-only,swift.properties.read-only,reviewed-implemented,Mapped to interactive lesson.
The Swift Programming Language (Swift 6.4 beta),language-guide,LanguageGuide/Properties.xhtml,LanguageGuide/Properties.xhtml#Property-Observers,languageguide-properties-xhtml.010.property-observers,2,Properties > Property Observers,Property Observers,teachable,swift.properties.observers,swift.properties.observers,reviewed-implemented,Mapped to interactive lesson.
The Swift Programming Language (Swift 6.4 beta),language-guide,LanguageGuide/Properties.xhtml,LanguageGuide/Properties.xhtml#Property-Wrappers,languageguide-properties-xhtml.011.property-wrappers,2,Properties > Property Wrappers,Property Wrappers,teachable,swift.properties.wrapper,swift.properties.wrapper,reviewed-implemented,Mapped to interactive lesson.
The Swift Programming Language (Swift 6.4 beta),language-guide,LanguageGuide/Properties.xhtml,LanguageGuide/Properties.xhtml#Setting-Initial-Values-for-Wrapped-Properties,languageguide-properties-xhtml.012.setting-initial-values-for-wrapped-properties,3,Properties > Property Wrappers > Setting Initial Values for Wrapped Properties,Setting Initial Values for Wrapped Properties,teachable,swift.properties.wrapper-initial-value,swift.properties.wrapper-initial-value,reviewed-implemented,Mapped to interactive lesson.
The Swift Programming Language (Swift 6.4 beta),language-guide,LanguageGuide/Properties.xhtml,LanguageGuide/Properties.xhtml#Projecting-a-Value-From-a-Property-Wrapper,languageguide-properties-xhtml.013.projecting-a-value-from-a-property-wrapper,3,Properties > Property Wrappers > Projecting a Value From a Property Wrapper,Projecting a Value From a Property Wrapper,teachable,swift.properties.projected-value,swift.properties.projected-value,reviewed-implemented,Mapped to interactive lesson.
The Swift Programming Language (Swift 6.4 beta),language-guide,LanguageGuide/Properties.xhtml,LanguageGuide/Properties.xhtml#Global-and-Local-Variables,languageguide-properties-xhtml.014.global-and-local-variables,2,Properties > Global and Local Variables,Global and Local Variables,teachable,swift.properties.global-local,swift.properties.global-local,reviewed-implemented,Mapped to interactive lesson.
The Swift Programming Language (Swift 6.4 beta),language-guide,LanguageGuide/Properties.xhtml,LanguageGuide/Properties.xhtml#Type-Properties,languageguide-properties-xhtml.015.type-properties,2,Properties > Type Properties,Type Properties,teachable,swift.properties.type-syntax,swift.properties.type-syntax,reviewed-implemented,Mapped to interactive lesson.
The Swift Programming Language (Swift 6.4 beta),language-guide,LanguageGuide/Properties.xhtml,LanguageGuide/Properties.xhtml#Type-Property-Syntax,languageguide-properties-xhtml.016.type-property-syntax,3,Properties > Type Properties > Type Property Syntax,Type Property Syntax,teachable,swift.properties.type-syntax,swift.properties.type-syntax,reviewed-implemented,Mapped to interactive lesson.
The Swift Programming Language (Swift 6.4 beta),language-guide,LanguageGuide/Properties.xhtml,LanguageGuide/Properties.xhtml#Querying-and-Setting-Type-Properties,languageguide-properties-xhtml.017.querying-and-setting-type-properties,3,Properties > Type Properties > Querying and Setting Type Properties,Querying and Setting Type Properties,teachable,swift.properties.type-access,swift.properties.type-access,reviewed-implemented,Mapped to interactive lesson.
The Swift Programming Language (Swift 6.4 beta),language-guide,LanguageGuide/Methods.xhtml,LanguageGuide/Methods.xhtml#methods,languageguide-methods-xhtml.001.methods,1,Methods,Methods,context,,,reviewed-no-lesson,Reviewed as chapter context or explanatory grouping; no distinct interaction required.
The Swift Programming Language (Swift 6.4 beta),language-guide,LanguageGuide/Methods.xhtml,LanguageGuide/Methods.xhtml#Instance-Methods,languageguide-methods-xhtml.002.instance-methods,2,Methods > Instance Methods,Instance Methods,teachable,swift.methods.instance,swift.methods.instance,reviewed-implemented,Mapped to interactive lesson.
The Swift Programming Language (Swift 6.4 beta),language-guide,LanguageGuide/Methods.xhtml,LanguageGuide/Methods.xhtml#The-self-Property,languageguide-methods-xhtml.003.the-self-property,3,Methods > Instance Methods > The self Property,The self Property,teachable,swift.methods.self,swift.methods.self,reviewed-implemented,Mapped to interactive lesson.
The Swift Programming Language (Swift 6.4 beta),language-guide,LanguageGuide/Methods.xhtml,LanguageGuide/Methods.xhtml#Modifying-Value-Types-from-Within-Instance-Methods,languageguide-methods-xhtml.004.modifying-value-types-from-within-instance-methods,3,Methods > Instance Methods > Modifying Value Types from Within Instance Methods,Modifying Value Types from Within Instance Methods,teachable,swift.methods.mutating,swift.methods.mutating,reviewed-implemented,Mapped to interactive lesson.
The Swift Programming Language (Swift 6.4 beta),language-guide,LanguageGuide/Methods.xhtml,LanguageGuide/Methods.xhtml#Assigning-to-self-Within-a-Mutating-Method,languageguide-methods-xhtml.005.assigning-to-self-within-a-mutating-method,3,Methods > Instance Methods > Assigning to self Within a Mutating Method,Assigning to self Within a Mutating Method,teachable,swift.methods.assign-self,swift.methods.assign-self,reviewed-implemented,Mapped to interactive lesson.
The Swift Programming Language (Swift 6.4 beta),language-guide,LanguageGuide/Methods.xhtml,LanguageGuide/Methods.xhtml#Type-Methods,languageguide-methods-xhtml.006.type-methods,2,Methods > Type Methods,Type Methods,teachable,swift.methods.type,swift.methods.type,reviewed-implemented,Mapped to interactive lesson.
The Swift Programming Language (Swift 6.4 beta),language-guide,LanguageGuide/Subscripts.xhtml,LanguageGuide/Subscripts.xhtml#subscripts,languageguide-subscripts-xhtml.001.subscripts,1,Subscripts,Subscripts,context,,,reviewed-no-lesson,Reviewed as chapter context or explanatory grouping; no distinct interaction required.
The Swift Programming Language (Swift 6.4 beta),language-guide,LanguageGuide/Subscripts.xhtml,LanguageGuide/Subscripts.xhtml#Subscript-Syntax,languageguide-subscripts-xhtml.002.subscript-syntax,2,Subscripts > Subscript Syntax,Subscript Syntax,teachable,swift.subscripts.syntax,swift.subscripts.syntax,reviewed-implemented,Mapped to interactive lesson.
The Swift Programming Language (Swift 6.4 beta),language-guide,LanguageGuide/Subscripts.xhtml,LanguageGuide/Subscripts.xhtml#Subscript-Usage,languageguide-subscripts-xhtml.003.subscript-usage,2,Subscripts > Subscript Usage,Subscript Usage,teachable,swift.subscripts.usage,swift.subscripts.usage,reviewed-implemented,Mapped to interactive lesson.
The Swift Programming Language (Swift 6.4 beta),language-guide,LanguageGuide/Subscripts.xhtml,LanguageGuide/Subscripts.xhtml#Subscript-Options,languageguide-subscripts-xhtml.004.subscript-options,2,Subscripts > Subscript Options,Subscript Options,teachable,swift.subscripts.options,swift.subscripts.options,reviewed-implemented,Mapped to interactive lesson.
The Swift Programming Language (Swift 6.4 beta),language-guide,LanguageGuide/Subscripts.xhtml,LanguageGuide/Subscripts.xhtml#Type-Subscripts,languageguide-subscripts-xhtml.005.type-subscripts,2,Subscripts > Type Subscripts,Type Subscripts,teachable,swift.subscripts.type,swift.subscripts.type,reviewed-implemented,Mapped to interactive lesson.
The Swift Programming Language (Swift 6.4 beta),language-guide,LanguageGuide/Inheritance.xhtml,LanguageGuide/Inheritance.xhtml#inheritance,languageguide-inheritance-xhtml.001.inheritance,1,Inheritance,Inheritance,context,,,reviewed-no-lesson,Reviewed as chapter context or explanatory grouping; no distinct interaction required.
The Swift Programming Language (Swift 6.4 beta),language-guide,LanguageGuide/Inheritance.xhtml,LanguageGuide/Inheritance.xhtml#Defining-a-Base-Class,languageguide-inheritance-xhtml.002.defining-a-base-class,2,Inheritance > Defining a Base Class,Defining a Base Class,teachable,swift.inheritance.base-class,swift.inheritance.base-class,reviewed-implemented,Mapped to interactive lesson.
The Swift Programming Language (Swift 6.4 beta),language-guide,LanguageGuide/Inheritance.xhtml,LanguageGuide/Inheritance.xhtml#Subclassing,languageguide-inheritance-xhtml.003.subclassing,2,Inheritance > Subclassing,Subclassing,teachable,swift.inheritance.subclass,swift.inheritance.subclass,reviewed-implemented,Mapped to interactive lesson.
The Swift Programming Language (Swift 6.4 beta),language-guide,LanguageGuide/Inheritance.xhtml,LanguageGuide/Inheritance.xhtml#Overriding,languageguide-inheritance-xhtml.004.overriding,2,Inheritance > Overriding,Overriding,context,,,reviewed-no-lesson,Reviewed as chapter context or explanatory grouping; no distinct interaction required.
The Swift Programming Language (Swift 6.4 beta),language-guide,LanguageGuide/Inheritance.xhtml,LanguageGuide/Inheritance.xhtml#Accessing-Superclass-Methods-Properties-and-Subscripts,languageguide-inheritance-xhtml.005.accessing-superclass-methods-properties-and-subscripts,3,"Inheritance > Overriding > Accessing Superclass Methods, Properties, and Subscripts","Accessing Superclass Methods, Properties, and Subscripts",teachable,swift.inheritance.super,swift.inheritance.super,reviewed-implemented,Mapped to interactive lesson.
The Swift Programming Language (Swift 6.4 beta),language-guide,LanguageGuide/Inheritance.xhtml,LanguageGuide/Inheritance.xhtml#Overriding-Methods,languageguide-inheritance-xhtml.006.overriding-methods,3,Inheritance > Overriding > Overriding Methods,Overriding Methods,teachable,swift.inheritance.override-method,swift.inheritance.override-method,reviewed-implemented,Mapped to interactive lesson.
The Swift Programming Language (Swift 6.4 beta),language-guide,LanguageGuide/Inheritance.xhtml,LanguageGuide/Inheritance.xhtml#Overriding-Properties,languageguide-inheritance-xhtml.007.overriding-properties,3,Inheritance > Overriding > Overriding Properties,Overriding Properties,teachable,swift.inheritance.override-property,swift.inheritance.override-property,reviewed-implemented,Mapped to interactive lesson.
The Swift Programming Language (Swift 6.4 beta),language-guide,LanguageGuide/Inheritance.xhtml,LanguageGuide/Inheritance.xhtml#Overriding-Property-Getters-and-Setters,languageguide-inheritance-xhtml.008.overriding-property-getters-and-setters,4,Inheritance > Overriding > Overriding Properties > Overriding Property Getters and Setters,Overriding Property Getters and Setters,teachable,swift.inheritance.override-property,swift.inheritance.override-property,reviewed-implemented,Mapped to interactive lesson.
The Swift Programming Language (Swift 6.4 beta),language-guide,LanguageGuide/Inheritance.xhtml,LanguageGuide/Inheritance.xhtml#Overriding-Property-Observers,languageguide-inheritance-xhtml.009.overriding-property-observers,4,Inheritance > Overriding > Overriding Properties > Overriding Property Observers,Overriding Property Observers,teachable,swift.inheritance.override-observer,swift.inheritance.override-observer,reviewed-implemented,Mapped to interactive lesson.
The Swift Programming Language (Swift 6.4 beta),language-guide,LanguageGuide/Inheritance.xhtml,LanguageGuide/Inheritance.xhtml#Preventing-Overrides,languageguide-inheritance-xhtml.010.preventing-overrides,2,Inheritance > Preventing Overrides,Preventing Overrides,teachable,swift.inheritance.final,swift.inheritance.final,reviewed-implemented,Mapped to interactive lesson.
The Swift Programming Language (Swift 6.4 beta),language-guide,LanguageGuide/Initialization.xhtml,LanguageGuide/Initialization.xhtml#initialization,languageguide-initialization-xhtml.001.initialization,1,Initialization,Initialization,context,,,reviewed-no-lesson,Reviewed as chapter context or explanatory grouping; no distinct interaction required.
The Swift Programming Language (Swift 6.4 beta),language-guide,LanguageGuide/Initialization.xhtml,LanguageGuide/Initialization.xhtml#Setting-Initial-Values-for-Stored-Properties,languageguide-initialization-xhtml.002.setting-initial-values-for-stored-properties,2,Initialization > Setting Initial Values for Stored Properties,Setting Initial Values for Stored Properties,context,,,reviewed-no-lesson,Reviewed as chapter context or explanatory grouping; no distinct interaction required.
The Swift Programming Language (Swift 6.4 beta),language-guide,LanguageGuide/Initialization.xhtml,LanguageGuide/Initialization.xhtml#Initializers,languageguide-initialization-xhtml.003.initializers,3,Initialization > Setting Initial Values for Stored Properties > Initializers,Initializers,teachable,swift.initialization.basic,swift.initialization.basic,reviewed-implemented,Mapped to interactive lesson.
The Swift Programming Language (Swift 6.4 beta),language-guide,LanguageGuide/Initialization.xhtml,LanguageGuide/Initialization.xhtml#Default-Property-Values,languageguide-initialization-xhtml.004.default-property-values,3,Initialization > Setting Initial Values for Stored Properties > Default Property Values,Default Property Values,teachable,swift.initialization.default-value,swift.initialization.default-value,reviewed-implemented,Mapped to interactive lesson.
The Swift Programming Language (Swift 6.4 beta),language-guide,LanguageGuide/Initialization.xhtml,LanguageGuide/Initialization.xhtml#Customizing-Initialization,languageguide-initialization-xhtml.005.customizing-initialization,2,Initialization > Customizing Initialization,Customizing Initialization,context,,,reviewed-no-lesson,Reviewed as chapter context or explanatory grouping; no distinct interaction required.
The Swift Programming Language (Swift 6.4 beta),language-guide,LanguageGuide/Initialization.xhtml,LanguageGuide/Initialization.xhtml#Initialization-Parameters,languageguide-initialization-xhtml.006.initialization-parameters,3,Initialization > Customizing Initialization > Initialization Parameters,Initialization Parameters,teachable,swift.initialization.parameter,swift.initialization.parameter,reviewed-implemented,Mapped to interactive lesson.
The Swift Programming Language (Swift 6.4 beta),language-guide,LanguageGuide/Initialization.xhtml,LanguageGuide/Initialization.xhtml#Parameter-Names-and-Argument-Labels,languageguide-initialization-xhtml.007.parameter-names-and-argument-labels,3,Initialization > Customizing Initialization > Parameter Names and Argument Labels,Parameter Names and Argument Labels,teachable,swift.initialization.argument-label,swift.initialization.argument-label,reviewed-implemented,Mapped to interactive lesson.
The Swift Programming Language (Swift 6.4 beta),language-guide,LanguageGuide/Initialization.xhtml,LanguageGuide/Initialization.xhtml#Initializer-Parameters-Without-Argument-Labels,languageguide-initialization-xhtml.008.initializer-parameters-without-argument-labels,3,Initialization > Customizing Initialization > Initializer Parameters Without Argument Labels,Initializer Parameters Without Argument Labels,teachable,swift.initialization.no-label,swift.initialization.no-label,reviewed-implemented,Mapped to interactive lesson.
The Swift Programming Language (Swift 6.4 beta),language-guide,LanguageGuide/Initialization.xhtml,LanguageGuide/Initialization.xhtml#Optional-Property-Types,languageguide-initialization-xhtml.009.optional-property-types,3,Initialization > Customizing Initialization > Optional Property Types,Optional Property Types,teachable,swift.initialization.optional-property,swift.initialization.optional-property,reviewed-implemented,Mapped to interactive lesson.
The Swift Programming Language (Swift 6.4 beta),language-guide,LanguageGuide/Initialization.xhtml,LanguageGuide/Initialization.xhtml#Assigning-Constant-Properties-During-Initialization,languageguide-initialization-xhtml.010.assigning-constant-properties-during-initialization,3,Initialization > Customizing Initialization > Assigning Constant Properties During Initialization,Assigning Constant Properties During Initialization,teachable,swift.initialization.constant-property,swift.initialization.constant-property,reviewed-implemented,Mapped to interactive lesson.
The Swift Programming Language (Swift 6.4 beta),language-guide,LanguageGuide/Initialization.xhtml,LanguageGuide/Initialization.xhtml#Default-Initializers,languageguide-initialization-xhtml.011.default-initializers,2,Initialization > Default Initializers,Default Initializers,teachable,swift.initialization.default-init,swift.initialization.default-init,reviewed-implemented,Mapped to interactive lesson.
The Swift Programming Language (Swift 6.4 beta),language-guide,LanguageGuide/Initialization.xhtml,LanguageGuide/Initialization.xhtml#Memberwise-Initializers-for-Structure-Types,languageguide-initialization-xhtml.012.memberwise-initializers-for-structure-types,3,Initialization > Default Initializers > Memberwise Initializers for Structure Types,Memberwise Initializers for Structure Types,teachable,swift.initialization.memberwise-defaults,swift.initialization.memberwise-defaults,reviewed-implemented,Mapped to interactive lesson.
The Swift Programming Language (Swift 6.4 beta),language-guide,LanguageGuide/Initialization.xhtml,LanguageGuide/Initialization.xhtml#Initializer-Delegation-for-Value-Types,languageguide-initialization-xhtml.013.initializer-delegation-for-value-types,2,Initialization > Initializer Delegation for Value Types,Initializer Delegation for Value Types,teachable,swift.initialization.value-delegation,swift.initialization.value-delegation,reviewed-implemented,Mapped to interactive lesson.
The Swift Programming Language (Swift 6.4 beta),language-guide,LanguageGuide/Initialization.xhtml,LanguageGuide/Initialization.xhtml#Class-Inheritance-and-Initialization,languageguide-initialization-xhtml.014.class-inheritance-and-initialization,2,Initialization > Class Inheritance and Initialization,Class Inheritance and Initialization,context,,,reviewed-no-lesson,Reviewed as chapter context or explanatory grouping; no distinct interaction required.
The Swift Programming Language (Swift 6.4 beta),language-guide,LanguageGuide/Initialization.xhtml,LanguageGuide/Initialization.xhtml#Designated-Initializers-and-Convenience-Initializers,languageguide-initialization-xhtml.015.designated-initializers-and-convenience-initializers,3,Initialization > Class Inheritance and Initialization > Designated Initializers and Convenience Initializers,Designated Initializers and Convenience Initializers,teachable,swift.initialization.convenience|swift.initialization.super-delegation,swift.initialization.convenience|swift.initialization.super-delegation,reviewed-implemented,Mapped to interactive lesson.
The Swift Programming Language (Swift 6.4 beta),language-guide,LanguageGuide/Initialization.xhtml,LanguageGuide/Initialization.xhtml#Syntax-for-Designated-and-Convenience-Initializers,languageguide-initialization-xhtml.016.syntax-for-designated-and-convenience-initializers,3,Initialization > Class Inheritance and Initialization > Syntax for Designated and Convenience Initializers,Syntax for Designated and Convenience Initializers,teachable,swift.initialization.convenience,swift.initialization.convenience,reviewed-implemented,Mapped to interactive lesson.
The Swift Programming Language (Swift 6.4 beta),language-guide,LanguageGuide/Initialization.xhtml,LanguageGuide/Initialization.xhtml#Initializer-Delegation-for-Class-Types,languageguide-initialization-xhtml.017.initializer-delegation-for-class-types,3,Initialization > Class Inheritance and Initialization > Initializer Delegation for Class Types,Initializer Delegation for Class Types,teachable,swift.initialization.super-delegation,swift.initialization.super-delegation,reviewed-implemented,Mapped to interactive lesson.
The Swift Programming Language (Swift 6.4 beta),language-guide,LanguageGuide/Initialization.xhtml,LanguageGuide/Initialization.xhtml#Two-Phase-Initialization,languageguide-initialization-xhtml.018.two-phase-initialization,3,Initialization > Class Inheritance and Initialization > Two-Phase Initialization,Two-Phase Initialization,teachable,swift.initialization.two-phase,swift.initialization.two-phase,reviewed-implemented,Mapped to interactive lesson.
The Swift Programming Language (Swift 6.4 beta),language-guide,LanguageGuide/Initialization.xhtml,LanguageGuide/Initialization.xhtml#Initializer-Inheritance-and-Overriding,languageguide-initialization-xhtml.019.initializer-inheritance-and-overriding,3,Initialization > Class Inheritance and Initialization > Initializer Inheritance and Overriding,Initializer Inheritance and Overriding,teachable,swift.initialization.override-init,swift.initialization.override-init,reviewed-implemented,Mapped to interactive lesson.
The Swift Programming Language (Swift 6.4 beta),language-guide,LanguageGuide/Initialization.xhtml,LanguageGuide/Initialization.xhtml#Automatic-Initializer-Inheritance,languageguide-initialization-xhtml.020.automatic-initializer-inheritance,3,Initialization > Class Inheritance and Initialization > Automatic Initializer Inheritance,Automatic Initializer Inheritance,teachable,swift.initialization.inheritance,swift.initialization.inheritance,reviewed-implemented,Mapped to interactive lesson.
The Swift Programming Language (Swift 6.4 beta),language-guide,LanguageGuide/Initialization.xhtml,LanguageGuide/Initialization.xhtml#Designated-and-Convenience-Initializers-in-Action,languageguide-initialization-xhtml.021.designated-and-convenience-initializers-in-action,3,Initialization > Class Inheritance and Initialization > Designated and Convenience Initializers in Action,Designated and Convenience Initializers in Action,teachable,swift.initialization.convenience|swift.initialization.super-delegation,swift.initialization.convenience|swift.initialization.super-delegation,reviewed-implemented,Mapped to interactive lesson.
The Swift Programming Language (Swift 6.4 beta),language-guide,LanguageGuide/Initialization.xhtml,LanguageGuide/Initialization.xhtml#Failable-Initializers,languageguide-initialization-xhtml.022.failable-initializers,2,Initialization > Failable Initializers,Failable Initializers,teachable,swift.initialization.failable,swift.initialization.failable,reviewed-implemented,Mapped to interactive lesson.
The Swift Programming Language (Swift 6.4 beta),language-guide,LanguageGuide/Initialization.xhtml,LanguageGuide/Initialization.xhtml#Failable-Initializers-for-Enumerations,languageguide-initialization-xhtml.023.failable-initializers-for-enumerations,3,Initialization > Failable Initializers > Failable Initializers for Enumerations,Failable Initializers for Enumerations,teachable,swift.initialization.failable-enum,swift.initialization.failable-enum,reviewed-implemented,Mapped to interactive lesson.
The Swift Programming Language (Swift 6.4 beta),language-guide,LanguageGuide/Initialization.xhtml,LanguageGuide/Initialization.xhtml#Failable-Initializers-for-Enumerations-with-Raw-Values,languageguide-initialization-xhtml.024.failable-initializers-for-enumerations-with-raw-values,3,Initialization > Failable Initializers > Failable Initializers for Enumerations with Raw Values,Failable Initializers for Enumerations with Raw Values,teachable,swift.initialization.raw-failable,swift.initialization.raw-failable,reviewed-implemented,Mapped to interactive lesson.
The Swift Programming Language (Swift 6.4 beta),language-guide,LanguageGuide/Initialization.xhtml,LanguageGuide/Initialization.xhtml#Propagation-of-Initialization-Failure,languageguide-initialization-xhtml.025.propagation-of-initialization-failure,3,Initialization > Failable Initializers > Propagation of Initialization Failure,Propagation of Initialization Failure,teachable,swift.initialization.failure-propagation,swift.initialization.failure-propagation,reviewed-implemented,Mapped to interactive lesson.
The Swift Programming Language (Swift 6.4 beta),language-guide,LanguageGuide/Initialization.xhtml,LanguageGuide/Initialization.xhtml#Overriding-a-Failable-Initializer,languageguide-initialization-xhtml.026.overriding-a-failable-initializer,3,Initialization > Failable Initializers > Overriding a Failable Initializer,Overriding a Failable Initializer,teachable,swift.initialization.override-failable,swift.initialization.override-failable,reviewed-implemented,Mapped to interactive lesson.
The Swift Programming Language (Swift 6.4 beta),language-guide,LanguageGuide/Initialization.xhtml,LanguageGuide/Initialization.xhtml#The-init-Failable-Initializer,languageguide-initialization-xhtml.027.the-init-failable-initializer,3,Initialization > Failable Initializers > The init! Failable Initializer,The init! Failable Initializer,teachable,swift.initialization.failable,swift.initialization.failable,reviewed-implemented,Mapped to interactive lesson.
The Swift Programming Language (Swift 6.4 beta),language-guide,LanguageGuide/Initialization.xhtml,LanguageGuide/Initialization.xhtml#Required-Initializers,languageguide-initialization-xhtml.028.required-initializers,2,Initialization > Required Initializers,Required Initializers,teachable,swift.initialization.required,swift.initialization.required,reviewed-implemented,Mapped to interactive lesson.
The Swift Programming Language (Swift 6.4 beta),language-guide,LanguageGuide/Initialization.xhtml,LanguageGuide/Initialization.xhtml#Setting-a-Default-Property-Value-with-a-Closure-or-Function,languageguide-initialization-xhtml.029.setting-a-default-property-value-with-a-closure-or-function,2,Initialization > Setting a Default Property Value with a Closure or Function,Setting a Default Property Value with a Closure or Function,teachable,swift.initialization.closure-default,swift.initialization.closure-default,reviewed-implemented,Mapped to interactive lesson.
The Swift Programming Language (Swift 6.4 beta),language-guide,LanguageGuide/Deinitialization.xhtml,LanguageGuide/Deinitialization.xhtml#deinitialization,languageguide-deinitialization-xhtml.001.deinitialization,1,Deinitialization,Deinitialization,context,,,reviewed-no-lesson,Reviewed as chapter context or explanatory grouping; no distinct interaction required.
The Swift Programming Language (Swift 6.4 beta),language-guide,LanguageGuide/Deinitialization.xhtml,LanguageGuide/Deinitialization.xhtml#How-Deinitialization-Works,languageguide-deinitialization-xhtml.002.how-deinitialization-works,2,Deinitialization > How Deinitialization Works,How Deinitialization Works,teachable,swift.deinitialization.syntax,swift.deinitialization.syntax,reviewed-implemented,Mapped to interactive lesson.
The Swift Programming Language (Swift 6.4 beta),language-guide,LanguageGuide/Deinitialization.xhtml,LanguageGuide/Deinitialization.xhtml#Deinitializers-in-Action,languageguide-deinitialization-xhtml.003.deinitializers-in-action,2,Deinitialization > Deinitializers in Action,Deinitializers in Action,teachable,swift.deinitialization.release,swift.deinitialization.release,reviewed-implemented,Mapped to interactive lesson.
The Swift Programming Language (Swift 6.4 beta),language-guide,LanguageGuide/OptionalChaining.xhtml,LanguageGuide/OptionalChaining.xhtml#optional-chaining,languageguide-optionalchaining-xhtml.001.optional-chaining,1,Optional Chaining,Optional Chaining,context,,,reviewed-no-lesson,Reviewed as chapter context or explanatory grouping; no distinct interaction required.
The Swift Programming Language (Swift 6.4 beta),language-guide,LanguageGuide/OptionalChaining.xhtml,LanguageGuide/OptionalChaining.xhtml#Optional-Chaining-as-an-Alternative-to-Forced-Unwrapping,languageguide-optionalchaining-xhtml.002.optional-chaining-as-an-alternative-to-forced-unwrapping,2,Optional Chaining > Optional Chaining as an Alternative to Forced Unwrapping,Optional Chaining as an Alternative to Forced Unwrapping,teachable,swift.optional-chaining.alternative,swift.optional-chaining.alternative,reviewed-implemented,Mapped to interactive lesson.
The Swift Programming Language (Swift 6.4 beta),language-guide,LanguageGuide/OptionalChaining.xhtml,LanguageGuide/OptionalChaining.xhtml#Defining-Model-Classes-for-Optional-Chaining,languageguide-optionalchaining-xhtml.003.defining-model-classes-for-optional-chaining,2,Optional Chaining > Defining Model Classes for Optional Chaining,Defining Model Classes for Optional Chaining,teachable,swift.optional-chaining.model,swift.optional-chaining.model,reviewed-implemented,Mapped to interactive lesson.
The Swift Programming Language (Swift 6.4 beta),language-guide,LanguageGuide/OptionalChaining.xhtml,LanguageGuide/OptionalChaining.xhtml#Accessing-Properties-Through-Optional-Chaining,languageguide-optionalchaining-xhtml.004.accessing-properties-through-optional-chaining,2,Optional Chaining > Accessing Properties Through Optional Chaining,Accessing Properties Through Optional Chaining,teachable,swift.optional-chaining.property,swift.optional-chaining.property,reviewed-implemented,Mapped to interactive lesson.
The Swift Programming Language (Swift 6.4 beta),language-guide,LanguageGuide/OptionalChaining.xhtml,LanguageGuide/OptionalChaining.xhtml#Calling-Methods-Through-Optional-Chaining,languageguide-optionalchaining-xhtml.005.calling-methods-through-optional-chaining,2,Optional Chaining > Calling Methods Through Optional Chaining,Calling Methods Through Optional Chaining,teachable,swift.optional-chaining.method,swift.optional-chaining.method,reviewed-implemented,Mapped to interactive lesson.
The Swift Programming Language (Swift 6.4 beta),language-guide,LanguageGuide/OptionalChaining.xhtml,LanguageGuide/OptionalChaining.xhtml#Accessing-Subscripts-Through-Optional-Chaining,languageguide-optionalchaining-xhtml.006.accessing-subscripts-through-optional-chaining,2,Optional Chaining > Accessing Subscripts Through Optional Chaining,Accessing Subscripts Through Optional Chaining,teachable,swift.optional-chaining.subscript,swift.optional-chaining.subscript,reviewed-implemented,Mapped to interactive lesson.
The Swift Programming Language (Swift 6.4 beta),language-guide,LanguageGuide/OptionalChaining.xhtml,LanguageGuide/OptionalChaining.xhtml#Accessing-Subscripts-of-Optional-Type,languageguide-optionalchaining-xhtml.007.accessing-subscripts-of-optional-type,3,Optional Chaining > Accessing Subscripts Through Optional Chaining > Accessing Subscripts of Optional Type,Accessing Subscripts of Optional Type,teachable,swift.optional-chaining.optional-subscript,swift.optional-chaining.optional-subscript,reviewed-implemented,Mapped to interactive lesson.
The Swift Programming Language (Swift 6.4 beta),language-guide,LanguageGuide/OptionalChaining.xhtml,LanguageGuide/OptionalChaining.xhtml#Linking-Multiple-Levels-of-Chaining,languageguide-optionalchaining-xhtml.008.linking-multiple-levels-of-chaining,2,Optional Chaining > Linking Multiple Levels of Chaining,Linking Multiple Levels of Chaining,teachable,swift.optional-chaining.multilevel,swift.optional-chaining.multilevel,reviewed-implemented,Mapped to interactive lesson.
The Swift Programming Language (Swift 6.4 beta),language-guide,LanguageGuide/OptionalChaining.xhtml,LanguageGuide/OptionalChaining.xhtml#Chaining-on-Methods-with-Optional-Return-Values,languageguide-optionalchaining-xhtml.009.chaining-on-methods-with-optional-return-values,2,Optional Chaining > Chaining on Methods with Optional Return Values,Chaining on Methods with Optional Return Values,teachable,swift.optional-chaining.optional-return,swift.optional-chaining.optional-return,reviewed-implemented,Mapped to interactive lesson.
The Swift Programming Language (Swift 6.4 beta),language-guide,LanguageGuide/ErrorHandling.xhtml,LanguageGuide/ErrorHandling.xhtml#error-handling,languageguide-errorhandling-xhtml.001.error-handling,1,Error Handling,Error Handling,context,,,reviewed-no-lesson,Reviewed as chapter context or explanatory grouping; no distinct interaction required.
The Swift Programming Language (Swift 6.4 beta),language-guide,LanguageGuide/ErrorHandling.xhtml,LanguageGuide/ErrorHandling.xhtml#Representing-and-Throwing-Errors,languageguide-errorhandling-xhtml.002.representing-and-throwing-errors,2,Error Handling > Representing and Throwing Errors,Representing and Throwing Errors,teachable,swift.errors.throw,swift.errors.throw,reviewed-implemented,Mapped to interactive lesson.
The Swift Programming Language (Swift 6.4 beta),language-guide,LanguageGuide/ErrorHandling.xhtml,LanguageGuide/ErrorHandling.xhtml#Handling-Errors,languageguide-errorhandling-xhtml.003.handling-errors,2,Error Handling > Handling Errors,Handling Errors,context,,,reviewed-no-lesson,Reviewed as chapter context or explanatory grouping; no distinct interaction required.
The Swift Programming Language (Swift 6.4 beta),language-guide,LanguageGuide/ErrorHandling.xhtml,LanguageGuide/ErrorHandling.xhtml#Propagating-Errors-Using-Throwing-Functions,languageguide-errorhandling-xhtml.004.propagating-errors-using-throwing-functions,3,Error Handling > Handling Errors > Propagating Errors Using Throwing Functions,Propagating Errors Using Throwing Functions,teachable,swift.errors.throwing-declaration,swift.errors.throwing-declaration,reviewed-implemented,Mapped to interactive lesson.
The Swift Programming Language (Swift 6.4 beta),language-guide,LanguageGuide/ErrorHandling.xhtml,LanguageGuide/ErrorHandling.xhtml#Handling-Errors-Using-Do-Catch,languageguide-errorhandling-xhtml.005.handling-errors-using-do-catch,3,Error Handling > Handling Errors > Handling Errors Using Do-Catch,Handling Errors Using Do-Catch,teachable,swift.errors.do-catch,swift.errors.do-catch,reviewed-implemented,Mapped to interactive lesson.
The Swift Programming Language (Swift 6.4 beta),language-guide,LanguageGuide/ErrorHandling.xhtml,LanguageGuide/ErrorHandling.xhtml#Converting-Errors-to-Optional-Values,languageguide-errorhandling-xhtml.006.converting-errors-to-optional-values,3,Error Handling > Handling Errors > Converting Errors to Optional Values,Converting Errors to Optional Values,teachable,swift.errors.try-optional,swift.errors.try-optional,reviewed-implemented,Mapped to interactive lesson.
The Swift Programming Language (Swift 6.4 beta),language-guide,LanguageGuide/ErrorHandling.xhtml,LanguageGuide/ErrorHandling.xhtml#Disabling-Error-Propagation,languageguide-errorhandling-xhtml.007.disabling-error-propagation,3,Error Handling > Handling Errors > Disabling Error Propagation,Disabling Error Propagation,teachable,swift.errors.try-force,swift.errors.try-force,reviewed-implemented,Mapped to interactive lesson.
The Swift Programming Language (Swift 6.4 beta),language-guide,LanguageGuide/ErrorHandling.xhtml,LanguageGuide/ErrorHandling.xhtml#Specifying-the-Error-Type,languageguide-errorhandling-xhtml.008.specifying-the-error-type,2,Error Handling > Specifying the Error Type,Specifying the Error Type,teachable,swift.errors.typed-throws,swift.errors.typed-throws,reviewed-implemented,Mapped to interactive lesson.
The Swift Programming Language (Swift 6.4 beta),language-guide,LanguageGuide/ErrorHandling.xhtml,LanguageGuide/ErrorHandling.xhtml#Specifying-Cleanup-Actions,languageguide-errorhandling-xhtml.009.specifying-cleanup-actions,2,Error Handling > Specifying Cleanup Actions,Specifying Cleanup Actions,teachable,swift.errors.defer,swift.errors.defer,reviewed-implemented,Mapped to interactive lesson.
The Swift Programming Language (Swift 6.4 beta),language-guide,LanguageGuide/Concurrency.xhtml,LanguageGuide/Concurrency.xhtml#concurrency,languageguide-concurrency-xhtml.001.concurrency,1,Concurrency,Concurrency,context,,,reviewed-no-lesson,Reviewed as chapter context or explanatory grouping; no distinct interaction required.
The Swift Programming Language (Swift 6.4 beta),language-guide,LanguageGuide/Concurrency.xhtml,LanguageGuide/Concurrency.xhtml#Defining-and-Calling-Asynchronous-Functions,languageguide-concurrency-xhtml.002.defining-and-calling-asynchronous-functions,2,Concurrency > Defining and Calling Asynchronous Functions,Defining and Calling Asynchronous Functions,teachable,swift.concurrency.async-function|swift.concurrency.await,swift.concurrency.async-function|swift.concurrency.await,reviewed-implemented,Mapped to interactive lesson.
The Swift Programming Language (Swift 6.4 beta),language-guide,LanguageGuide/Concurrency.xhtml,LanguageGuide/Concurrency.xhtml#Asynchronous-Sequences,languageguide-concurrency-xhtml.003.asynchronous-sequences,2,Concurrency > Asynchronous Sequences,Asynchronous Sequences,teachable,swift.concurrency.async-sequence,swift.concurrency.async-sequence,reviewed-implemented,Mapped to interactive lesson.
The Swift Programming Language (Swift 6.4 beta),language-guide,LanguageGuide/Concurrency.xhtml,LanguageGuide/Concurrency.xhtml#Calling-Asynchronous-Functions-in-Parallel,languageguide-concurrency-xhtml.004.calling-asynchronous-functions-in-parallel,2,Concurrency > Calling Asynchronous Functions in Parallel,Calling Asynchronous Functions in Parallel,teachable,swift.concurrency.async-let,swift.concurrency.async-let,reviewed-implemented,Mapped to interactive lesson.
The Swift Programming Language (Swift 6.4 beta),language-guide,LanguageGuide/Concurrency.xhtml,LanguageGuide/Concurrency.xhtml#Tasks-and-Task-Groups,languageguide-concurrency-xhtml.005.tasks-and-task-groups,2,Concurrency > Tasks and Task Groups,Tasks and Task Groups,teachable,swift.concurrency.task-group,swift.concurrency.task-group,reviewed-implemented,Mapped to interactive lesson.
The Swift Programming Language (Swift 6.4 beta),language-guide,LanguageGuide/Concurrency.xhtml,LanguageGuide/Concurrency.xhtml#Task-Cancellation,languageguide-concurrency-xhtml.006.task-cancellation,3,Concurrency > Tasks and Task Groups > Task Cancellation,Task Cancellation,teachable,swift.concurrency.cancellation,swift.concurrency.cancellation,reviewed-implemented,Mapped to interactive lesson.
The Swift Programming Language (Swift 6.4 beta),language-guide,LanguageGuide/Concurrency.xhtml,LanguageGuide/Concurrency.xhtml#Unstructured-Concurrency,languageguide-concurrency-xhtml.007.unstructured-concurrency,3,Concurrency > Tasks and Task Groups > Unstructured Concurrency,Unstructured Concurrency,teachable,swift.concurrency.unstructured,swift.concurrency.unstructured,reviewed-implemented,Mapped to interactive lesson.
The Swift Programming Language (Swift 6.4 beta),language-guide,LanguageGuide/Concurrency.xhtml,LanguageGuide/Concurrency.xhtml#Isolation,languageguide-concurrency-xhtml.008.isolation,2,Concurrency > Isolation,Isolation,teachable,swift.concurrency.isolation,swift.concurrency.isolation,reviewed-implemented,Mapped to interactive lesson.
The Swift Programming Language (Swift 6.4 beta),language-guide,LanguageGuide/Concurrency.xhtml,LanguageGuide/Concurrency.xhtml#The-Main-Actor,languageguide-concurrency-xhtml.009.the-main-actor,2,Concurrency > The Main Actor,The Main Actor,teachable,swift.concurrency.main-actor,swift.concurrency.main-actor,reviewed-implemented,Mapped to interactive lesson.
The Swift Programming Language (Swift 6.4 beta),language-guide,LanguageGuide/Concurrency.xhtml,LanguageGuide/Concurrency.xhtml#Actors,languageguide-concurrency-xhtml.010.actors,2,Concurrency > Actors,Actors,teachable,swift.concurrency.actor,swift.concurrency.actor,reviewed-implemented,Mapped to interactive lesson.
The Swift Programming Language (Swift 6.4 beta),language-guide,LanguageGuide/Concurrency.xhtml,LanguageGuide/Concurrency.xhtml#Global-Actors,languageguide-concurrency-xhtml.011.global-actors,2,Concurrency > Global Actors,Global Actors,teachable,swift.concurrency.global-actor,swift.concurrency.global-actor,reviewed-implemented,Mapped to interactive lesson.
The Swift Programming Language (Swift 6.4 beta),language-guide,LanguageGuide/Concurrency.xhtml,LanguageGuide/Concurrency.xhtml#Sendable-Types,languageguide-concurrency-xhtml.012.sendable-types,2,Concurrency > Sendable Types,Sendable Types,teachable,swift.concurrency.sendable,swift.concurrency.sendable,reviewed-implemented,Mapped to interactive lesson.
The Swift Programming Language (Swift 6.4 beta),language-guide,LanguageGuide/Macros.xhtml,LanguageGuide/Macros.xhtml#macros,languageguide-macros-xhtml.001.macros,1,Macros,Macros,context,,,reviewed-no-lesson,Reviewed as chapter context or explanatory grouping; no distinct interaction required.
The Swift Programming Language (Swift 6.4 beta),language-guide,LanguageGuide/Macros.xhtml,LanguageGuide/Macros.xhtml#Freestanding-Macros,languageguide-macros-xhtml.002.freestanding-macros,2,Macros > Freestanding Macros,Freestanding Macros,teachable,swift.macros.freestanding,swift.macros.freestanding,reviewed-implemented,Mapped to interactive lesson.
The Swift Programming Language (Swift 6.4 beta),language-guide,LanguageGuide/Macros.xhtml,LanguageGuide/Macros.xhtml#Attached-Macros,languageguide-macros-xhtml.003.attached-macros,2,Macros > Attached Macros,Attached Macros,teachable,swift.macros.attached,swift.macros.attached,reviewed-implemented,Mapped to interactive lesson.
The Swift Programming Language (Swift 6.4 beta),language-guide,LanguageGuide/Macros.xhtml,LanguageGuide/Macros.xhtml#Macro-Declarations,languageguide-macros-xhtml.004.macro-declarations,2,Macros > Macro Declarations,Macro Declarations,teachable,swift.macros.declaration|swift.macros.external,swift.macros.declaration|swift.macros.external,reviewed-implemented,Mapped to interactive lesson.
The Swift Programming Language (Swift 6.4 beta),language-guide,LanguageGuide/Macros.xhtml,LanguageGuide/Macros.xhtml#Macro-Expansion,languageguide-macros-xhtml.005.macro-expansion,2,Macros > Macro Expansion,Macro Expansion,teachable,swift.macros.expansion,swift.macros.expansion,reviewed-implemented,Mapped to interactive lesson.
The Swift Programming Language (Swift 6.4 beta),language-guide,LanguageGuide/Macros.xhtml,LanguageGuide/Macros.xhtml#Implementing-a-Macro,languageguide-macros-xhtml.006.implementing-a-macro,2,Macros > Implementing a Macro,Implementing a Macro,teachable,swift.macros.implementation,swift.macros.implementation,reviewed-implemented,Mapped to interactive lesson.
The Swift Programming Language (Swift 6.4 beta),language-guide,LanguageGuide/Macros.xhtml,LanguageGuide/Macros.xhtml#Developing-and-Debugging-Macros,languageguide-macros-xhtml.007.developing-and-debugging-macros,2,Macros > Developing and Debugging Macros,Developing and Debugging Macros,teachable,swift.macros.debugging,swift.macros.debugging,reviewed-implemented,Mapped to interactive lesson.
The Swift Programming Language (Swift 6.4 beta),language-guide,LanguageGuide/TypeCasting.xhtml,LanguageGuide/TypeCasting.xhtml#type-casting,languageguide-typecasting-xhtml.001.type-casting,1,Type Casting,Type Casting,context,,,reviewed-no-lesson,Reviewed as chapter context or explanatory grouping; no distinct interaction required.
The Swift Programming Language (Swift 6.4 beta),language-guide,LanguageGuide/TypeCasting.xhtml,LanguageGuide/TypeCasting.xhtml#Defining-a-Class-Hierarchy-for-Type-Casting,languageguide-typecasting-xhtml.002.defining-a-class-hierarchy-for-type-casting,2,Type Casting > Defining a Class Hierarchy for Type Casting,Defining a Class Hierarchy for Type Casting,teachable,swift.casting.hierarchy,swift.casting.hierarchy,reviewed-implemented,Mapped to interactive lesson.
The Swift Programming Language (Swift 6.4 beta),language-guide,LanguageGuide/TypeCasting.xhtml,LanguageGuide/TypeCasting.xhtml#Checking-Type,languageguide-typecasting-xhtml.003.checking-type,2,Type Casting > Checking Type,Checking Type,teachable,swift.casting.is,swift.casting.is,reviewed-implemented,Mapped to interactive lesson.
The Swift Programming Language (Swift 6.4 beta),language-guide,LanguageGuide/TypeCasting.xhtml,LanguageGuide/TypeCasting.xhtml#Downcasting,languageguide-typecasting-xhtml.004.downcasting,2,Type Casting > Downcasting,Downcasting,teachable,swift.casting.safe-downcast,swift.casting.safe-downcast,reviewed-implemented,Mapped to interactive lesson.
The Swift Programming Language (Swift 6.4 beta),language-guide,LanguageGuide/TypeCasting.xhtml,LanguageGuide/TypeCasting.xhtml#Type-Casting-for-Any-and-AnyObject,languageguide-typecasting-xhtml.005.type-casting-for-any-and-anyobject,2,Type Casting > Type Casting for Any and AnyObject,Type Casting for Any and AnyObject,teachable,swift.casting.any,swift.casting.any,reviewed-implemented,Mapped to interactive lesson.
The Swift Programming Language (Swift 6.4 beta),language-guide,LanguageGuide/NestedTypes.xhtml,LanguageGuide/NestedTypes.xhtml#nested-types,languageguide-nestedtypes-xhtml.001.nested-types,1,Nested Types,Nested Types,context,,,reviewed-no-lesson,Reviewed as chapter context or explanatory grouping; no distinct interaction required.
The Swift Programming Language (Swift 6.4 beta),language-guide,LanguageGuide/NestedTypes.xhtml,LanguageGuide/NestedTypes.xhtml#Nested-Types-in-Action,languageguide-nestedtypes-xhtml.002.nested-types-in-action,2,Nested Types > Nested Types in Action,Nested Types in Action,teachable,swift.nested-types.declare,swift.nested-types.declare,reviewed-implemented,Mapped to interactive lesson.
The Swift Programming Language (Swift 6.4 beta),language-guide,LanguageGuide/NestedTypes.xhtml,LanguageGuide/NestedTypes.xhtml#Referring-to-Nested-Types,languageguide-nestedtypes-xhtml.003.referring-to-nested-types,2,Nested Types > Referring to Nested Types,Referring to Nested Types,teachable,swift.nested-types.reference,swift.nested-types.reference,reviewed-implemented,Mapped to interactive lesson.
The Swift Programming Language (Swift 6.4 beta),language-guide,LanguageGuide/Extensions.xhtml,LanguageGuide/Extensions.xhtml#extensions,languageguide-extensions-xhtml.001.extensions,1,Extensions,Extensions,context,,,reviewed-no-lesson,Reviewed as chapter context or explanatory grouping; no distinct interaction required.
The Swift Programming Language (Swift 6.4 beta),language-guide,LanguageGuide/Extensions.xhtml,LanguageGuide/Extensions.xhtml#Extension-Syntax,languageguide-extensions-xhtml.002.extension-syntax,2,Extensions > Extension Syntax,Extension Syntax,teachable,swift.extensions.syntax,swift.extensions.syntax,reviewed-implemented,Mapped to interactive lesson.
The Swift Programming Language (Swift 6.4 beta),language-guide,LanguageGuide/Extensions.xhtml,LanguageGuide/Extensions.xhtml#Computed-Properties,languageguide-extensions-xhtml.003.computed-properties,2,Extensions > Computed Properties,Computed Properties,teachable,swift.extensions.computed-property,swift.extensions.computed-property,reviewed-implemented,Mapped to interactive lesson.
The Swift Programming Language (Swift 6.4 beta),language-guide,LanguageGuide/Extensions.xhtml,LanguageGuide/Extensions.xhtml#Initializers,languageguide-extensions-xhtml.004.initializers,2,Extensions > Initializers,Initializers,teachable,swift.extensions.initializer,swift.extensions.initializer,reviewed-implemented,Mapped to interactive lesson.
The Swift Programming Language (Swift 6.4 beta),language-guide,LanguageGuide/Extensions.xhtml,LanguageGuide/Extensions.xhtml#Methods,languageguide-extensions-xhtml.005.methods,2,Extensions > Methods,Methods,teachable,swift.extensions.method,swift.extensions.method,reviewed-implemented,Mapped to interactive lesson.
The Swift Programming Language (Swift 6.4 beta),language-guide,LanguageGuide/Extensions.xhtml,LanguageGuide/Extensions.xhtml#Mutating-Instance-Methods,languageguide-extensions-xhtml.006.mutating-instance-methods,3,Extensions > Methods > Mutating Instance Methods,Mutating Instance Methods,teachable,swift.extensions.mutating,swift.extensions.mutating,reviewed-implemented,Mapped to interactive lesson.
The Swift Programming Language (Swift 6.4 beta),language-guide,LanguageGuide/Extensions.xhtml,LanguageGuide/Extensions.xhtml#Subscripts,languageguide-extensions-xhtml.007.subscripts,2,Extensions > Subscripts,Subscripts,teachable,swift.extensions.subscript,swift.extensions.subscript,reviewed-implemented,Mapped to interactive lesson.
The Swift Programming Language (Swift 6.4 beta),language-guide,LanguageGuide/Extensions.xhtml,LanguageGuide/Extensions.xhtml#Nested-Types,languageguide-extensions-xhtml.008.nested-types,2,Extensions > Nested Types,Nested Types,teachable,swift.extensions.nested,swift.extensions.nested,reviewed-implemented,Mapped to interactive lesson.
The Swift Programming Language (Swift 6.4 beta),language-guide,LanguageGuide/Protocols.xhtml,LanguageGuide/Protocols.xhtml#protocols,languageguide-protocols-xhtml.001.protocols,1,Protocols,Protocols,context,,,reviewed-no-lesson,Reviewed as chapter context or explanatory grouping; no distinct interaction required.
The Swift Programming Language (Swift 6.4 beta),language-guide,LanguageGuide/Protocols.xhtml,LanguageGuide/Protocols.xhtml#Protocol-Syntax,languageguide-protocols-xhtml.002.protocol-syntax,2,Protocols > Protocol Syntax,Protocol Syntax,teachable,swift.protocols.syntax,swift.protocols.syntax,reviewed-implemented,Mapped to interactive lesson.
The Swift Programming Language (Swift 6.4 beta),language-guide,LanguageGuide/Protocols.xhtml,LanguageGuide/Protocols.xhtml#Property-Requirements,languageguide-protocols-xhtml.003.property-requirements,2,Protocols > Property Requirements,Property Requirements,teachable,swift.protocols.property-requirement,swift.protocols.property-requirement,reviewed-implemented,Mapped to interactive lesson.
The Swift Programming Language (Swift 6.4 beta),language-guide,LanguageGuide/Protocols.xhtml,LanguageGuide/Protocols.xhtml#Method-Requirements,languageguide-protocols-xhtml.004.method-requirements,2,Protocols > Method Requirements,Method Requirements,teachable,swift.protocols.method-requirement,swift.protocols.method-requirement,reviewed-implemented,Mapped to interactive lesson.
The Swift Programming Language (Swift 6.4 beta),language-guide,LanguageGuide/Protocols.xhtml,LanguageGuide/Protocols.xhtml#Mutating-Method-Requirements,languageguide-protocols-xhtml.005.mutating-method-requirements,2,Protocols > Mutating Method Requirements,Mutating Method Requirements,teachable,swift.protocols.mutating-requirement,swift.protocols.mutating-requirement,reviewed-implemented,Mapped to interactive lesson.
The Swift Programming Language (Swift 6.4 beta),language-guide,LanguageGuide/Protocols.xhtml,LanguageGuide/Protocols.xhtml#Initializer-Requirements,languageguide-protocols-xhtml.006.initializer-requirements,2,Protocols > Initializer Requirements,Initializer Requirements,teachable,swift.protocols.initializer-requirement,swift.protocols.initializer-requirement,reviewed-implemented,Mapped to interactive lesson.
The Swift Programming Language (Swift 6.4 beta),language-guide,LanguageGuide/Protocols.xhtml,LanguageGuide/Protocols.xhtml#Class-Implementations-of-Protocol-Initializer-Requirements,languageguide-protocols-xhtml.007.class-implementations-of-protocol-initializer-requirements,3,Protocols > Initializer Requirements > Class Implementations of Protocol Initializer Requirements,Class Implementations of Protocol Initializer Requirements,teachable,swift.protocols.required-class-init,swift.protocols.required-class-init,reviewed-implemented,Mapped to interactive lesson.
The Swift Programming Language (Swift 6.4 beta),language-guide,LanguageGuide/Protocols.xhtml,LanguageGuide/Protocols.xhtml#Failable-Initializer-Requirements,languageguide-protocols-xhtml.008.failable-initializer-requirements,3,Protocols > Initializer Requirements > Failable Initializer Requirements,Failable Initializer Requirements,teachable,swift.protocols.failable-init,swift.protocols.failable-init,reviewed-implemented,Mapped to interactive lesson.
The Swift Programming Language (Swift 6.4 beta),language-guide,LanguageGuide/Protocols.xhtml,LanguageGuide/Protocols.xhtml#Protocols-that-Have-Only-Semantic-Requirements,languageguide-protocols-xhtml.009.protocols-that-have-only-semantic-requirements,2,Protocols > Protocols that Have Only Semantic Requirements,Protocols that Have Only Semantic Requirements,teachable,swift.protocols.semantic,swift.protocols.semantic,reviewed-implemented,Mapped to interactive lesson.
The Swift Programming Language (Swift 6.4 beta),language-guide,LanguageGuide/Protocols.xhtml,LanguageGuide/Protocols.xhtml#Protocols-as-Types,languageguide-protocols-xhtml.010.protocols-as-types,2,Protocols > Protocols as Types,Protocols as Types,teachable,swift.protocols.existential,swift.protocols.existential,reviewed-implemented,Mapped to interactive lesson.
The Swift Programming Language (Swift 6.4 beta),language-guide,LanguageGuide/Protocols.xhtml,LanguageGuide/Protocols.xhtml#Delegation,languageguide-protocols-xhtml.011.delegation,2,Protocols > Delegation,Delegation,teachable,swift.protocols.delegation,swift.protocols.delegation,reviewed-implemented,Mapped to interactive lesson.
The Swift Programming Language (Swift 6.4 beta),language-guide,LanguageGuide/Protocols.xhtml,LanguageGuide/Protocols.xhtml#Adding-Protocol-Conformance-with-an-Extension,languageguide-protocols-xhtml.012.adding-protocol-conformance-with-an-extension,2,Protocols > Adding Protocol Conformance with an Extension,Adding Protocol Conformance with an Extension,teachable,swift.protocols.extension-conformance,swift.protocols.extension-conformance,reviewed-implemented,Mapped to interactive lesson.
The Swift Programming Language (Swift 6.4 beta),language-guide,LanguageGuide/Protocols.xhtml,LanguageGuide/Protocols.xhtml#Conditionally-Conforming-to-a-Protocol,languageguide-protocols-xhtml.013.conditionally-conforming-to-a-protocol,3,Protocols > Adding Protocol Conformance with an Extension > Conditionally Conforming to a Protocol,Conditionally Conforming to a Protocol,teachable,swift.protocols.conditional-conformance,swift.protocols.conditional-conformance,reviewed-implemented,Mapped to interactive lesson.
The Swift Programming Language (Swift 6.4 beta),language-guide,LanguageGuide/Protocols.xhtml,LanguageGuide/Protocols.xhtml#Declaring-Protocol-Adoption-with-an-Extension,languageguide-protocols-xhtml.014.declaring-protocol-adoption-with-an-extension,3,Protocols > Adding Protocol Conformance with an Extension > Declaring Protocol Adoption with an Extension,Declaring Protocol Adoption with an Extension,teachable,swift.protocols.declare-adoption,swift.protocols.declare-adoption,reviewed-implemented,Mapped to interactive lesson.
The Swift Programming Language (Swift 6.4 beta),language-guide,LanguageGuide/Protocols.xhtml,LanguageGuide/Protocols.xhtml#Adopting-a-Protocol-Using-a-Synthesized-Implementation,languageguide-protocols-xhtml.015.adopting-a-protocol-using-a-synthesized-implementation,2,Protocols > Adopting a Protocol Using a Synthesized Implementation,Adopting a Protocol Using a Synthesized Implementation,teachable,swift.protocols.synthesized,swift.protocols.synthesized,reviewed-implemented,Mapped to interactive lesson.
The Swift Programming Language (Swift 6.4 beta),language-guide,LanguageGuide/Protocols.xhtml,LanguageGuide/Protocols.xhtml#Implicit-Conformance-to-a-Protocol,languageguide-protocols-xhtml.016.implicit-conformance-to-a-protocol,2,Protocols > Implicit Conformance to a Protocol,Implicit Conformance to a Protocol,teachable,swift.protocols.implicit,swift.protocols.implicit,reviewed-implemented,Mapped to interactive lesson.
The Swift Programming Language (Swift 6.4 beta),language-guide,LanguageGuide/Protocols.xhtml,LanguageGuide/Protocols.xhtml#Collections-of-Protocol-Types,languageguide-protocols-xhtml.017.collections-of-protocol-types,2,Protocols > Collections of Protocol Types,Collections of Protocol Types,teachable,swift.protocols.collection-existentials,swift.protocols.collection-existentials,reviewed-implemented,Mapped to interactive lesson.
The Swift Programming Language (Swift 6.4 beta),language-guide,LanguageGuide/Protocols.xhtml,LanguageGuide/Protocols.xhtml#Protocol-Inheritance,languageguide-protocols-xhtml.018.protocol-inheritance,2,Protocols > Protocol Inheritance,Protocol Inheritance,teachable,swift.protocols.inheritance,swift.protocols.inheritance,reviewed-implemented,Mapped to interactive lesson.
The Swift Programming Language (Swift 6.4 beta),language-guide,LanguageGuide/Protocols.xhtml,LanguageGuide/Protocols.xhtml#Class-Only-Protocols,languageguide-protocols-xhtml.019.class-only-protocols,2,Protocols > Class-Only Protocols,Class-Only Protocols,teachable,swift.protocols.class-only,swift.protocols.class-only,reviewed-implemented,Mapped to interactive lesson.
The Swift Programming Language (Swift 6.4 beta),language-guide,LanguageGuide/Protocols.xhtml,LanguageGuide/Protocols.xhtml#Protocol-Composition,languageguide-protocols-xhtml.020.protocol-composition,2,Protocols > Protocol Composition,Protocol Composition,teachable,swift.protocols.composition,swift.protocols.composition,reviewed-implemented,Mapped to interactive lesson.
The Swift Programming Language (Swift 6.4 beta),language-guide,LanguageGuide/Protocols.xhtml,LanguageGuide/Protocols.xhtml#Checking-for-Protocol-Conformance,languageguide-protocols-xhtml.021.checking-for-protocol-conformance,2,Protocols > Checking for Protocol Conformance,Checking for Protocol Conformance,teachable,swift.protocols.runtime-check,swift.protocols.runtime-check,reviewed-implemented,Mapped to interactive lesson.
The Swift Programming Language (Swift 6.4 beta),language-guide,LanguageGuide/Protocols.xhtml,LanguageGuide/Protocols.xhtml#Optional-Protocol-Requirements,languageguide-protocols-xhtml.022.optional-protocol-requirements,2,Protocols > Optional Protocol Requirements,Optional Protocol Requirements,teachable,swift.protocols.optional-requirement,swift.protocols.optional-requirement,reviewed-implemented,Mapped to interactive lesson.
The Swift Programming Language (Swift 6.4 beta),language-guide,LanguageGuide/Protocols.xhtml,LanguageGuide/Protocols.xhtml#Protocol-Extensions,languageguide-protocols-xhtml.023.protocol-extensions,2,Protocols > Protocol Extensions,Protocol Extensions,teachable,swift.protocols.extension,swift.protocols.extension,reviewed-implemented,Mapped to interactive lesson.
The Swift Programming Language (Swift 6.4 beta),language-guide,LanguageGuide/Protocols.xhtml,LanguageGuide/Protocols.xhtml#Providing-Default-Implementations,languageguide-protocols-xhtml.024.providing-default-implementations,3,Protocols > Protocol Extensions > Providing Default Implementations,Providing Default Implementations,teachable,swift.protocols.default-implementation,swift.protocols.default-implementation,reviewed-implemented,Mapped to interactive lesson.
The Swift Programming Language (Swift 6.4 beta),language-guide,LanguageGuide/Protocols.xhtml,LanguageGuide/Protocols.xhtml#Adding-Constraints-to-Protocol-Extensions,languageguide-protocols-xhtml.025.adding-constraints-to-protocol-extensions,3,Protocols > Protocol Extensions > Adding Constraints to Protocol Extensions,Adding Constraints to Protocol Extensions,teachable,swift.protocols.constrained-extension,swift.protocols.constrained-extension,reviewed-implemented,Mapped to interactive lesson.
The Swift Programming Language (Swift 6.4 beta),language-guide,LanguageGuide/Generics.xhtml,LanguageGuide/Generics.xhtml#generics,languageguide-generics-xhtml.001.generics,1,Generics,Generics,context,,,reviewed-no-lesson,Reviewed as chapter context or explanatory grouping; no distinct interaction required.
The Swift Programming Language (Swift 6.4 beta),language-guide,LanguageGuide/Generics.xhtml,LanguageGuide/Generics.xhtml#The-Problem-that-Generics-Solve,languageguide-generics-xhtml.002.the-problem-that-generics-solve,2,Generics > The Problem that Generics Solve,The Problem that Generics Solve,teachable,swift.generics.problem,swift.generics.problem,reviewed-implemented,Mapped to interactive lesson.
The Swift Programming Language (Swift 6.4 beta),language-guide,LanguageGuide/Generics.xhtml,LanguageGuide/Generics.xhtml#Generic-Functions,languageguide-generics-xhtml.003.generic-functions,2,Generics > Generic Functions,Generic Functions,teachable,swift.generics.function,swift.generics.function,reviewed-implemented,Mapped to interactive lesson.
The Swift Programming Language (Swift 6.4 beta),language-guide,LanguageGuide/Generics.xhtml,LanguageGuide/Generics.xhtml#Type-Parameters,languageguide-generics-xhtml.004.type-parameters,2,Generics > Type Parameters,Type Parameters,teachable,swift.generics.type-parameter,swift.generics.type-parameter,reviewed-implemented,Mapped to interactive lesson.
The Swift Programming Language (Swift 6.4 beta),language-guide,LanguageGuide/Generics.xhtml,LanguageGuide/Generics.xhtml#Naming-Type-Parameters,languageguide-generics-xhtml.005.naming-type-parameters,2,Generics > Naming Type Parameters,Naming Type Parameters,teachable,swift.generics.type-parameter,swift.generics.type-parameter,reviewed-implemented,Mapped to interactive lesson.
The Swift Programming Language (Swift 6.4 beta),language-guide,LanguageGuide/Generics.xhtml,LanguageGuide/Generics.xhtml#Generic-Types,languageguide-generics-xhtml.006.generic-types,2,Generics > Generic Types,Generic Types,teachable,swift.generics.type,swift.generics.type,reviewed-implemented,Mapped to interactive lesson.
The Swift Programming Language (Swift 6.4 beta),language-guide,LanguageGuide/Generics.xhtml,LanguageGuide/Generics.xhtml#Extending-a-Generic-Type,languageguide-generics-xhtml.007.extending-a-generic-type,2,Generics > Extending a Generic Type,Extending a Generic Type,teachable,swift.generics.extension,swift.generics.extension,reviewed-implemented,Mapped to interactive lesson.
The Swift Programming Language (Swift 6.4 beta),language-guide,LanguageGuide/Generics.xhtml,LanguageGuide/Generics.xhtml#Type-Constraints,languageguide-generics-xhtml.008.type-constraints,2,Generics > Type Constraints,Type Constraints,teachable,swift.generics.constraint-syntax,swift.generics.constraint-syntax,reviewed-implemented,Mapped to interactive lesson.
The Swift Programming Language (Swift 6.4 beta),language-guide,LanguageGuide/Generics.xhtml,LanguageGuide/Generics.xhtml#Type-Constraint-Syntax,languageguide-generics-xhtml.009.type-constraint-syntax,3,Generics > Type Constraints > Type Constraint Syntax,Type Constraint Syntax,teachable,swift.generics.constraint-syntax,swift.generics.constraint-syntax,reviewed-implemented,Mapped to interactive lesson.
The Swift Programming Language (Swift 6.4 beta),language-guide,LanguageGuide/Generics.xhtml,LanguageGuide/Generics.xhtml#Type-Constraints-in-Action,languageguide-generics-xhtml.010.type-constraints-in-action,3,Generics > Type Constraints > Type Constraints in Action,Type Constraints in Action,teachable,swift.generics.constraint-action,swift.generics.constraint-action,reviewed-implemented,Mapped to interactive lesson.
The Swift Programming Language (Swift 6.4 beta),language-guide,LanguageGuide/Generics.xhtml,LanguageGuide/Generics.xhtml#Associated-Types,languageguide-generics-xhtml.011.associated-types,2,Generics > Associated Types,Associated Types,teachable,swift.generics.associated-type,swift.generics.associated-type,reviewed-implemented,Mapped to interactive lesson.
The Swift Programming Language (Swift 6.4 beta),language-guide,LanguageGuide/Generics.xhtml,LanguageGuide/Generics.xhtml#Associated-Types-in-Action,languageguide-generics-xhtml.012.associated-types-in-action,3,Generics > Associated Types > Associated Types in Action,Associated Types in Action,teachable,swift.generics.associated-type,swift.generics.associated-type,reviewed-implemented,Mapped to interactive lesson.
The Swift Programming Language (Swift 6.4 beta),language-guide,LanguageGuide/Generics.xhtml,LanguageGuide/Generics.xhtml#Extending-an-Existing-Type-to-Specify-an-Associated-Type,languageguide-generics-xhtml.013.extending-an-existing-type-to-specify-an-associated-type,3,Generics > Associated Types > Extending an Existing Type to Specify an Associated Type,Extending an Existing Type to Specify an Associated Type,teachable,swift.generics.existing-associated,swift.generics.existing-associated,reviewed-implemented,Mapped to interactive lesson.
The Swift Programming Language (Swift 6.4 beta),language-guide,LanguageGuide/Generics.xhtml,LanguageGuide/Generics.xhtml#Adding-Constraints-to-an-Associated-Type,languageguide-generics-xhtml.014.adding-constraints-to-an-associated-type,3,Generics > Associated Types > Adding Constraints to an Associated Type,Adding Constraints to an Associated Type,teachable,swift.generics.associated-constraint,swift.generics.associated-constraint,reviewed-implemented,Mapped to interactive lesson.
The Swift Programming Language (Swift 6.4 beta),language-guide,LanguageGuide/Generics.xhtml,LanguageGuide/Generics.xhtml#Using-a-Protocol-in-Its-Associated-Types-Constraints,languageguide-generics-xhtml.015.using-a-protocol-in-its-associated-type-s-constraints,3,Generics > Associated Types > Using a Protocol in Its Associated Type's Constraints,Using a Protocol in Its Associated Type's Constraints,teachable,swift.generics.protocol-associated-constraint,swift.generics.protocol-associated-constraint,reviewed-implemented,Mapped to interactive lesson.
The Swift Programming Language (Swift 6.4 beta),language-guide,LanguageGuide/Generics.xhtml,LanguageGuide/Generics.xhtml#Generic-Where-Clauses,languageguide-generics-xhtml.016.generic-where-clauses,2,Generics > Generic Where Clauses,Generic Where Clauses,teachable,swift.generics.where,swift.generics.where,reviewed-implemented,Mapped to interactive lesson.
The Swift Programming Language (Swift 6.4 beta),language-guide,LanguageGuide/Generics.xhtml,LanguageGuide/Generics.xhtml#Extensions-with-a-Generic-Where-Clause,languageguide-generics-xhtml.017.extensions-with-a-generic-where-clause,2,Generics > Extensions with a Generic Where Clause,Extensions with a Generic Where Clause,teachable,swift.generics.where-extension,swift.generics.where-extension,reviewed-implemented,Mapped to interactive lesson.
The Swift Programming Language (Swift 6.4 beta),language-guide,LanguageGuide/Generics.xhtml,LanguageGuide/Generics.xhtml#Contextual-Where-Clauses,languageguide-generics-xhtml.018.contextual-where-clauses,2,Generics > Contextual Where Clauses,Contextual Where Clauses,teachable,swift.generics.contextual-where,swift.generics.contextual-where,reviewed-implemented,Mapped to interactive lesson.
The Swift Programming Language (Swift 6.4 beta),language-guide,LanguageGuide/Generics.xhtml,LanguageGuide/Generics.xhtml#Associated-Types-with-a-Generic-Where-Clause,languageguide-generics-xhtml.019.associated-types-with-a-generic-where-clause,2,Generics > Associated Types with a Generic Where Clause,Associated Types with a Generic Where Clause,teachable,swift.generics.associated-where,swift.generics.associated-where,reviewed-implemented,Mapped to interactive lesson.
The Swift Programming Language (Swift 6.4 beta),language-guide,LanguageGuide/Generics.xhtml,LanguageGuide/Generics.xhtml#Generic-Subscripts,languageguide-generics-xhtml.020.generic-subscripts,2,Generics > Generic Subscripts,Generic Subscripts,teachable,swift.generics.subscript,swift.generics.subscript,reviewed-implemented,Mapped to interactive lesson.
The Swift Programming Language (Swift 6.4 beta),language-guide,LanguageGuide/Generics.xhtml,LanguageGuide/Generics.xhtml#Implicit-Constraints,languageguide-generics-xhtml.021.implicit-constraints,2,Generics > Implicit Constraints,Implicit Constraints,teachable,swift.generics.implicit-copyable,swift.generics.implicit-copyable,reviewed-implemented,Mapped to interactive lesson.
The Swift Programming Language (Swift 6.4 beta),language-guide,LanguageGuide/OpaqueTypes.xhtml,LanguageGuide/OpaqueTypes.xhtml#opaque-and-boxed-protocol-types,languageguide-opaquetypes-xhtml.001.opaque-and-boxed-protocol-types,1,Opaque and Boxed Protocol Types,Opaque and Boxed Protocol Types,context,,,reviewed-no-lesson,Reviewed as chapter context or explanatory grouping; no distinct interaction required.
The Swift Programming Language (Swift 6.4 beta),language-guide,LanguageGuide/OpaqueTypes.xhtml,LanguageGuide/OpaqueTypes.xhtml#The-Problem-that-Opaque-Types-Solve,languageguide-opaquetypes-xhtml.002.the-problem-that-opaque-types-solve,2,Opaque and Boxed Protocol Types > The Problem that Opaque Types Solve,The Problem that Opaque Types Solve,teachable,swift.opaque.problem,swift.opaque.problem,reviewed-implemented,Mapped to interactive lesson.
The Swift Programming Language (Swift 6.4 beta),language-guide,LanguageGuide/OpaqueTypes.xhtml,LanguageGuide/OpaqueTypes.xhtml#Returning-an-Opaque-Type,languageguide-opaquetypes-xhtml.003.returning-an-opaque-type,2,Opaque and Boxed Protocol Types > Returning an Opaque Type,Returning an Opaque Type,teachable,swift.opaque.return,swift.opaque.return,reviewed-implemented,Mapped to interactive lesson.
The Swift Programming Language (Swift 6.4 beta),language-guide,LanguageGuide/OpaqueTypes.xhtml,LanguageGuide/OpaqueTypes.xhtml#Boxed-Protocol-Types,languageguide-opaquetypes-xhtml.004.boxed-protocol-types,2,Opaque and Boxed Protocol Types > Boxed Protocol Types,Boxed Protocol Types,teachable,swift.opaque.boxed,swift.opaque.boxed,reviewed-implemented,Mapped to interactive lesson.
The Swift Programming Language (Swift 6.4 beta),language-guide,LanguageGuide/OpaqueTypes.xhtml,LanguageGuide/OpaqueTypes.xhtml#Differences-Between-Opaque-Types-and-Boxed-Protocol-Types,languageguide-opaquetypes-xhtml.005.differences-between-opaque-types-and-boxed-protocol-types,2,Opaque and Boxed Protocol Types > Differences Between Opaque Types and Boxed Protocol Types,Differences Between Opaque Types and Boxed Protocol Types,teachable,swift.opaque.difference,swift.opaque.difference,reviewed-implemented,Mapped to interactive lesson.
The Swift Programming Language (Swift 6.4 beta),language-guide,LanguageGuide/OpaqueTypes.xhtml,LanguageGuide/OpaqueTypes.xhtml#Opaque-Parameter-Types,languageguide-opaquetypes-xhtml.006.opaque-parameter-types,2,Opaque and Boxed Protocol Types > Opaque Parameter Types,Opaque Parameter Types,teachable,swift.opaque.parameter,swift.opaque.parameter,reviewed-implemented,Mapped to interactive lesson.
The Swift Programming Language (Swift 6.4 beta),language-guide,LanguageGuide/AutomaticReferenceCounting.xhtml,LanguageGuide/AutomaticReferenceCounting.xhtml#automatic-reference-counting,languageguide-automaticreferencecounting-xhtml.001.automatic-reference-counting,1,Automatic Reference Counting,Automatic Reference Counting,context,,,reviewed-no-lesson,Reviewed as chapter context or explanatory grouping; no distinct interaction required.
The Swift Programming Language (Swift 6.4 beta),language-guide,LanguageGuide/AutomaticReferenceCounting.xhtml,LanguageGuide/AutomaticReferenceCounting.xhtml#How-ARC-Works,languageguide-automaticreferencecounting-xhtml.002.how-arc-works,2,Automatic Reference Counting > How ARC Works,How ARC Works,teachable,swift.arc.works,swift.arc.works,reviewed-implemented,Mapped to interactive lesson.
The Swift Programming Language (Swift 6.4 beta),language-guide,LanguageGuide/AutomaticReferenceCounting.xhtml,LanguageGuide/AutomaticReferenceCounting.xhtml#ARC-in-Action,languageguide-automaticreferencecounting-xhtml.003.arc-in-action,2,Automatic Reference Counting > ARC in Action,ARC in Action,teachable,swift.arc.action,swift.arc.action,reviewed-implemented,Mapped to interactive lesson.
The Swift Programming Language (Swift 6.4 beta),language-guide,LanguageGuide/AutomaticReferenceCounting.xhtml,LanguageGuide/AutomaticReferenceCounting.xhtml#Strong-Reference-Cycles-Between-Class-Instances,languageguide-automaticreferencecounting-xhtml.004.strong-reference-cycles-between-class-instances,2,Automatic Reference Counting > Strong Reference Cycles Between Class Instances,Strong Reference Cycles Between Class Instances,teachable,swift.arc.strong-cycle,swift.arc.strong-cycle,reviewed-implemented,Mapped to interactive lesson.
The Swift Programming Language (Swift 6.4 beta),language-guide,LanguageGuide/AutomaticReferenceCounting.xhtml,LanguageGuide/AutomaticReferenceCounting.xhtml#Resolving-Strong-Reference-Cycles-Between-Class-Instances,languageguide-automaticreferencecounting-xhtml.005.resolving-strong-reference-cycles-between-class-instances,2,Automatic Reference Counting > Resolving Strong Reference Cycles Between Class Instances,Resolving Strong Reference Cycles Between Class Instances,teachable,swift.arc.weak|swift.arc.unowned,swift.arc.weak|swift.arc.unowned,reviewed-implemented,Mapped to interactive lesson.
The Swift Programming Language (Swift 6.4 beta),language-guide,LanguageGuide/AutomaticReferenceCounting.xhtml,LanguageGuide/AutomaticReferenceCounting.xhtml#Weak-References,languageguide-automaticreferencecounting-xhtml.006.weak-references,3,Automatic Reference Counting > Resolving Strong Reference Cycles Between Class Instances > Weak References,Weak References,teachable,swift.arc.weak,swift.arc.weak,reviewed-implemented,Mapped to interactive lesson.
The Swift Programming Language (Swift 6.4 beta),language-guide,LanguageGuide/AutomaticReferenceCounting.xhtml,LanguageGuide/AutomaticReferenceCounting.xhtml#Unowned-References,languageguide-automaticreferencecounting-xhtml.007.unowned-references,3,Automatic Reference Counting > Resolving Strong Reference Cycles Between Class Instances > Unowned References,Unowned References,teachable,swift.arc.unowned,swift.arc.unowned,reviewed-implemented,Mapped to interactive lesson.
The Swift Programming Language (Swift 6.4 beta),language-guide,LanguageGuide/AutomaticReferenceCounting.xhtml,LanguageGuide/AutomaticReferenceCounting.xhtml#Unowned-Optional-References,languageguide-automaticreferencecounting-xhtml.008.unowned-optional-references,3,Automatic Reference Counting > Resolving Strong Reference Cycles Between Class Instances > Unowned Optional References,Unowned Optional References,teachable,swift.arc.unowned-optional,swift.arc.unowned-optional,reviewed-implemented,Mapped to interactive lesson.
The Swift Programming Language (Swift 6.4 beta),language-guide,LanguageGuide/AutomaticReferenceCounting.xhtml,LanguageGuide/AutomaticReferenceCounting.xhtml#Unowned-References-and-Implicitly-Unwrapped-Optional-Properties,languageguide-automaticreferencecounting-xhtml.009.unowned-references-and-implicitly-unwrapped-optional-properties,3,Automatic Reference Counting > Resolving Strong Reference Cycles Between Class Instances > Unowned References and Implicitly Unwrapped Optional Properties,Unowned References and Implicitly Unwrapped Optional Properties,teachable,swift.arc.unowned-iuo,swift.arc.unowned-iuo,reviewed-implemented,Mapped to interactive lesson.
The Swift Programming Language (Swift 6.4 beta),language-guide,LanguageGuide/AutomaticReferenceCounting.xhtml,LanguageGuide/AutomaticReferenceCounting.xhtml#Strong-Reference-Cycles-for-Closures,languageguide-automaticreferencecounting-xhtml.010.strong-reference-cycles-for-closures,2,Automatic Reference Counting > Strong Reference Cycles for Closures,Strong Reference Cycles for Closures,teachable,swift.arc.closure-cycle,swift.arc.closure-cycle,reviewed-implemented,Mapped to interactive lesson.
The Swift Programming Language (Swift 6.4 beta),language-guide,LanguageGuide/AutomaticReferenceCounting.xhtml,LanguageGuide/AutomaticReferenceCounting.xhtml#Resolving-Strong-Reference-Cycles-for-Closures,languageguide-automaticreferencecounting-xhtml.011.resolving-strong-reference-cycles-for-closures,2,Automatic Reference Counting > Resolving Strong Reference Cycles for Closures,Resolving Strong Reference Cycles for Closures,teachable,swift.arc.capture-list|swift.arc.weak-vs-unowned,swift.arc.capture-list|swift.arc.weak-vs-unowned,reviewed-implemented,Mapped to interactive lesson.
The Swift Programming Language (Swift 6.4 beta),language-guide,LanguageGuide/AutomaticReferenceCounting.xhtml,LanguageGuide/AutomaticReferenceCounting.xhtml#Defining-a-Capture-List,languageguide-automaticreferencecounting-xhtml.012.defining-a-capture-list,3,Automatic Reference Counting > Resolving Strong Reference Cycles for Closures > Defining a Capture List,Defining a Capture List,teachable,swift.arc.capture-list,swift.arc.capture-list,reviewed-implemented,Mapped to interactive lesson.
The Swift Programming Language (Swift 6.4 beta),language-guide,LanguageGuide/AutomaticReferenceCounting.xhtml,LanguageGuide/AutomaticReferenceCounting.xhtml#Weak-and-Unowned-References,languageguide-automaticreferencecounting-xhtml.013.weak-and-unowned-references,3,Automatic Reference Counting > Resolving Strong Reference Cycles for Closures > Weak and Unowned References,Weak and Unowned References,teachable,swift.arc.weak-vs-unowned,swift.arc.weak-vs-unowned,reviewed-implemented,Mapped to interactive lesson.
The Swift Programming Language (Swift 6.4 beta),language-guide,LanguageGuide/MemorySafety.xhtml,LanguageGuide/MemorySafety.xhtml#memory-safety,languageguide-memorysafety-xhtml.001.memory-safety,1,Memory Safety,Memory Safety,context,,,reviewed-no-lesson,Reviewed as chapter context or explanatory grouping; no distinct interaction required.
The Swift Programming Language (Swift 6.4 beta),language-guide,LanguageGuide/MemorySafety.xhtml,LanguageGuide/MemorySafety.xhtml#Understanding-Conflicting-Access-to-Memory,languageguide-memorysafety-xhtml.002.understanding-conflicting-access-to-memory,2,Memory Safety > Understanding Conflicting Access to Memory,Understanding Conflicting Access to Memory,teachable,swift.memory.conflict,swift.memory.conflict,reviewed-implemented,Mapped to interactive lesson.
The Swift Programming Language (Swift 6.4 beta),language-guide,LanguageGuide/MemorySafety.xhtml,LanguageGuide/MemorySafety.xhtml#Characteristics-of-Memory-Access,languageguide-memorysafety-xhtml.003.characteristics-of-memory-access,3,Memory Safety > Understanding Conflicting Access to Memory > Characteristics of Memory Access,Characteristics of Memory Access,teachable,swift.memory.characteristics,swift.memory.characteristics,reviewed-implemented,Mapped to interactive lesson.
The Swift Programming Language (Swift 6.4 beta),language-guide,LanguageGuide/MemorySafety.xhtml,LanguageGuide/MemorySafety.xhtml#Conflicting-Access-to-In-Out-Parameters,languageguide-memorysafety-xhtml.004.conflicting-access-to-in-out-parameters,2,Memory Safety > Conflicting Access to In-Out Parameters,Conflicting Access to In-Out Parameters,teachable,swift.memory.inout,swift.memory.inout,reviewed-implemented,Mapped to interactive lesson.
The Swift Programming Language (Swift 6.4 beta),language-guide,LanguageGuide/MemorySafety.xhtml,LanguageGuide/MemorySafety.xhtml#Conflicting-Access-to-self-in-Methods,languageguide-memorysafety-xhtml.005.conflicting-access-to-self-in-methods,2,Memory Safety > Conflicting Access to self in Methods,Conflicting Access to self in Methods,teachable,swift.memory.self,swift.memory.self,reviewed-implemented,Mapped to interactive lesson.
The Swift Programming Language (Swift 6.4 beta),language-guide,LanguageGuide/MemorySafety.xhtml,LanguageGuide/MemorySafety.xhtml#Conflicting-Access-to-Properties,languageguide-memorysafety-xhtml.006.conflicting-access-to-properties,2,Memory Safety > Conflicting Access to Properties,Conflicting Access to Properties,teachable,swift.memory.properties,swift.memory.properties,reviewed-implemented,Mapped to interactive lesson.
The Swift Programming Language (Swift 6.4 beta),language-guide,LanguageGuide/AccessControl.xhtml,LanguageGuide/AccessControl.xhtml#access-control,languageguide-accesscontrol-xhtml.001.access-control,1,Access Control,Access Control,context,,,reviewed-no-lesson,Reviewed as chapter context or explanatory grouping; no distinct interaction required.
The Swift Programming Language (Swift 6.4 beta),language-guide,LanguageGuide/AccessControl.xhtml,LanguageGuide/AccessControl.xhtml#Modules-Source-Files-and-Packages,languageguide-accesscontrol-xhtml.002.modules-source-files-and-packages,2,"Access Control > Modules, Source Files, and Packages","Modules, Source Files, and Packages",teachable,swift.access.scope,swift.access.scope,reviewed-implemented,Mapped to interactive lesson.
The Swift Programming Language (Swift 6.4 beta),language-guide,LanguageGuide/AccessControl.xhtml,LanguageGuide/AccessControl.xhtml#Access-Levels,languageguide-accesscontrol-xhtml.003.access-levels,2,Access Control > Access Levels,Access Levels,teachable,swift.access.levels,swift.access.levels,reviewed-implemented,Mapped to interactive lesson.
The Swift Programming Language (Swift 6.4 beta),language-guide,LanguageGuide/AccessControl.xhtml,LanguageGuide/AccessControl.xhtml#Guiding-Principle-of-Access-Levels,languageguide-accesscontrol-xhtml.004.guiding-principle-of-access-levels,3,Access Control > Access Levels > Guiding Principle of Access Levels,Guiding Principle of Access Levels,teachable,swift.access.guiding-principle,swift.access.guiding-principle,reviewed-implemented,Mapped to interactive lesson.
The Swift Programming Language (Swift 6.4 beta),language-guide,LanguageGuide/AccessControl.xhtml,LanguageGuide/AccessControl.xhtml#Default-Access-Levels,languageguide-accesscontrol-xhtml.005.default-access-levels,3,Access Control > Access Levels > Default Access Levels,Default Access Levels,teachable,swift.access.default,swift.access.default,reviewed-implemented,Mapped to interactive lesson.
The Swift Programming Language (Swift 6.4 beta),language-guide,LanguageGuide/AccessControl.xhtml,LanguageGuide/AccessControl.xhtml#Access-Levels-for-Single-Target-Apps,languageguide-accesscontrol-xhtml.006.access-levels-for-single-target-apps,3,Access Control > Access Levels > Access Levels for Single-Target Apps,Access Levels for Single-Target Apps,teachable,swift.access.single-target,swift.access.single-target,reviewed-implemented,Mapped to interactive lesson.
The Swift Programming Language (Swift 6.4 beta),language-guide,LanguageGuide/AccessControl.xhtml,LanguageGuide/AccessControl.xhtml#Access-Levels-for-Frameworks,languageguide-accesscontrol-xhtml.007.access-levels-for-frameworks,3,Access Control > Access Levels > Access Levels for Frameworks,Access Levels for Frameworks,teachable,swift.access.framework,swift.access.framework,reviewed-implemented,Mapped to interactive lesson.
The Swift Programming Language (Swift 6.4 beta),language-guide,LanguageGuide/AccessControl.xhtml,LanguageGuide/AccessControl.xhtml#Access-Levels-for-Unit-Test-Targets,languageguide-accesscontrol-xhtml.008.access-levels-for-unit-test-targets,3,Access Control > Access Levels > Access Levels for Unit Test Targets,Access Levels for Unit Test Targets,teachable,swift.access.testable,swift.access.testable,reviewed-implemented,Mapped to interactive lesson.
The Swift Programming Language (Swift 6.4 beta),language-guide,LanguageGuide/AccessControl.xhtml,LanguageGuide/AccessControl.xhtml#Access-Control-Syntax,languageguide-accesscontrol-xhtml.009.access-control-syntax,2,Access Control > Access Control Syntax,Access Control Syntax,teachable,swift.access.syntax,swift.access.syntax,reviewed-implemented,Mapped to interactive lesson.
The Swift Programming Language (Swift 6.4 beta),language-guide,LanguageGuide/AccessControl.xhtml,LanguageGuide/AccessControl.xhtml#Custom-Types,languageguide-accesscontrol-xhtml.010.custom-types,2,Access Control > Custom Types,Custom Types,teachable,swift.access.custom-type,swift.access.custom-type,reviewed-implemented,Mapped to interactive lesson.
The Swift Programming Language (Swift 6.4 beta),language-guide,LanguageGuide/AccessControl.xhtml,LanguageGuide/AccessControl.xhtml#Tuple-Types,languageguide-accesscontrol-xhtml.011.tuple-types,3,Access Control > Custom Types > Tuple Types,Tuple Types,teachable,swift.access.tuple,swift.access.tuple,reviewed-implemented,Mapped to interactive lesson.
The Swift Programming Language (Swift 6.4 beta),language-guide,LanguageGuide/AccessControl.xhtml,LanguageGuide/AccessControl.xhtml#Function-Types,languageguide-accesscontrol-xhtml.012.function-types,3,Access Control > Custom Types > Function Types,Function Types,teachable,swift.access.function,swift.access.function,reviewed-implemented,Mapped to interactive lesson.
The Swift Programming Language (Swift 6.4 beta),language-guide,LanguageGuide/AccessControl.xhtml,LanguageGuide/AccessControl.xhtml#Enumeration-Types,languageguide-accesscontrol-xhtml.013.enumeration-types,3,Access Control > Custom Types > Enumeration Types,Enumeration Types,teachable,swift.access.enum,swift.access.enum,reviewed-implemented,Mapped to interactive lesson.
The Swift Programming Language (Swift 6.4 beta),language-guide,LanguageGuide/AccessControl.xhtml,LanguageGuide/AccessControl.xhtml#Raw-Values-and-Associated-Values,languageguide-accesscontrol-xhtml.014.raw-values-and-associated-values,4,Access Control > Custom Types > Enumeration Types > Raw Values and Associated Values,Raw Values and Associated Values,teachable,swift.access.enum,swift.access.enum,reviewed-implemented,Mapped to interactive lesson.
The Swift Programming Language (Swift 6.4 beta),language-guide,LanguageGuide/AccessControl.xhtml,LanguageGuide/AccessControl.xhtml#Nested-Types,languageguide-accesscontrol-xhtml.015.nested-types,3,Access Control > Custom Types > Nested Types,Nested Types,teachable,swift.access.nested,swift.access.nested,reviewed-implemented,Mapped to interactive lesson.
The Swift Programming Language (Swift 6.4 beta),language-guide,LanguageGuide/AccessControl.xhtml,LanguageGuide/AccessControl.xhtml#Subclassing,languageguide-accesscontrol-xhtml.016.subclassing,2,Access Control > Subclassing,Subclassing,teachable,swift.access.subclass,swift.access.subclass,reviewed-implemented,Mapped to interactive lesson.
The Swift Programming Language (Swift 6.4 beta),language-guide,LanguageGuide/AccessControl.xhtml,LanguageGuide/AccessControl.xhtml#Constants-Variables-Properties-and-Subscripts,languageguide-accesscontrol-xhtml.017.constants-variables-properties-and-subscripts,2,"Access Control > Constants, Variables, Properties, and Subscripts","Constants, Variables, Properties, and Subscripts",teachable,swift.access.private-set,swift.access.private-set,reviewed-implemented,Mapped to interactive lesson.
The Swift Programming Language (Swift 6.4 beta),language-guide,LanguageGuide/AccessControl.xhtml,LanguageGuide/AccessControl.xhtml#Getters-and-Setters,languageguide-accesscontrol-xhtml.018.getters-and-setters,3,"Access Control > Constants, Variables, Properties, and Subscripts > Getters and Setters",Getters and Setters,teachable,swift.access.private-set,swift.access.private-set,reviewed-implemented,Mapped to interactive lesson.
The Swift Programming Language (Swift 6.4 beta),language-guide,LanguageGuide/AccessControl.xhtml,LanguageGuide/AccessControl.xhtml#Initializers,languageguide-accesscontrol-xhtml.019.initializers,2,Access Control > Initializers,Initializers,teachable,swift.access.initializer,swift.access.initializer,reviewed-implemented,Mapped to interactive lesson.
The Swift Programming Language (Swift 6.4 beta),language-guide,LanguageGuide/AccessControl.xhtml,LanguageGuide/AccessControl.xhtml#Default-Initializers,languageguide-accesscontrol-xhtml.020.default-initializers,3,Access Control > Initializers > Default Initializers,Default Initializers,teachable,swift.access.initializer,swift.access.initializer,reviewed-implemented,Mapped to interactive lesson.
The Swift Programming Language (Swift 6.4 beta),language-guide,LanguageGuide/AccessControl.xhtml,LanguageGuide/AccessControl.xhtml#Default-Memberwise-Initializers-for-Structure-Types,languageguide-accesscontrol-xhtml.021.default-memberwise-initializers-for-structure-types,3,Access Control > Initializers > Default Memberwise Initializers for Structure Types,Default Memberwise Initializers for Structure Types,teachable,swift.access.initializer,swift.access.initializer,reviewed-implemented,Mapped to interactive lesson.
The Swift Programming Language (Swift 6.4 beta),language-guide,LanguageGuide/AccessControl.xhtml,LanguageGuide/AccessControl.xhtml#Protocols,languageguide-accesscontrol-xhtml.022.protocols,2,Access Control > Protocols,Protocols,teachable,swift.access.protocol,swift.access.protocol,reviewed-implemented,Mapped to interactive lesson.
The Swift Programming Language (Swift 6.4 beta),language-guide,LanguageGuide/AccessControl.xhtml,LanguageGuide/AccessControl.xhtml#Protocol-Inheritance,languageguide-accesscontrol-xhtml.023.protocol-inheritance,3,Access Control > Protocols > Protocol Inheritance,Protocol Inheritance,teachable,swift.access.protocol,swift.access.protocol,reviewed-implemented,Mapped to interactive lesson.
The Swift Programming Language (Swift 6.4 beta),language-guide,LanguageGuide/AccessControl.xhtml,LanguageGuide/AccessControl.xhtml#Protocol-Conformance,languageguide-accesscontrol-xhtml.024.protocol-conformance,3,Access Control > Protocols > Protocol Conformance,Protocol Conformance,teachable,swift.access.protocol,swift.access.protocol,reviewed-implemented,Mapped to interactive lesson.
The Swift Programming Language (Swift 6.4 beta),language-guide,LanguageGuide/AccessControl.xhtml,LanguageGuide/AccessControl.xhtml#Extensions,languageguide-accesscontrol-xhtml.025.extensions,2,Access Control > Extensions,Extensions,teachable,swift.access.extension,swift.access.extension,reviewed-implemented,Mapped to interactive lesson.
The Swift Programming Language (Swift 6.4 beta),language-guide,LanguageGuide/AccessControl.xhtml,LanguageGuide/AccessControl.xhtml#Private-Members-in-Extensions,languageguide-accesscontrol-xhtml.026.private-members-in-extensions,3,Access Control > Extensions > Private Members in Extensions,Private Members in Extensions,teachable,swift.access.extension,swift.access.extension,reviewed-implemented,Mapped to interactive lesson.
The Swift Programming Language (Swift 6.4 beta),language-guide,LanguageGuide/AccessControl.xhtml,LanguageGuide/AccessControl.xhtml#Generics,languageguide-accesscontrol-xhtml.027.generics,2,Access Control > Generics,Generics,teachable,swift.access.generic-alias,swift.access.generic-alias,reviewed-implemented,Mapped to interactive lesson.
The Swift Programming Language (Swift 6.4 beta),language-guide,LanguageGuide/AccessControl.xhtml,LanguageGuide/AccessControl.xhtml#Type-Aliases,languageguide-accesscontrol-xhtml.028.type-aliases,2,Access Control > Type Aliases,Type Aliases,teachable,swift.access.generic-alias,swift.access.generic-alias,reviewed-implemented,Mapped to interactive lesson.
The Swift Programming Language (Swift 6.4 beta),language-guide,LanguageGuide/AdvancedOperators.xhtml,LanguageGuide/AdvancedOperators.xhtml#advanced-operators,languageguide-advancedoperators-xhtml.001.advanced-operators,1,Advanced Operators,Advanced Operators,context,,,reviewed-no-lesson,Reviewed as chapter context or explanatory grouping; no distinct interaction required.
The Swift Programming Language (Swift 6.4 beta),language-guide,LanguageGuide/AdvancedOperators.xhtml,LanguageGuide/AdvancedOperators.xhtml#Bitwise-Operators,languageguide-advancedoperators-xhtml.002.bitwise-operators,2,Advanced Operators > Bitwise Operators,Bitwise Operators,teachable,swift.bitwise.not|swift.bitwise.and|swift.bitwise.or|swift.bitwise.xor|swift.bitwise.shift-left,swift.bitwise.not|swift.bitwise.and|swift.bitwise.or|swift.bitwise.xor|swift.bitwise.shift-left,reviewed-implemented,Mapped to interactive lesson.
The Swift Programming Language (Swift 6.4 beta),language-guide,LanguageGuide/AdvancedOperators.xhtml,LanguageGuide/AdvancedOperators.xhtml#Bitwise-NOT-Operator,languageguide-advancedoperators-xhtml.003.bitwise-not-operator,3,Advanced Operators > Bitwise Operators > Bitwise NOT Operator,Bitwise NOT Operator,teachable,swift.bitwise.not,swift.bitwise.not,reviewed-implemented,Mapped to interactive lesson.
The Swift Programming Language (Swift 6.4 beta),language-guide,LanguageGuide/AdvancedOperators.xhtml,LanguageGuide/AdvancedOperators.xhtml#Bitwise-AND-Operator,languageguide-advancedoperators-xhtml.004.bitwise-and-operator,3,Advanced Operators > Bitwise Operators > Bitwise AND Operator,Bitwise AND Operator,teachable,swift.bitwise.and,swift.bitwise.and,reviewed-implemented,Mapped to interactive lesson.
The Swift Programming Language (Swift 6.4 beta),language-guide,LanguageGuide/AdvancedOperators.xhtml,LanguageGuide/AdvancedOperators.xhtml#Bitwise-OR-Operator,languageguide-advancedoperators-xhtml.005.bitwise-or-operator,3,Advanced Operators > Bitwise Operators > Bitwise OR Operator,Bitwise OR Operator,teachable,swift.bitwise.or,swift.bitwise.or,reviewed-implemented,Mapped to interactive lesson.
The Swift Programming Language (Swift 6.4 beta),language-guide,LanguageGuide/AdvancedOperators.xhtml,LanguageGuide/AdvancedOperators.xhtml#Bitwise-XOR-Operator,languageguide-advancedoperators-xhtml.006.bitwise-xor-operator,3,Advanced Operators > Bitwise Operators > Bitwise XOR Operator,Bitwise XOR Operator,teachable,swift.bitwise.xor,swift.bitwise.xor,reviewed-implemented,Mapped to interactive lesson.
The Swift Programming Language (Swift 6.4 beta),language-guide,LanguageGuide/AdvancedOperators.xhtml,LanguageGuide/AdvancedOperators.xhtml#Bitwise-Left-and-Right-Shift-Operators,languageguide-advancedoperators-xhtml.007.bitwise-left-and-right-shift-operators,3,Advanced Operators > Bitwise Operators > Bitwise Left and Right Shift Operators,Bitwise Left and Right Shift Operators,teachable,swift.bitwise.shift-left|swift.bitwise.signed-shift,swift.bitwise.shift-left|swift.bitwise.signed-shift,reviewed-implemented,Mapped to interactive lesson.
The Swift Programming Language (Swift 6.4 beta),language-guide,LanguageGuide/AdvancedOperators.xhtml,LanguageGuide/AdvancedOperators.xhtml#Shifting-Behavior-for-Unsigned-Integers,languageguide-advancedoperators-xhtml.008.shifting-behavior-for-unsigned-integers,4,Advanced Operators > Bitwise Operators > Bitwise Left and Right Shift Operators > Shifting Behavior for Unsigned Integers,Shifting Behavior for Unsigned Integers,teachable,swift.bitwise.shift-left,swift.bitwise.shift-left,reviewed-implemented,Mapped to interactive lesson.
The Swift Programming Language (Swift 6.4 beta),language-guide,LanguageGuide/AdvancedOperators.xhtml,LanguageGuide/AdvancedOperators.xhtml#Shifting-Behavior-for-Signed-Integers,languageguide-advancedoperators-xhtml.009.shifting-behavior-for-signed-integers,4,Advanced Operators > Bitwise Operators > Bitwise Left and Right Shift Operators > Shifting Behavior for Signed Integers,Shifting Behavior for Signed Integers,teachable,swift.bitwise.signed-shift,swift.bitwise.signed-shift,reviewed-implemented,Mapped to interactive lesson.
The Swift Programming Language (Swift 6.4 beta),language-guide,LanguageGuide/AdvancedOperators.xhtml,LanguageGuide/AdvancedOperators.xhtml#Overflow-Operators,languageguide-advancedoperators-xhtml.010.overflow-operators,2,Advanced Operators > Overflow Operators,Overflow Operators,teachable,swift.overflow.add,swift.overflow.add,reviewed-implemented,Mapped to interactive lesson.
The Swift Programming Language (Swift 6.4 beta),language-guide,LanguageGuide/AdvancedOperators.xhtml,LanguageGuide/AdvancedOperators.xhtml#Value-Overflow,languageguide-advancedoperators-xhtml.011.value-overflow,3,Advanced Operators > Overflow Operators > Value Overflow,Value Overflow,teachable,swift.overflow.add,swift.overflow.add,reviewed-implemented,Mapped to interactive lesson.
The Swift Programming Language (Swift 6.4 beta),language-guide,LanguageGuide/AdvancedOperators.xhtml,LanguageGuide/AdvancedOperators.xhtml#Precedence-and-Associativity,languageguide-advancedoperators-xhtml.012.precedence-and-associativity,2,Advanced Operators > Precedence and Associativity,Precedence and Associativity,teachable,swift.operators.precedence,swift.operators.precedence,reviewed-implemented,Mapped to interactive lesson.
The Swift Programming Language (Swift 6.4 beta),language-guide,LanguageGuide/AdvancedOperators.xhtml,LanguageGuide/AdvancedOperators.xhtml#Operator-Methods,languageguide-advancedoperators-xhtml.013.operator-methods,2,Advanced Operators > Operator Methods,Operator Methods,teachable,swift.operators.method,swift.operators.method,reviewed-implemented,Mapped to interactive lesson.
The Swift Programming Language (Swift 6.4 beta),language-guide,LanguageGuide/AdvancedOperators.xhtml,LanguageGuide/AdvancedOperators.xhtml#Prefix-and-Postfix-Operators,languageguide-advancedoperators-xhtml.014.prefix-and-postfix-operators,3,Advanced Operators > Operator Methods > Prefix and Postfix Operators,Prefix and Postfix Operators,teachable,swift.operators.prefix,swift.operators.prefix,reviewed-implemented,Mapped to interactive lesson.
The Swift Programming Language (Swift 6.4 beta),language-guide,LanguageGuide/AdvancedOperators.xhtml,LanguageGuide/AdvancedOperators.xhtml#Compound-Assignment-Operators,languageguide-advancedoperators-xhtml.015.compound-assignment-operators,3,Advanced Operators > Operator Methods > Compound Assignment Operators,Compound Assignment Operators,teachable,swift.operators.compound,swift.operators.compound,reviewed-implemented,Mapped to interactive lesson.
The Swift Programming Language (Swift 6.4 beta),language-guide,LanguageGuide/AdvancedOperators.xhtml,LanguageGuide/AdvancedOperators.xhtml#Equivalence-Operators,languageguide-advancedoperators-xhtml.016.equivalence-operators,3,Advanced Operators > Operator Methods > Equivalence Operators,Equivalence Operators,teachable,swift.operators.equivalence,swift.operators.equivalence,reviewed-implemented,Mapped to interactive lesson.
The Swift Programming Language (Swift 6.4 beta),language-guide,LanguageGuide/AdvancedOperators.xhtml,LanguageGuide/AdvancedOperators.xhtml#Custom-Operators,languageguide-advancedoperators-xhtml.017.custom-operators,2,Advanced Operators > Custom Operators,Custom Operators,teachable,swift.operators.custom,swift.operators.custom,reviewed-implemented,Mapped to interactive lesson.
The Swift Programming Language (Swift 6.4 beta),language-guide,LanguageGuide/AdvancedOperators.xhtml,LanguageGuide/AdvancedOperators.xhtml#Precedence-for-Custom-Infix-Operators,languageguide-advancedoperators-xhtml.018.precedence-for-custom-infix-operators,3,Advanced Operators > Custom Operators > Precedence for Custom Infix Operators,Precedence for Custom Infix Operators,teachable,swift.operators.precedence-group,swift.operators.precedence-group,reviewed-implemented,Mapped to interactive lesson.
The Swift Programming Language (Swift 6.4 beta),language-guide,LanguageGuide/AdvancedOperators.xhtml,LanguageGuide/AdvancedOperators.xhtml#Result-Builders,languageguide-advancedoperators-xhtml.019.result-builders,2,Advanced Operators > Result Builders,Result Builders,teachable,swift.builders.attribute|swift.builders.build-block|swift.builders.parameter,swift.builders.attribute|swift.builders.build-block|swift.builders.parameter,reviewed-implemented,Mapped to interactive lesson.
The Swift Programming Language (Swift 6.4 beta),language-reference,ReferenceManual/ReferenceManualPart.xhtml,ReferenceManual/ReferenceManualPart.xhtml#language-reference,referencemanual-referencemanualpart-xhtml.001.language-reference,1,Language Reference,Language Reference,context,,,reviewed-no-lesson,"Reviewed as chapter grouping, grammar notation, or formal summary; no distinct interaction required."
The Swift Programming Language (Swift 6.4 beta),language-reference,ReferenceManual/AboutTheLanguageReference.xhtml,ReferenceManual/AboutTheLanguageReference.xhtml#about-the-language-reference,referencemanual-aboutthelanguagereference-xhtml.001.about-the-language-reference,1,About the Language Reference,About the Language Reference,context,,,reviewed-no-lesson,"Reviewed as chapter grouping, grammar notation, or formal summary; no distinct interaction required."
The Swift Programming Language (Swift 6.4 beta),language-reference,ReferenceManual/AboutTheLanguageReference.xhtml,ReferenceManual/AboutTheLanguageReference.xhtml#How-to-Read-the-Grammar,referencemanual-aboutthelanguagereference-xhtml.002.how-to-read-the-grammar,2,About the Language Reference > How to Read the Grammar,How to Read the Grammar,context,,,reviewed-no-lesson,"Reviewed as chapter grouping, grammar notation, or formal summary; no distinct interaction required."
The Swift Programming Language (Swift 6.4 beta),language-reference,ReferenceManual/LexicalStructure.xhtml,ReferenceManual/LexicalStructure.xhtml#lexical-structure,referencemanual-lexicalstructure-xhtml.001.lexical-structure,1,Lexical Structure,Lexical Structure,context,,,reviewed-no-lesson,"Reviewed as chapter grouping, grammar notation, or formal summary; no distinct interaction required."
The Swift Programming Language (Swift 6.4 beta),language-reference,ReferenceManual/LexicalStructure.xhtml,ReferenceManual/LexicalStructure.xhtml#Whitespace-and-Comments,referencemanual-lexicalstructure-xhtml.002.whitespace-and-comments,2,Lexical Structure > Whitespace and Comments,Whitespace and Comments,teachable,swift.lexical.comments,swift.lexical.comments,reviewed-implemented,Mapped to canonical interactive lesson without duplication.
The Swift Programming Language (Swift 6.4 beta),language-reference,ReferenceManual/LexicalStructure.xhtml,ReferenceManual/LexicalStructure.xhtml#Identifiers,referencemanual-lexicalstructure-xhtml.003.identifiers,2,Lexical Structure > Identifiers,Identifiers,teachable,swift.bindings.identifier-naming|swift.lexical.escaped-identifier,swift.bindings.identifier-naming|swift.lexical.escaped-identifier,reviewed-implemented,Mapped to canonical interactive lesson without duplication.
The Swift Programming Language (Swift 6.4 beta),language-reference,ReferenceManual/LexicalStructure.xhtml,ReferenceManual/LexicalStructure.xhtml#Keywords-and-Punctuation,referencemanual-lexicalstructure-xhtml.004.keywords-and-punctuation,2,Lexical Structure > Keywords and Punctuation,Keywords and Punctuation,teachable,swift.lexical.escaped-identifier,swift.lexical.escaped-identifier,reviewed-implemented,Mapped to canonical interactive lesson without duplication.
The Swift Programming Language (Swift 6.4 beta),language-reference,ReferenceManual/LexicalStructure.xhtml,ReferenceManual/LexicalStructure.xhtml#Literals,referencemanual-lexicalstructure-xhtml.005.literals,2,Lexical Structure > Literals,Literals,teachable,swift.literals.integer-radix|swift.literals.exponent|swift.strings.literal|swift.lexical.regex,swift.literals.integer-radix|swift.literals.exponent|swift.strings.literal|swift.lexical.regex,reviewed-implemented,Mapped to canonical interactive lesson without duplication.
The Swift Programming Language (Swift 6.4 beta),language-reference,ReferenceManual/LexicalStructure.xhtml,ReferenceManual/LexicalStructure.xhtml#Integer-Literals,referencemanual-lexicalstructure-xhtml.006.integer-literals,3,Lexical Structure > Literals > Integer Literals,Integer Literals,teachable,swift.literals.integer-radix|swift.literals.readability,swift.literals.integer-radix|swift.literals.readability,reviewed-implemented,Mapped to canonical interactive lesson without duplication.
The Swift Programming Language (Swift 6.4 beta),language-reference,ReferenceManual/LexicalStructure.xhtml,ReferenceManual/LexicalStructure.xhtml#Floating-Point-Literals,referencemanual-lexicalstructure-xhtml.007.floating-point-literals,3,Lexical Structure > Literals > Floating-Point Literals,Floating-Point Literals,teachable,swift.literals.exponent,swift.literals.exponent,reviewed-implemented,Mapped to canonical interactive lesson without duplication.
The Swift Programming Language (Swift 6.4 beta),language-reference,ReferenceManual/LexicalStructure.xhtml,ReferenceManual/LexicalStructure.xhtml#String-Literals,referencemanual-lexicalstructure-xhtml.008.string-literals,3,Lexical Structure > Literals > String Literals,String Literals,teachable,swift.strings.literal|swift.strings.multiline-literal,swift.strings.literal|swift.strings.multiline-literal,reviewed-implemented,Mapped to canonical interactive lesson without duplication.
The Swift Programming Language (Swift 6.4 beta),language-reference,ReferenceManual/LexicalStructure.xhtml,ReferenceManual/LexicalStructure.xhtml#Regular-Expression-Literals,referencemanual-lexicalstructure-xhtml.009.regular-expression-literals,3,Lexical Structure > Literals > Regular Expression Literals,Regular Expression Literals,teachable,swift.lexical.regex,swift.lexical.regex,reviewed-implemented,Mapped to canonical interactive lesson without duplication.
The Swift Programming Language (Swift 6.4 beta),language-reference,ReferenceManual/LexicalStructure.xhtml,ReferenceManual/LexicalStructure.xhtml#Operators,referencemanual-lexicalstructure-xhtml.010.operators,2,Lexical Structure > Operators,Operators,teachable,swift.operators.terminology|swift.operators.custom,swift.operators.terminology|swift.operators.custom,reviewed-implemented,Mapped to canonical interactive lesson without duplication.
The Swift Programming Language (Swift 6.4 beta),language-reference,ReferenceManual/Types.xhtml,ReferenceManual/Types.xhtml#types,referencemanual-types-xhtml.001.types,1,Types,Types,context,,,reviewed-no-lesson,"Reviewed as chapter grouping, grammar notation, or formal summary; no distinct interaction required."
The Swift Programming Language (Swift 6.4 beta),language-reference,ReferenceManual/Types.xhtml,ReferenceManual/Types.xhtml#Type-Annotation,referencemanual-types-xhtml.002.type-annotation,2,Types > Type Annotation,Type Annotation,teachable,swift.bindings.type-annotations,swift.bindings.type-annotations,reviewed-implemented,Mapped to canonical interactive lesson without duplication.
The Swift Programming Language (Swift 6.4 beta),language-reference,ReferenceManual/Types.xhtml,ReferenceManual/Types.xhtml#Type-Identifier,referencemanual-types-xhtml.003.type-identifier,2,Types > Type Identifier,Type Identifier,teachable,swift.bindings.type-annotations,swift.bindings.type-annotations,reviewed-implemented,Mapped to canonical interactive lesson without duplication.
The Swift Programming Language (Swift 6.4 beta),language-reference,ReferenceManual/Types.xhtml,ReferenceManual/Types.xhtml#Tuple-Type,referencemanual-types-xhtml.004.tuple-type,2,Types > Tuple Type,Tuple Type,teachable,swift.tuples.creation,swift.tuples.creation,reviewed-implemented,Mapped to canonical interactive lesson without duplication.
The Swift Programming Language (Swift 6.4 beta),language-reference,ReferenceManual/Types.xhtml,ReferenceManual/Types.xhtml#Function-Type,referencemanual-types-xhtml.005.function-type,2,Types > Function Type,Function Type,teachable,swift.functions.function-type,swift.functions.function-type,reviewed-implemented,Mapped to canonical interactive lesson without duplication.
The Swift Programming Language (Swift 6.4 beta),language-reference,ReferenceManual/Types.xhtml,ReferenceManual/Types.xhtml#Restrictions-for-Nonescaping-Closures,referencemanual-types-xhtml.006.restrictions-for-nonescaping-closures,3,Types > Function Type > Restrictions for Nonescaping Closures,Restrictions for Nonescaping Closures,teachable,swift.closures.escaping,swift.closures.escaping,reviewed-implemented,Mapped to canonical interactive lesson without duplication.
The Swift Programming Language (Swift 6.4 beta),language-reference,ReferenceManual/Types.xhtml,ReferenceManual/Types.xhtml#Array-Type,referencemanual-types-xhtml.007.array-type,2,Types > Array Type,Array Type,teachable,swift.arrays.type-syntax,swift.arrays.type-syntax,reviewed-implemented,Mapped to canonical interactive lesson without duplication.
The Swift Programming Language (Swift 6.4 beta),language-reference,ReferenceManual/Types.xhtml,ReferenceManual/Types.xhtml#Dictionary-Type,referencemanual-types-xhtml.008.dictionary-type,2,Types > Dictionary Type,Dictionary Type,teachable,swift.dictionaries.type-syntax,swift.dictionaries.type-syntax,reviewed-implemented,Mapped to canonical interactive lesson without duplication.
The Swift Programming Language (Swift 6.4 beta),language-reference,ReferenceManual/Types.xhtml,ReferenceManual/Types.xhtml#Optional-Type,referencemanual-types-xhtml.009.optional-type,2,Types > Optional Type,Optional Type,teachable,swift.optionals.type,swift.optionals.type,reviewed-implemented,Mapped to canonical interactive lesson without duplication.
The Swift Programming Language (Swift 6.4 beta),language-reference,ReferenceManual/Types.xhtml,ReferenceManual/Types.xhtml#Implicitly-Unwrapped-Optional-Type,referencemanual-types-xhtml.010.implicitly-unwrapped-optional-type,2,Types > Implicitly Unwrapped Optional Type,Implicitly Unwrapped Optional Type,teachable,swift.optionals.implicitly-unwrapped-declaration,swift.optionals.implicitly-unwrapped-declaration,reviewed-implemented,Mapped to canonical interactive lesson without duplication.
The Swift Programming Language (Swift 6.4 beta),language-reference,ReferenceManual/Types.xhtml,ReferenceManual/Types.xhtml#Protocol-Composition-Type,referencemanual-types-xhtml.011.protocol-composition-type,2,Types > Protocol Composition Type,Protocol Composition Type,teachable,swift.protocols.composition,swift.protocols.composition,reviewed-implemented,Mapped to canonical interactive lesson without duplication.
The Swift Programming Language (Swift 6.4 beta),language-reference,ReferenceManual/Types.xhtml,ReferenceManual/Types.xhtml#Opaque-Type,referencemanual-types-xhtml.012.opaque-type,2,Types > Opaque Type,Opaque Type,teachable,swift.opaque.return,swift.opaque.return,reviewed-implemented,Mapped to canonical interactive lesson without duplication.
The Swift Programming Language (Swift 6.4 beta),language-reference,ReferenceManual/Types.xhtml,ReferenceManual/Types.xhtml#Boxed-Protocol-Type,referencemanual-types-xhtml.013.boxed-protocol-type,2,Types > Boxed Protocol Type,Boxed Protocol Type,teachable,swift.opaque.boxed,swift.opaque.boxed,reviewed-implemented,Mapped to canonical interactive lesson without duplication.
The Swift Programming Language (Swift 6.4 beta),language-reference,ReferenceManual/Types.xhtml,ReferenceManual/Types.xhtml#Metatype-Type,referencemanual-types-xhtml.014.metatype-type,2,Types > Metatype Type,Metatype Type,teachable,swift.types.metatype,swift.types.metatype,reviewed-implemented,Mapped to canonical interactive lesson without duplication.
The Swift Programming Language (Swift 6.4 beta),language-reference,ReferenceManual/Types.xhtml,ReferenceManual/Types.xhtml#Any-Type,referencemanual-types-xhtml.015.any-type,2,Types > Any Type,Any Type,teachable,swift.casting.any,swift.casting.any,reviewed-implemented,Mapped to canonical interactive lesson without duplication.
The Swift Programming Language (Swift 6.4 beta),language-reference,ReferenceManual/Types.xhtml,ReferenceManual/Types.xhtml#Self-Type,referencemanual-types-xhtml.016.self-type,2,Types > Self Type,Self Type,teachable,swift.types.self-type,swift.types.self-type,reviewed-implemented,Mapped to canonical interactive lesson without duplication.
The Swift Programming Language (Swift 6.4 beta),language-reference,ReferenceManual/Types.xhtml,ReferenceManual/Types.xhtml#Type-Inheritance-Clause,referencemanual-types-xhtml.017.type-inheritance-clause,2,Types > Type Inheritance Clause,Type Inheritance Clause,teachable,swift.inheritance.subclass|swift.protocols.inheritance,swift.inheritance.subclass|swift.protocols.inheritance,reviewed-implemented,Mapped to canonical interactive lesson without duplication.
The Swift Programming Language (Swift 6.4 beta),language-reference,ReferenceManual/Types.xhtml,ReferenceManual/Types.xhtml#Type-Inference,referencemanual-types-xhtml.018.type-inference,2,Types > Type Inference,Type Inference,teachable,swift.types.inference,swift.types.inference,reviewed-implemented,Mapped to canonical interactive lesson without duplication.
The Swift Programming Language (Swift 6.4 beta),language-reference,ReferenceManual/Expressions.xhtml,ReferenceManual/Expressions.xhtml#expressions,referencemanual-expressions-xhtml.001.expressions,1,Expressions,Expressions,context,,,reviewed-no-lesson,"Reviewed as chapter grouping, grammar notation, or formal summary; no distinct interaction required."
The Swift Programming Language (Swift 6.4 beta),language-reference,ReferenceManual/Expressions.xhtml,ReferenceManual/Expressions.xhtml#Prefix-Expressions,referencemanual-expressions-xhtml.002.prefix-expressions,2,Expressions > Prefix Expressions,Prefix Expressions,context,,,reviewed-no-lesson,"Reviewed as chapter grouping, grammar notation, or formal summary; no distinct interaction required."
The Swift Programming Language (Swift 6.4 beta),language-reference,ReferenceManual/Expressions.xhtml,ReferenceManual/Expressions.xhtml#In-Out-Expression,referencemanual-expressions-xhtml.003.in-out-expression,3,Expressions > Prefix Expressions > In-Out Expression,In-Out Expression,teachable,swift.functions.inout-call,swift.functions.inout-call,reviewed-implemented,Mapped to canonical interactive lesson without duplication.
The Swift Programming Language (Swift 6.4 beta),language-reference,ReferenceManual/Expressions.xhtml,ReferenceManual/Expressions.xhtml#Try-Operator,referencemanual-expressions-xhtml.004.try-operator,3,Expressions > Prefix Expressions > Try Operator,Try Operator,teachable,swift.errors.throwing-declaration|swift.errors.try-optional|swift.errors.try-force,swift.errors.throwing-declaration|swift.errors.try-optional|swift.errors.try-force,reviewed-implemented,Mapped to canonical interactive lesson without duplication.
The Swift Programming Language (Swift 6.4 beta),language-reference,ReferenceManual/Expressions.xhtml,ReferenceManual/Expressions.xhtml#Await-Operator,referencemanual-expressions-xhtml.005.await-operator,3,Expressions > Prefix Expressions > Await Operator,Await Operator,teachable,swift.concurrency.await,swift.concurrency.await,reviewed-implemented,Mapped to canonical interactive lesson without duplication.
The Swift Programming Language (Swift 6.4 beta),language-reference,ReferenceManual/Expressions.xhtml,ReferenceManual/Expressions.xhtml#Infix-Expressions,referencemanual-expressions-xhtml.006.infix-expressions,2,Expressions > Infix Expressions,Infix Expressions,teachable,swift.operators.terminology,swift.operators.terminology,reviewed-implemented,Mapped to canonical interactive lesson without duplication.
The Swift Programming Language (Swift 6.4 beta),language-reference,ReferenceManual/Expressions.xhtml,ReferenceManual/Expressions.xhtml#Assignment-Operator,referencemanual-expressions-xhtml.007.assignment-operator,3,Expressions > Infix Expressions > Assignment Operator,Assignment Operator,teachable,swift.operators.assignment,swift.operators.assignment,reviewed-implemented,Mapped to canonical interactive lesson without duplication.
The Swift Programming Language (Swift 6.4 beta),language-reference,ReferenceManual/Expressions.xhtml,ReferenceManual/Expressions.xhtml#Ternary-Conditional-Operator,referencemanual-expressions-xhtml.008.ternary-conditional-operator,3,Expressions > Infix Expressions > Ternary Conditional Operator,Ternary Conditional Operator,teachable,swift.conditionals.ternary,swift.conditionals.ternary,reviewed-implemented,Mapped to canonical interactive lesson without duplication.
The Swift Programming Language (Swift 6.4 beta),language-reference,ReferenceManual/Expressions.xhtml,ReferenceManual/Expressions.xhtml#Type-Casting-Operators,referencemanual-expressions-xhtml.009.type-casting-operators,3,Expressions > Infix Expressions > Type-Casting Operators,Type-Casting Operators,teachable,swift.casting.is|swift.casting.safe-downcast,swift.casting.is|swift.casting.safe-downcast,reviewed-implemented,Mapped to canonical interactive lesson without duplication.
The Swift Programming Language (Swift 6.4 beta),language-reference,ReferenceManual/Expressions.xhtml,ReferenceManual/Expressions.xhtml#Primary-Expressions,referencemanual-expressions-xhtml.010.primary-expressions,2,Expressions > Primary Expressions,Primary Expressions,context,,,reviewed-no-lesson,"Reviewed as chapter grouping, grammar notation, or formal summary; no distinct interaction required."
The Swift Programming Language (Swift 6.4 beta),language-reference,ReferenceManual/Expressions.xhtml,ReferenceManual/Expressions.xhtml#Literal-Expression,referencemanual-expressions-xhtml.011.literal-expression,3,Expressions > Primary Expressions > Literal Expression,Literal Expression,teachable,swift.literals.integer-radix|swift.strings.literal,swift.literals.integer-radix|swift.strings.literal,reviewed-implemented,Mapped to canonical interactive lesson without duplication.
The Swift Programming Language (Swift 6.4 beta),language-reference,ReferenceManual/Expressions.xhtml,ReferenceManual/Expressions.xhtml#Self-Expression,referencemanual-expressions-xhtml.012.self-expression,3,Expressions > Primary Expressions > Self Expression,Self Expression,teachable,swift.methods.self,swift.methods.self,reviewed-implemented,Mapped to canonical interactive lesson without duplication.
The Swift Programming Language (Swift 6.4 beta),language-reference,ReferenceManual/Expressions.xhtml,ReferenceManual/Expressions.xhtml#Superclass-Expression,referencemanual-expressions-xhtml.013.superclass-expression,3,Expressions > Primary Expressions > Superclass Expression,Superclass Expression,teachable,swift.inheritance.super,swift.inheritance.super,reviewed-implemented,Mapped to canonical interactive lesson without duplication.
The Swift Programming Language (Swift 6.4 beta),language-reference,ReferenceManual/Expressions.xhtml,ReferenceManual/Expressions.xhtml#Conditional-Expression,referencemanual-expressions-xhtml.014.conditional-expression,3,Expressions > Primary Expressions > Conditional Expression,Conditional Expression,teachable,swift.conditionals.if-expression|swift.switches.expression,swift.conditionals.if-expression|swift.switches.expression,reviewed-implemented,Mapped to canonical interactive lesson without duplication.
The Swift Programming Language (Swift 6.4 beta),language-reference,ReferenceManual/Expressions.xhtml,ReferenceManual/Expressions.xhtml#Closure-Expression,referencemanual-expressions-xhtml.015.closure-expression,3,Expressions > Primary Expressions > Closure Expression,Closure Expression,teachable,swift.closures.expression-syntax,swift.closures.expression-syntax,reviewed-implemented,Mapped to canonical interactive lesson without duplication.
The Swift Programming Language (Swift 6.4 beta),language-reference,ReferenceManual/Expressions.xhtml,ReferenceManual/Expressions.xhtml#Capture-Lists,referencemanual-expressions-xhtml.016.capture-lists,4,Expressions > Primary Expressions > Closure Expression > Capture Lists,Capture Lists,teachable,swift.arc.capture-list,swift.arc.capture-list,reviewed-implemented,Mapped to canonical interactive lesson without duplication.
The Swift Programming Language (Swift 6.4 beta),language-reference,ReferenceManual/Expressions.xhtml,ReferenceManual/Expressions.xhtml#Implicit-Member-Expression,referencemanual-expressions-xhtml.017.implicit-member-expression,3,Expressions > Primary Expressions > Implicit Member Expression,Implicit Member Expression,teachable,swift.enums.inferred-case,swift.enums.inferred-case,reviewed-implemented,Mapped to canonical interactive lesson without duplication.
The Swift Programming Language (Swift 6.4 beta),language-reference,ReferenceManual/Expressions.xhtml,ReferenceManual/Expressions.xhtml#Parenthesized-Expression,referencemanual-expressions-xhtml.018.parenthesized-expression,3,Expressions > Primary Expressions > Parenthesized Expression,Parenthesized Expression,context,,,reviewed-no-lesson,"Reviewed as chapter grouping, grammar notation, or formal summary; no distinct interaction required."
The Swift Programming Language (Swift 6.4 beta),language-reference,ReferenceManual/Expressions.xhtml,ReferenceManual/Expressions.xhtml#Tuple-Expression,referencemanual-expressions-xhtml.019.tuple-expression,3,Expressions > Primary Expressions > Tuple Expression,Tuple Expression,teachable,swift.tuples.creation,swift.tuples.creation,reviewed-implemented,Mapped to canonical interactive lesson without duplication.
The Swift Programming Language (Swift 6.4 beta),language-reference,ReferenceManual/Expressions.xhtml,ReferenceManual/Expressions.xhtml#Wildcard-Expression,referencemanual-expressions-xhtml.020.wildcard-expression,3,Expressions > Primary Expressions > Wildcard Expression,Wildcard Expression,teachable,swift.expressions.wildcard,swift.expressions.wildcard,reviewed-implemented,Mapped to canonical interactive lesson without duplication.
The Swift Programming Language (Swift 6.4 beta),language-reference,ReferenceManual/Expressions.xhtml,ReferenceManual/Expressions.xhtml#Macro-Expansion-Expression,referencemanual-expressions-xhtml.021.macro-expansion-expression,3,Expressions > Primary Expressions > Macro-Expansion Expression,Macro-Expansion Expression,teachable,swift.macros.freestanding,swift.macros.freestanding,reviewed-implemented,Mapped to canonical interactive lesson without duplication.
The Swift Programming Language (Swift 6.4 beta),language-reference,ReferenceManual/Expressions.xhtml,ReferenceManual/Expressions.xhtml#Key-Path-Expression,referencemanual-expressions-xhtml.022.key-path-expression,3,Expressions > Primary Expressions > Key-Path Expression,Key-Path Expression,teachable,swift.expressions.key-path,swift.expressions.key-path,reviewed-implemented,Mapped to canonical interactive lesson without duplication.
The Swift Programming Language (Swift 6.4 beta),language-reference,ReferenceManual/Expressions.xhtml,ReferenceManual/Expressions.xhtml#Selector-Expression,referencemanual-expressions-xhtml.023.selector-expression,3,Expressions > Primary Expressions > Selector Expression,Selector Expression,teachable,swift.expressions.selector,swift.expressions.selector,reviewed-implemented,Mapped to canonical interactive lesson without duplication.
The Swift Programming Language (Swift 6.4 beta),language-reference,ReferenceManual/Expressions.xhtml,ReferenceManual/Expressions.xhtml#Key-Path-String-Expression,referencemanual-expressions-xhtml.024.key-path-string-expression,3,Expressions > Primary Expressions > Key-Path String Expression,Key-Path String Expression,teachable,swift.expressions.keypath-string,swift.expressions.keypath-string,reviewed-implemented,Mapped to canonical interactive lesson without duplication.
The Swift Programming Language (Swift 6.4 beta),language-reference,ReferenceManual/Expressions.xhtml,ReferenceManual/Expressions.xhtml#Postfix-Expressions,referencemanual-expressions-xhtml.025.postfix-expressions,2,Expressions > Postfix Expressions,Postfix Expressions,context,,,reviewed-no-lesson,"Reviewed as chapter grouping, grammar notation, or formal summary; no distinct interaction required."
The Swift Programming Language (Swift 6.4 beta),language-reference,ReferenceManual/Expressions.xhtml,ReferenceManual/Expressions.xhtml#Function-Call-Expression,referencemanual-expressions-xhtml.026.function-call-expression,3,Expressions > Postfix Expressions > Function Call Expression,Function Call Expression,teachable,swift.functions.define-call,swift.functions.define-call,reviewed-implemented,Mapped to canonical interactive lesson without duplication.
The Swift Programming Language (Swift 6.4 beta),language-reference,ReferenceManual/Expressions.xhtml,ReferenceManual/Expressions.xhtml#Implicit-Conversion-to-a-Pointer-Type,referencemanual-expressions-xhtml.027.implicit-conversion-to-a-pointer-type,4,Expressions > Postfix Expressions > Function Call Expression > Implicit Conversion to a Pointer Type,Implicit Conversion to a Pointer Type,teachable,swift.expressions.pointer-conversion,swift.expressions.pointer-conversion,reviewed-implemented,Mapped to canonical interactive lesson without duplication.
The Swift Programming Language (Swift 6.4 beta),language-reference,ReferenceManual/Expressions.xhtml,ReferenceManual/Expressions.xhtml#Initializer-Expression,referencemanual-expressions-xhtml.028.initializer-expression,3,Expressions > Postfix Expressions > Initializer Expression,Initializer Expression,teachable,swift.expressions.initializer-reference,swift.expressions.initializer-reference,reviewed-implemented,Mapped to canonical interactive lesson without duplication.
The Swift Programming Language (Swift 6.4 beta),language-reference,ReferenceManual/Expressions.xhtml,ReferenceManual/Expressions.xhtml#Explicit-Member-Expression,referencemanual-expressions-xhtml.029.explicit-member-expression,3,Expressions > Postfix Expressions > Explicit Member Expression,Explicit Member Expression,teachable,swift.types.property-access,swift.types.property-access,reviewed-implemented,Mapped to canonical interactive lesson without duplication.
The Swift Programming Language (Swift 6.4 beta),language-reference,ReferenceManual/Expressions.xhtml,ReferenceManual/Expressions.xhtml#Postfix-Self-Expression,referencemanual-expressions-xhtml.030.postfix-self-expression,3,Expressions > Postfix Expressions > Postfix Self Expression,Postfix Self Expression,teachable,swift.expressions.postfix-self,swift.expressions.postfix-self,reviewed-implemented,Mapped to canonical interactive lesson without duplication.
The Swift Programming Language (Swift 6.4 beta),language-reference,ReferenceManual/Expressions.xhtml,ReferenceManual/Expressions.xhtml#Subscript-Expression,referencemanual-expressions-xhtml.031.subscript-expression,3,Expressions > Postfix Expressions > Subscript Expression,Subscript Expression,teachable,swift.subscripts.usage,swift.subscripts.usage,reviewed-implemented,Mapped to canonical interactive lesson without duplication.
The Swift Programming Language (Swift 6.4 beta),language-reference,ReferenceManual/Expressions.xhtml,ReferenceManual/Expressions.xhtml#Forced-Value-Expression,referencemanual-expressions-xhtml.032.forced-value-expression,3,Expressions > Postfix Expressions > Forced-Value Expression,Forced-Value Expression,teachable,swift.optionals.force-unwrapping,swift.optionals.force-unwrapping,reviewed-implemented,Mapped to canonical interactive lesson without duplication.
The Swift Programming Language (Swift 6.4 beta),language-reference,ReferenceManual/Expressions.xhtml,ReferenceManual/Expressions.xhtml#Optional-Chaining-Expression,referencemanual-expressions-xhtml.033.optional-chaining-expression,3,Expressions > Postfix Expressions > Optional-Chaining Expression,Optional-Chaining Expression,teachable,swift.optional-chaining.alternative,swift.optional-chaining.alternative,reviewed-implemented,Mapped to canonical interactive lesson without duplication.
The Swift Programming Language (Swift 6.4 beta),language-reference,ReferenceManual/Statements.xhtml,ReferenceManual/Statements.xhtml#statements,referencemanual-statements-xhtml.001.statements,1,Statements,Statements,context,,,reviewed-no-lesson,"Reviewed as chapter grouping, grammar notation, or formal summary; no distinct interaction required."
The Swift Programming Language (Swift 6.4 beta),language-reference,ReferenceManual/Statements.xhtml,ReferenceManual/Statements.xhtml#Loop-Statements,referencemanual-statements-xhtml.002.loop-statements,2,Statements > Loop Statements,Loop Statements,context,,,reviewed-no-lesson,"Reviewed as chapter grouping, grammar notation, or formal summary; no distinct interaction required."
The Swift Programming Language (Swift 6.4 beta),language-reference,ReferenceManual/Statements.xhtml,ReferenceManual/Statements.xhtml#For-In-Statement,referencemanual-statements-xhtml.003.for-in-statement,3,Statements > Loop Statements > For-In Statement,For-In Statement,teachable,swift.loops.for-in,swift.loops.for-in,reviewed-implemented,Mapped to canonical interactive lesson without duplication.
The Swift Programming Language (Swift 6.4 beta),language-reference,ReferenceManual/Statements.xhtml,ReferenceManual/Statements.xhtml#While-Statement,referencemanual-statements-xhtml.004.while-statement,3,Statements > Loop Statements > While Statement,While Statement,teachable,swift.loops.while,swift.loops.while,reviewed-implemented,Mapped to canonical interactive lesson without duplication.
The Swift Programming Language (Swift 6.4 beta),language-reference,ReferenceManual/Statements.xhtml,ReferenceManual/Statements.xhtml#Repeat-While-Statement,referencemanual-statements-xhtml.005.repeat-while-statement,3,Statements > Loop Statements > Repeat-While Statement,Repeat-While Statement,teachable,swift.loops.repeat-while,swift.loops.repeat-while,reviewed-implemented,Mapped to canonical interactive lesson without duplication.
The Swift Programming Language (Swift 6.4 beta),language-reference,ReferenceManual/Statements.xhtml,ReferenceManual/Statements.xhtml#Branch-Statements,referencemanual-statements-xhtml.006.branch-statements,2,Statements > Branch Statements,Branch Statements,context,,,reviewed-no-lesson,"Reviewed as chapter grouping, grammar notation, or formal summary; no distinct interaction required."
The Swift Programming Language (Swift 6.4 beta),language-reference,ReferenceManual/Statements.xhtml,ReferenceManual/Statements.xhtml#If-Statement,referencemanual-statements-xhtml.007.if-statement,3,Statements > Branch Statements > If Statement,If Statement,teachable,swift.conditionals.if-else|swift.conditionals.if-expression,swift.conditionals.if-else|swift.conditionals.if-expression,reviewed-implemented,Mapped to canonical interactive lesson without duplication.
The Swift Programming Language (Swift 6.4 beta),language-reference,ReferenceManual/Statements.xhtml,ReferenceManual/Statements.xhtml#Guard-Statement,referencemanual-statements-xhtml.008.guard-statement,3,Statements > Branch Statements > Guard Statement,Guard Statement,teachable,swift.guard.early-exit,swift.guard.early-exit,reviewed-implemented,Mapped to canonical interactive lesson without duplication.
The Swift Programming Language (Swift 6.4 beta),language-reference,ReferenceManual/Statements.xhtml,ReferenceManual/Statements.xhtml#Switch-Statement,referencemanual-statements-xhtml.009.switch-statement,3,Statements > Branch Statements > Switch Statement,Switch Statement,teachable,swift.switches.statement|swift.switches.expression,swift.switches.statement|swift.switches.expression,reviewed-implemented,Mapped to canonical interactive lesson without duplication.
The Swift Programming Language (Swift 6.4 beta),language-reference,ReferenceManual/Statements.xhtml,ReferenceManual/Statements.xhtml#Switch-Statements-Must-Be-Exhaustive,referencemanual-statements-xhtml.010.switch-statements-must-be-exhaustive,4,Statements > Branch Statements > Switch Statement > Switch Statements Must Be Exhaustive,Switch Statements Must Be Exhaustive,teachable,swift.switches.exhaustive,swift.switches.exhaustive,reviewed-implemented,Mapped to canonical interactive lesson without duplication.
The Swift Programming Language (Swift 6.4 beta),language-reference,ReferenceManual/Statements.xhtml,ReferenceManual/Statements.xhtml#Switching-Over-Future-Enumeration-Cases,referencemanual-statements-xhtml.011.switching-over-future-enumeration-cases,4,Statements > Branch Statements > Switch Statement > Switching Over Future Enumeration Cases,Switching Over Future Enumeration Cases,teachable,swift.attributes.unknown-default,swift.attributes.unknown-default,reviewed-implemented,Mapped to canonical interactive lesson without duplication.
The Swift Programming Language (Swift 6.4 beta),language-reference,ReferenceManual/Statements.xhtml,ReferenceManual/Statements.xhtml#Execution-Does-Not-Fall-Through-Cases-Implicitly,referencemanual-statements-xhtml.012.execution-does-not-fall-through-cases-implicitly,4,Statements > Branch Statements > Switch Statement > Execution Does Not Fall Through Cases Implicitly,Execution Does Not Fall Through Cases Implicitly,teachable,swift.switches.compound-case,swift.switches.compound-case,reviewed-implemented,Mapped to canonical interactive lesson without duplication.
The Swift Programming Language (Swift 6.4 beta),language-reference,ReferenceManual/Statements.xhtml,ReferenceManual/Statements.xhtml#Labeled-Statement,referencemanual-statements-xhtml.013.labeled-statement,2,Statements > Labeled Statement,Labeled Statement,teachable,swift.transfer.labeled-break,swift.transfer.labeled-break,reviewed-implemented,Mapped to canonical interactive lesson without duplication.
The Swift Programming Language (Swift 6.4 beta),language-reference,ReferenceManual/Statements.xhtml,ReferenceManual/Statements.xhtml#Control-Transfer-Statements,referencemanual-statements-xhtml.014.control-transfer-statements,2,Statements > Control Transfer Statements,Control Transfer Statements,context,,,reviewed-no-lesson,"Reviewed as chapter grouping, grammar notation, or formal summary; no distinct interaction required."
The Swift Programming Language (Swift 6.4 beta),language-reference,ReferenceManual/Statements.xhtml,ReferenceManual/Statements.xhtml#Break-Statement,referencemanual-statements-xhtml.015.break-statement,3,Statements > Control Transfer Statements > Break Statement,Break Statement,teachable,swift.transfer.break-loop|swift.transfer.break-switch,swift.transfer.break-loop|swift.transfer.break-switch,reviewed-implemented,Mapped to canonical interactive lesson without duplication.
The Swift Programming Language (Swift 6.4 beta),language-reference,ReferenceManual/Statements.xhtml,ReferenceManual/Statements.xhtml#Continue-Statement,referencemanual-statements-xhtml.016.continue-statement,3,Statements > Control Transfer Statements > Continue Statement,Continue Statement,teachable,swift.transfer.continue,swift.transfer.continue,reviewed-implemented,Mapped to canonical interactive lesson without duplication.
The Swift Programming Language (Swift 6.4 beta),language-reference,ReferenceManual/Statements.xhtml,ReferenceManual/Statements.xhtml#Fallthrough-Statement,referencemanual-statements-xhtml.017.fallthrough-statement,3,Statements > Control Transfer Statements > Fallthrough Statement,Fallthrough Statement,teachable,swift.transfer.fallthrough,swift.transfer.fallthrough,reviewed-implemented,Mapped to canonical interactive lesson without duplication.
The Swift Programming Language (Swift 6.4 beta),language-reference,ReferenceManual/Statements.xhtml,ReferenceManual/Statements.xhtml#Return-Statement,referencemanual-statements-xhtml.018.return-statement,3,Statements > Control Transfer Statements > Return Statement,Return Statement,teachable,swift.functions.implicit-return,swift.functions.implicit-return,reviewed-implemented,Mapped to canonical interactive lesson without duplication.
The Swift Programming Language (Swift 6.4 beta),language-reference,ReferenceManual/Statements.xhtml,ReferenceManual/Statements.xhtml#Throw-Statement,referencemanual-statements-xhtml.019.throw-statement,3,Statements > Control Transfer Statements > Throw Statement,Throw Statement,teachable,swift.errors.throw,swift.errors.throw,reviewed-implemented,Mapped to canonical interactive lesson without duplication.
The Swift Programming Language (Swift 6.4 beta),language-reference,ReferenceManual/Statements.xhtml,ReferenceManual/Statements.xhtml#Defer-Statement,referencemanual-statements-xhtml.020.defer-statement,2,Statements > Defer Statement,Defer Statement,teachable,swift.defer.scope-exit|swift.defer.reverse-order,swift.defer.scope-exit|swift.defer.reverse-order,reviewed-implemented,Mapped to canonical interactive lesson without duplication.
The Swift Programming Language (Swift 6.4 beta),language-reference,ReferenceManual/Statements.xhtml,ReferenceManual/Statements.xhtml#Do-Statement,referencemanual-statements-xhtml.021.do-statement,2,Statements > Do Statement,Do Statement,teachable,swift.errors.do-catch,swift.errors.do-catch,reviewed-implemented,Mapped to canonical interactive lesson without duplication.
The Swift Programming Language (Swift 6.4 beta),language-reference,ReferenceManual/Statements.xhtml,ReferenceManual/Statements.xhtml#Compiler-Control-Statements,referencemanual-statements-xhtml.022.compiler-control-statements,2,Statements > Compiler Control Statements,Compiler Control Statements,context,,,reviewed-no-lesson,"Reviewed as chapter grouping, grammar notation, or formal summary; no distinct interaction required."
The Swift Programming Language (Swift 6.4 beta),language-reference,ReferenceManual/Statements.xhtml,ReferenceManual/Statements.xhtml#Conditional-Compilation-Block,referencemanual-statements-xhtml.023.conditional-compilation-block,3,Statements > Compiler Control Statements > Conditional Compilation Block,Conditional Compilation Block,teachable,swift.compiler.conditional,swift.compiler.conditional,reviewed-implemented,Mapped to canonical interactive lesson without duplication.
The Swift Programming Language (Swift 6.4 beta),language-reference,ReferenceManual/Statements.xhtml,ReferenceManual/Statements.xhtml#Line-Control-Statement,referencemanual-statements-xhtml.024.line-control-statement,3,Statements > Compiler Control Statements > Line Control Statement,Line Control Statement,teachable,swift.compiler.source-location,swift.compiler.source-location,reviewed-implemented,Mapped to canonical interactive lesson without duplication.
The Swift Programming Language (Swift 6.4 beta),language-reference,ReferenceManual/Statements.xhtml,ReferenceManual/Statements.xhtml#Compile-Time-Diagnostic-Statement,referencemanual-statements-xhtml.025.compile-time-diagnostic-statement,3,Statements > Compiler Control Statements > Compile-Time Diagnostic Statement,Compile-Time Diagnostic Statement,teachable,swift.compiler.diagnostic,swift.compiler.diagnostic,reviewed-implemented,Mapped to canonical interactive lesson without duplication.
The Swift Programming Language (Swift 6.4 beta),language-reference,ReferenceManual/Statements.xhtml,ReferenceManual/Statements.xhtml#Availability-Condition,referencemanual-statements-xhtml.026.availability-condition,2,Statements > Availability Condition,Availability Condition,teachable,swift.availability.condition,swift.availability.condition,reviewed-implemented,Mapped to canonical interactive lesson without duplication.
The Swift Programming Language (Swift 6.4 beta),language-reference,ReferenceManual/Declarations.xhtml,ReferenceManual/Declarations.xhtml#declarations,referencemanual-declarations-xhtml.001.declarations,1,Declarations,Declarations,context,,,reviewed-no-lesson,"Reviewed as chapter grouping, grammar notation, or formal summary; no distinct interaction required."
The Swift Programming Language (Swift 6.4 beta),language-reference,ReferenceManual/Declarations.xhtml,ReferenceManual/Declarations.xhtml#Top-Level-Code,referencemanual-declarations-xhtml.002.top-level-code,2,Declarations > Top-Level Code,Top-Level Code,teachable,swift.bindings.constants,swift.bindings.constants,reviewed-implemented,Mapped to canonical interactive lesson without duplication.
The Swift Programming Language (Swift 6.4 beta),language-reference,ReferenceManual/Declarations.xhtml,ReferenceManual/Declarations.xhtml#Code-Blocks,referencemanual-declarations-xhtml.003.code-blocks,2,Declarations > Code Blocks,Code Blocks,teachable,swift.conditionals.if-else,swift.conditionals.if-else,reviewed-implemented,Mapped to canonical interactive lesson without duplication.
The Swift Programming Language (Swift 6.4 beta),language-reference,ReferenceManual/Declarations.xhtml,ReferenceManual/Declarations.xhtml#Import-Declaration,referencemanual-declarations-xhtml.004.import-declaration,2,Declarations > Import Declaration,Import Declaration,teachable,swift.declarations.import,swift.declarations.import,reviewed-implemented,Mapped to canonical interactive lesson without duplication.
The Swift Programming Language (Swift 6.4 beta),language-reference,ReferenceManual/Declarations.xhtml,ReferenceManual/Declarations.xhtml#Constant-Declaration,referencemanual-declarations-xhtml.005.constant-declaration,2,Declarations > Constant Declaration,Constant Declaration,teachable,swift.bindings.constants,swift.bindings.constants,reviewed-implemented,Mapped to canonical interactive lesson without duplication.
The Swift Programming Language (Swift 6.4 beta),language-reference,ReferenceManual/Declarations.xhtml,ReferenceManual/Declarations.xhtml#Variable-Declaration,referencemanual-declarations-xhtml.006.variable-declaration,2,Declarations > Variable Declaration,Variable Declaration,teachable,swift.bindings.constants,swift.bindings.constants,reviewed-implemented,Mapped to canonical interactive lesson without duplication.
The Swift Programming Language (Swift 6.4 beta),language-reference,ReferenceManual/Declarations.xhtml,ReferenceManual/Declarations.xhtml#Stored-Variables-and-Stored-Variable-Properties,referencemanual-declarations-xhtml.007.stored-variables-and-stored-variable-properties,3,Declarations > Variable Declaration > Stored Variables and Stored Variable Properties,Stored Variables and Stored Variable Properties,teachable,swift.properties.stored,swift.properties.stored,reviewed-implemented,Mapped to canonical interactive lesson without duplication.
The Swift Programming Language (Swift 6.4 beta),language-reference,ReferenceManual/Declarations.xhtml,ReferenceManual/Declarations.xhtml#Computed-Variables-and-Computed-Properties,referencemanual-declarations-xhtml.008.computed-variables-and-computed-properties,3,Declarations > Variable Declaration > Computed Variables and Computed Properties,Computed Variables and Computed Properties,teachable,swift.properties.computed,swift.properties.computed,reviewed-implemented,Mapped to canonical interactive lesson without duplication.
The Swift Programming Language (Swift 6.4 beta),language-reference,ReferenceManual/Declarations.xhtml,ReferenceManual/Declarations.xhtml#Stored-Variable-Observers-and-Property-Observers,referencemanual-declarations-xhtml.009.stored-variable-observers-and-property-observers,3,Declarations > Variable Declaration > Stored Variable Observers and Property Observers,Stored Variable Observers and Property Observers,teachable,swift.properties.observers,swift.properties.observers,reviewed-implemented,Mapped to canonical interactive lesson without duplication.
The Swift Programming Language (Swift 6.4 beta),language-reference,ReferenceManual/Declarations.xhtml,ReferenceManual/Declarations.xhtml#Type-Variable-Properties,referencemanual-declarations-xhtml.010.type-variable-properties,3,Declarations > Variable Declaration > Type Variable Properties,Type Variable Properties,teachable,swift.properties.type-syntax,swift.properties.type-syntax,reviewed-implemented,Mapped to canonical interactive lesson without duplication.
The Swift Programming Language (Swift 6.4 beta),language-reference,ReferenceManual/Declarations.xhtml,ReferenceManual/Declarations.xhtml#Type-Alias-Declaration,referencemanual-declarations-xhtml.011.type-alias-declaration,2,Declarations > Type Alias Declaration,Type Alias Declaration,teachable,swift.types.alias,swift.types.alias,reviewed-implemented,Mapped to canonical interactive lesson without duplication.
The Swift Programming Language (Swift 6.4 beta),language-reference,ReferenceManual/Declarations.xhtml,ReferenceManual/Declarations.xhtml#Function-Declaration,referencemanual-declarations-xhtml.012.function-declaration,2,Declarations > Function Declaration,Function Declaration,teachable,swift.functions.define-call,swift.functions.define-call,reviewed-implemented,Mapped to canonical interactive lesson without duplication.
The Swift Programming Language (Swift 6.4 beta),language-reference,ReferenceManual/Declarations.xhtml,ReferenceManual/Declarations.xhtml#Parameter-Names,referencemanual-declarations-xhtml.013.parameter-names,3,Declarations > Function Declaration > Parameter Names,Parameter Names,teachable,swift.functions.argument-label|swift.functions.omit-label,swift.functions.argument-label|swift.functions.omit-label,reviewed-implemented,Mapped to canonical interactive lesson without duplication.
The Swift Programming Language (Swift 6.4 beta),language-reference,ReferenceManual/Declarations.xhtml,ReferenceManual/Declarations.xhtml#Parameter-Modifiers,referencemanual-declarations-xhtml.014.parameter-modifiers,3,Declarations > Function Declaration > Parameter Modifiers,Parameter Modifiers,teachable,swift.functions.inout-parameter|swift.ownership.borrowing|swift.ownership.consuming,swift.functions.inout-parameter|swift.ownership.borrowing|swift.ownership.consuming,reviewed-implemented,Mapped to canonical interactive lesson without duplication.
The Swift Programming Language (Swift 6.4 beta),language-reference,ReferenceManual/Declarations.xhtml,ReferenceManual/Declarations.xhtml#In-Out-Parameters,referencemanual-declarations-xhtml.015.in-out-parameters,4,Declarations > Function Declaration > Parameter Modifiers > In-Out Parameters,In-Out Parameters,teachable,swift.functions.inout-parameter|swift.functions.inout-call,swift.functions.inout-parameter|swift.functions.inout-call,reviewed-implemented,Mapped to canonical interactive lesson without duplication.
The Swift Programming Language (Swift 6.4 beta),language-reference,ReferenceManual/Declarations.xhtml,ReferenceManual/Declarations.xhtml#Borrowing-and-Consuming-Parameters,referencemanual-declarations-xhtml.016.borrowing-and-consuming-parameters,4,Declarations > Function Declaration > Parameter Modifiers > Borrowing and Consuming Parameters,Borrowing and Consuming Parameters,teachable,swift.ownership.borrowing|swift.ownership.consuming,swift.ownership.borrowing|swift.ownership.consuming,reviewed-implemented,Mapped to canonical interactive lesson without duplication.
The Swift Programming Language (Swift 6.4 beta),language-reference,ReferenceManual/Declarations.xhtml,ReferenceManual/Declarations.xhtml#Special-Kinds-of-Parameters,referencemanual-declarations-xhtml.017.special-kinds-of-parameters,3,Declarations > Function Declaration > Special Kinds of Parameters,Special Kinds of Parameters,teachable,swift.functions.default-parameter|swift.functions.variadic|swift.closures.autoclosure,swift.functions.default-parameter|swift.functions.variadic|swift.closures.autoclosure,reviewed-implemented,Mapped to canonical interactive lesson without duplication.
The Swift Programming Language (Swift 6.4 beta),language-reference,ReferenceManual/Declarations.xhtml,ReferenceManual/Declarations.xhtml#Special-Kinds-of-Methods,referencemanual-declarations-xhtml.018.special-kinds-of-methods,3,Declarations > Function Declaration > Special Kinds of Methods,Special Kinds of Methods,teachable,swift.methods.mutating|swift.methods.type,swift.methods.mutating|swift.methods.type,reviewed-implemented,Mapped to canonical interactive lesson without duplication.
The Swift Programming Language (Swift 6.4 beta),language-reference,ReferenceManual/Declarations.xhtml,ReferenceManual/Declarations.xhtml#Methods-with-Special-Names,referencemanual-declarations-xhtml.019.methods-with-special-names,3,Declarations > Function Declaration > Methods with Special Names,Methods with Special Names,teachable,swift.methods.call-as-function,swift.methods.call-as-function,reviewed-implemented,Mapped to canonical interactive lesson without duplication.
The Swift Programming Language (Swift 6.4 beta),language-reference,ReferenceManual/Declarations.xhtml,ReferenceManual/Declarations.xhtml#Throwing-Functions-and-Methods,referencemanual-declarations-xhtml.020.throwing-functions-and-methods,3,Declarations > Function Declaration > Throwing Functions and Methods,Throwing Functions and Methods,teachable,swift.errors.throwing-declaration|swift.errors.typed-throws,swift.errors.throwing-declaration|swift.errors.typed-throws,reviewed-implemented,Mapped to canonical interactive lesson without duplication.
The Swift Programming Language (Swift 6.4 beta),language-reference,ReferenceManual/Declarations.xhtml,ReferenceManual/Declarations.xhtml#Rethrowing-Functions-and-Methods,referencemanual-declarations-xhtml.021.rethrowing-functions-and-methods,3,Declarations > Function Declaration > Rethrowing Functions and Methods,Rethrowing Functions and Methods,teachable,swift.errors.rethrows,swift.errors.rethrows,reviewed-implemented,Mapped to canonical interactive lesson without duplication.
The Swift Programming Language (Swift 6.4 beta),language-reference,ReferenceManual/Declarations.xhtml,ReferenceManual/Declarations.xhtml#Asynchronous-Functions-and-Methods,referencemanual-declarations-xhtml.022.asynchronous-functions-and-methods,3,Declarations > Function Declaration > Asynchronous Functions and Methods,Asynchronous Functions and Methods,teachable,swift.concurrency.async-function,swift.concurrency.async-function,reviewed-implemented,Mapped to canonical interactive lesson without duplication.
The Swift Programming Language (Swift 6.4 beta),language-reference,ReferenceManual/Declarations.xhtml,ReferenceManual/Declarations.xhtml#Functions-that-Never-Return,referencemanual-declarations-xhtml.023.functions-that-never-return,3,Declarations > Function Declaration > Functions that Never Return,Functions that Never Return,teachable,swift.functions.never,swift.functions.never,reviewed-implemented,Mapped to canonical interactive lesson without duplication.
The Swift Programming Language (Swift 6.4 beta),language-reference,ReferenceManual/Declarations.xhtml,ReferenceManual/Declarations.xhtml#Enumeration-Declaration,referencemanual-declarations-xhtml.024.enumeration-declaration,2,Declarations > Enumeration Declaration,Enumeration Declaration,teachable,swift.enums.syntax,swift.enums.syntax,reviewed-implemented,Mapped to canonical interactive lesson without duplication.
The Swift Programming Language (Swift 6.4 beta),language-reference,ReferenceManual/Declarations.xhtml,ReferenceManual/Declarations.xhtml#Enumerations-with-Cases-of-Any-Type,referencemanual-declarations-xhtml.025.enumerations-with-cases-of-any-type,3,Declarations > Enumeration Declaration > Enumerations with Cases of Any Type,Enumerations with Cases of Any Type,teachable,swift.enums.associated-values,swift.enums.associated-values,reviewed-implemented,Mapped to canonical interactive lesson without duplication.
The Swift Programming Language (Swift 6.4 beta),language-reference,ReferenceManual/Declarations.xhtml,ReferenceManual/Declarations.xhtml#Enumerations-with-Indirection,referencemanual-declarations-xhtml.026.enumerations-with-indirection,4,Declarations > Enumeration Declaration > Enumerations with Cases of Any Type > Enumerations with Indirection,Enumerations with Indirection,teachable,swift.enums.recursive-indirect,swift.enums.recursive-indirect,reviewed-implemented,Mapped to canonical interactive lesson without duplication.
The Swift Programming Language (Swift 6.4 beta),language-reference,ReferenceManual/Declarations.xhtml,ReferenceManual/Declarations.xhtml#Enumerations-with-Cases-of-a-Raw-Value-Type,referencemanual-declarations-xhtml.027.enumerations-with-cases-of-a-raw-value-type,3,Declarations > Enumeration Declaration > Enumerations with Cases of a Raw-Value Type,Enumerations with Cases of a Raw-Value Type,teachable,swift.enums.raw-character,swift.enums.raw-character,reviewed-implemented,Mapped to canonical interactive lesson without duplication.
The Swift Programming Language (Swift 6.4 beta),language-reference,ReferenceManual/Declarations.xhtml,ReferenceManual/Declarations.xhtml#Accessing-Enumeration-Cases,referencemanual-declarations-xhtml.028.accessing-enumeration-cases,3,Declarations > Enumeration Declaration > Accessing Enumeration Cases,Accessing Enumeration Cases,teachable,swift.enums.inferred-case,swift.enums.inferred-case,reviewed-implemented,Mapped to canonical interactive lesson without duplication.
The Swift Programming Language (Swift 6.4 beta),language-reference,ReferenceManual/Declarations.xhtml,ReferenceManual/Declarations.xhtml#Structure-Declaration,referencemanual-declarations-xhtml.029.structure-declaration,2,Declarations > Structure Declaration,Structure Declaration,teachable,swift.types.structure-definition,swift.types.structure-definition,reviewed-implemented,Mapped to canonical interactive lesson without duplication.
The Swift Programming Language (Swift 6.4 beta),language-reference,ReferenceManual/Declarations.xhtml,ReferenceManual/Declarations.xhtml#Class-Declaration,referencemanual-declarations-xhtml.030.class-declaration,2,Declarations > Class Declaration,Class Declaration,teachable,swift.types.class-definition,swift.types.class-definition,reviewed-implemented,Mapped to canonical interactive lesson without duplication.
The Swift Programming Language (Swift 6.4 beta),language-reference,ReferenceManual/Declarations.xhtml,ReferenceManual/Declarations.xhtml#Actor-Declaration,referencemanual-declarations-xhtml.031.actor-declaration,2,Declarations > Actor Declaration,Actor Declaration,teachable,swift.concurrency.actor,swift.concurrency.actor,reviewed-implemented,Mapped to canonical interactive lesson without duplication.
The Swift Programming Language (Swift 6.4 beta),language-reference,ReferenceManual/Declarations.xhtml,ReferenceManual/Declarations.xhtml#Protocol-Declaration,referencemanual-declarations-xhtml.032.protocol-declaration,2,Declarations > Protocol Declaration,Protocol Declaration,teachable,swift.protocols.syntax,swift.protocols.syntax,reviewed-implemented,Mapped to canonical interactive lesson without duplication.
The Swift Programming Language (Swift 6.4 beta),language-reference,ReferenceManual/Declarations.xhtml,ReferenceManual/Declarations.xhtml#Protocol-Property-Declaration,referencemanual-declarations-xhtml.033.protocol-property-declaration,3,Declarations > Protocol Declaration > Protocol Property Declaration,Protocol Property Declaration,teachable,swift.protocols.property-requirement,swift.protocols.property-requirement,reviewed-implemented,Mapped to canonical interactive lesson without duplication.
The Swift Programming Language (Swift 6.4 beta),language-reference,ReferenceManual/Declarations.xhtml,ReferenceManual/Declarations.xhtml#Protocol-Method-Declaration,referencemanual-declarations-xhtml.034.protocol-method-declaration,3,Declarations > Protocol Declaration > Protocol Method Declaration,Protocol Method Declaration,teachable,swift.protocols.method-requirement,swift.protocols.method-requirement,reviewed-implemented,Mapped to canonical interactive lesson without duplication.
The Swift Programming Language (Swift 6.4 beta),language-reference,ReferenceManual/Declarations.xhtml,ReferenceManual/Declarations.xhtml#Protocol-Initializer-Declaration,referencemanual-declarations-xhtml.035.protocol-initializer-declaration,3,Declarations > Protocol Declaration > Protocol Initializer Declaration,Protocol Initializer Declaration,teachable,swift.protocols.initializer-requirement,swift.protocols.initializer-requirement,reviewed-implemented,Mapped to canonical interactive lesson without duplication.
The Swift Programming Language (Swift 6.4 beta),language-reference,ReferenceManual/Declarations.xhtml,ReferenceManual/Declarations.xhtml#Protocol-Subscript-Declaration,referencemanual-declarations-xhtml.036.protocol-subscript-declaration,3,Declarations > Protocol Declaration > Protocol Subscript Declaration,Protocol Subscript Declaration,teachable,swift.subscripts.syntax,swift.subscripts.syntax,reviewed-implemented,Mapped to canonical interactive lesson without duplication.
The Swift Programming Language (Swift 6.4 beta),language-reference,ReferenceManual/Declarations.xhtml,ReferenceManual/Declarations.xhtml#Protocol-Associated-Type-Declaration,referencemanual-declarations-xhtml.037.protocol-associated-type-declaration,3,Declarations > Protocol Declaration > Protocol Associated Type Declaration,Protocol Associated Type Declaration,teachable,swift.generics.associated-type,swift.generics.associated-type,reviewed-implemented,Mapped to canonical interactive lesson without duplication.
The Swift Programming Language (Swift 6.4 beta),language-reference,ReferenceManual/Declarations.xhtml,ReferenceManual/Declarations.xhtml#Initializer-Declaration,referencemanual-declarations-xhtml.038.initializer-declaration,2,Declarations > Initializer Declaration,Initializer Declaration,teachable,swift.initialization.basic,swift.initialization.basic,reviewed-implemented,Mapped to canonical interactive lesson without duplication.
The Swift Programming Language (Swift 6.4 beta),language-reference,ReferenceManual/Declarations.xhtml,ReferenceManual/Declarations.xhtml#Failable-Initializers,referencemanual-declarations-xhtml.039.failable-initializers,3,Declarations > Initializer Declaration > Failable Initializers,Failable Initializers,teachable,swift.initialization.failable,swift.initialization.failable,reviewed-implemented,Mapped to canonical interactive lesson without duplication.
The Swift Programming Language (Swift 6.4 beta),language-reference,ReferenceManual/Declarations.xhtml,ReferenceManual/Declarations.xhtml#Deinitializer-Declaration,referencemanual-declarations-xhtml.040.deinitializer-declaration,2,Declarations > Deinitializer Declaration,Deinitializer Declaration,teachable,swift.deinitialization.syntax,swift.deinitialization.syntax,reviewed-implemented,Mapped to canonical interactive lesson without duplication.
The Swift Programming Language (Swift 6.4 beta),language-reference,ReferenceManual/Declarations.xhtml,ReferenceManual/Declarations.xhtml#Extension-Declaration,referencemanual-declarations-xhtml.041.extension-declaration,2,Declarations > Extension Declaration,Extension Declaration,teachable,swift.extensions.syntax,swift.extensions.syntax,reviewed-implemented,Mapped to canonical interactive lesson without duplication.
The Swift Programming Language (Swift 6.4 beta),language-reference,ReferenceManual/Declarations.xhtml,ReferenceManual/Declarations.xhtml#Conditional-Conformance,referencemanual-declarations-xhtml.042.conditional-conformance,3,Declarations > Extension Declaration > Conditional Conformance,Conditional Conformance,teachable,swift.protocols.conditional-conformance,swift.protocols.conditional-conformance,reviewed-implemented,Mapped to canonical interactive lesson without duplication.
The Swift Programming Language (Swift 6.4 beta),language-reference,ReferenceManual/Declarations.xhtml,ReferenceManual/Declarations.xhtml#Overridden-Requirements-Arent-Used-in-Some-Generic-Contexts,referencemanual-declarations-xhtml.043.overridden-requirements-aren-t-used-in-some-generic-contexts,4,Declarations > Extension Declaration > Conditional Conformance > Overridden Requirements Aren't Used in Some Generic Contexts,Overridden Requirements Aren't Used in Some Generic Contexts,teachable,swift.protocols.generic-static-dispatch,swift.protocols.generic-static-dispatch,reviewed-implemented,Mapped to canonical interactive lesson without duplication.
The Swift Programming Language (Swift 6.4 beta),language-reference,ReferenceManual/Declarations.xhtml,ReferenceManual/Declarations.xhtml#Protocol-Conformance-Must-Not-Be-Redundant,referencemanual-declarations-xhtml.044.protocol-conformance-must-not-be-redundant,3,Declarations > Extension Declaration > Protocol Conformance Must Not Be Redundant,Protocol Conformance Must Not Be Redundant,teachable,swift.protocols.no-redundant-conformance,swift.protocols.no-redundant-conformance,reviewed-implemented,Mapped to canonical interactive lesson without duplication.
The Swift Programming Language (Swift 6.4 beta),language-reference,ReferenceManual/Declarations.xhtml,ReferenceManual/Declarations.xhtml#Resolving-Explicit-Redundancy,referencemanual-declarations-xhtml.045.resolving-explicit-redundancy,4,Declarations > Extension Declaration > Protocol Conformance Must Not Be Redundant > Resolving Explicit Redundancy,Resolving Explicit Redundancy,teachable,swift.protocols.no-redundant-conformance,swift.protocols.no-redundant-conformance,reviewed-implemented,Mapped to canonical interactive lesson without duplication.
The Swift Programming Language (Swift 6.4 beta),language-reference,ReferenceManual/Declarations.xhtml,ReferenceManual/Declarations.xhtml#Resolving-Implicit-Redundancy,referencemanual-declarations-xhtml.046.resolving-implicit-redundancy,4,Declarations > Extension Declaration > Protocol Conformance Must Not Be Redundant > Resolving Implicit Redundancy,Resolving Implicit Redundancy,teachable,swift.protocols.no-redundant-conformance,swift.protocols.no-redundant-conformance,reviewed-implemented,Mapped to canonical interactive lesson without duplication.
The Swift Programming Language (Swift 6.4 beta),language-reference,ReferenceManual/Declarations.xhtml,ReferenceManual/Declarations.xhtml#Subscript-Declaration,referencemanual-declarations-xhtml.047.subscript-declaration,2,Declarations > Subscript Declaration,Subscript Declaration,teachable,swift.subscripts.syntax,swift.subscripts.syntax,reviewed-implemented,Mapped to canonical interactive lesson without duplication.
The Swift Programming Language (Swift 6.4 beta),language-reference,ReferenceManual/Declarations.xhtml,ReferenceManual/Declarations.xhtml#Type-Subscript-Declarations,referencemanual-declarations-xhtml.048.type-subscript-declarations,3,Declarations > Subscript Declaration > Type Subscript Declarations,Type Subscript Declarations,teachable,swift.subscripts.type,swift.subscripts.type,reviewed-implemented,Mapped to canonical interactive lesson without duplication.
The Swift Programming Language (Swift 6.4 beta),language-reference,ReferenceManual/Declarations.xhtml,ReferenceManual/Declarations.xhtml#Macro-Declaration,referencemanual-declarations-xhtml.049.macro-declaration,2,Declarations > Macro Declaration,Macro Declaration,teachable,swift.macros.declaration,swift.macros.declaration,reviewed-implemented,Mapped to canonical interactive lesson without duplication.
The Swift Programming Language (Swift 6.4 beta),language-reference,ReferenceManual/Declarations.xhtml,ReferenceManual/Declarations.xhtml#Operator-Declaration,referencemanual-declarations-xhtml.050.operator-declaration,2,Declarations > Operator Declaration,Operator Declaration,teachable,swift.operators.custom,swift.operators.custom,reviewed-implemented,Mapped to canonical interactive lesson without duplication.
The Swift Programming Language (Swift 6.4 beta),language-reference,ReferenceManual/Declarations.xhtml,ReferenceManual/Declarations.xhtml#Precedence-Group-Declaration,referencemanual-declarations-xhtml.051.precedence-group-declaration,2,Declarations > Precedence Group Declaration,Precedence Group Declaration,teachable,swift.operators.precedence-group,swift.operators.precedence-group,reviewed-implemented,Mapped to canonical interactive lesson without duplication.
The Swift Programming Language (Swift 6.4 beta),language-reference,ReferenceManual/Declarations.xhtml,ReferenceManual/Declarations.xhtml#Declaration-Modifiers,referencemanual-declarations-xhtml.052.declaration-modifiers,2,Declarations > Declaration Modifiers,Declaration Modifiers,teachable,swift.access.syntax,swift.access.syntax,reviewed-implemented,Mapped to canonical interactive lesson without duplication.
The Swift Programming Language (Swift 6.4 beta),language-reference,ReferenceManual/Declarations.xhtml,ReferenceManual/Declarations.xhtml#Access-Control-Levels,referencemanual-declarations-xhtml.053.access-control-levels,3,Declarations > Declaration Modifiers > Access Control Levels,Access Control Levels,teachable,swift.access.levels,swift.access.levels,reviewed-implemented,Mapped to canonical interactive lesson without duplication.
The Swift Programming Language (Swift 6.4 beta),language-reference,ReferenceManual/Attributes.xhtml,ReferenceManual/Attributes.xhtml#attributes,referencemanual-attributes-xhtml.001.attributes,1,Attributes,Attributes,teachable,swift.attributes.available,swift.attributes.available,reviewed-implemented,Mapped to canonical interactive lesson without duplication.
The Swift Programming Language (Swift 6.4 beta),language-reference,ReferenceManual/Attributes.xhtml,ReferenceManual/Attributes.xhtml#Declaration-Attributes,referencemanual-attributes-xhtml.002.declaration-attributes,2,Attributes > Declaration Attributes,Declaration Attributes,context,,,reviewed-no-lesson,"Reviewed as chapter grouping, grammar notation, or formal summary; no distinct interaction required."
The Swift Programming Language (Swift 6.4 beta),language-reference,ReferenceManual/Attributes.xhtml,ReferenceManual/Attributes.xhtml#attached,referencemanual-attributes-xhtml.003.attached,3,Attributes > Declaration Attributes > attached,attached,teachable,swift.macros.attached,swift.macros.attached,reviewed-implemented,Mapped to canonical interactive lesson without duplication.
The Swift Programming Language (Swift 6.4 beta),language-reference,ReferenceManual/Attributes.xhtml,ReferenceManual/Attributes.xhtml#available,referencemanual-attributes-xhtml.004.available,3,Attributes > Declaration Attributes > available,available,teachable,swift.attributes.available,swift.attributes.available,reviewed-implemented,Mapped to canonical interactive lesson without duplication.
The Swift Programming Language (Swift 6.4 beta),language-reference,ReferenceManual/Attributes.xhtml,ReferenceManual/Attributes.xhtml#backDeployed,referencemanual-attributes-xhtml.005.backdeployed,3,Attributes > Declaration Attributes > backDeployed,backDeployed,teachable,swift.attributes.back-deployed,swift.attributes.back-deployed,reviewed-implemented,Mapped to canonical interactive lesson without duplication.
The Swift Programming Language (Swift 6.4 beta),language-reference,ReferenceManual/Attributes.xhtml,ReferenceManual/Attributes.xhtml#discardableResult,referencemanual-attributes-xhtml.006.discardableresult,3,Attributes > Declaration Attributes > discardableResult,discardableResult,teachable,swift.attributes.discardable-result,swift.attributes.discardable-result,reviewed-implemented,Mapped to canonical interactive lesson without duplication.
The Swift Programming Language (Swift 6.4 beta),language-reference,ReferenceManual/Attributes.xhtml,ReferenceManual/Attributes.xhtml#dynamicCallable,referencemanual-attributes-xhtml.007.dynamiccallable,3,Attributes > Declaration Attributes > dynamicCallable,dynamicCallable,teachable,swift.attributes.dynamic-callable,swift.attributes.dynamic-callable,reviewed-implemented,Mapped to canonical interactive lesson without duplication.
The Swift Programming Language (Swift 6.4 beta),language-reference,ReferenceManual/Attributes.xhtml,ReferenceManual/Attributes.xhtml#dynamicMemberLookup,referencemanual-attributes-xhtml.008.dynamicmemberlookup,3,Attributes > Declaration Attributes > dynamicMemberLookup,dynamicMemberLookup,teachable,swift.attributes.dynamic-member,swift.attributes.dynamic-member,reviewed-implemented,Mapped to canonical interactive lesson without duplication.
The Swift Programming Language (Swift 6.4 beta),language-reference,ReferenceManual/Attributes.xhtml,ReferenceManual/Attributes.xhtml#export,referencemanual-attributes-xhtml.009.export,3,Attributes > Declaration Attributes > export,export,teachable,swift.attributes.export,swift.attributes.export,reviewed-implemented,Mapped to canonical interactive lesson without duplication.
The Swift Programming Language (Swift 6.4 beta),language-reference,ReferenceManual/Attributes.xhtml,ReferenceManual/Attributes.xhtml#freestanding,referencemanual-attributes-xhtml.010.freestanding,3,Attributes > Declaration Attributes > freestanding,freestanding,teachable,swift.macros.freestanding,swift.macros.freestanding,reviewed-implemented,Mapped to canonical interactive lesson without duplication.
The Swift Programming Language (Swift 6.4 beta),language-reference,ReferenceManual/Attributes.xhtml,ReferenceManual/Attributes.xhtml#frozen,referencemanual-attributes-xhtml.011.frozen,3,Attributes > Declaration Attributes > frozen,frozen,teachable,swift.attributes.frozen,swift.attributes.frozen,reviewed-implemented,Mapped to canonical interactive lesson without duplication.
The Swift Programming Language (Swift 6.4 beta),language-reference,ReferenceManual/Attributes.xhtml,ReferenceManual/Attributes.xhtml#GKInspectable,referencemanual-attributes-xhtml.012.gkinspectable,3,Attributes > Declaration Attributes > GKInspectable,GKInspectable,teachable,swift.attributes.interface-builder,swift.attributes.interface-builder,reviewed-implemented,Mapped to canonical interactive lesson without duplication.
The Swift Programming Language (Swift 6.4 beta),language-reference,ReferenceManual/Attributes.xhtml,ReferenceManual/Attributes.xhtml#globalActor,referencemanual-attributes-xhtml.013.globalactor,3,Attributes > Declaration Attributes > globalActor,globalActor,teachable,swift.concurrency.global-actor,swift.concurrency.global-actor,reviewed-implemented,Mapped to canonical interactive lesson without duplication.
The Swift Programming Language (Swift 6.4 beta),language-reference,ReferenceManual/Attributes.xhtml,ReferenceManual/Attributes.xhtml#inlinable,referencemanual-attributes-xhtml.014.inlinable,3,Attributes > Declaration Attributes > inlinable,inlinable,teachable,swift.attributes.inlinable,swift.attributes.inlinable,reviewed-implemented,Mapped to canonical interactive lesson without duplication.
The Swift Programming Language (Swift 6.4 beta),language-reference,ReferenceManual/Attributes.xhtml,ReferenceManual/Attributes.xhtml#main,referencemanual-attributes-xhtml.015.main,3,Attributes > Declaration Attributes > main,main,teachable,swift.attributes.main,swift.attributes.main,reviewed-implemented,Mapped to canonical interactive lesson without duplication.
The Swift Programming Language (Swift 6.4 beta),language-reference,ReferenceManual/Attributes.xhtml,ReferenceManual/Attributes.xhtml#nonobjc,referencemanual-attributes-xhtml.016.nonobjc,3,Attributes > Declaration Attributes > nonobjc,nonobjc,teachable,swift.attributes.objc-control,swift.attributes.objc-control,reviewed-implemented,Mapped to canonical interactive lesson without duplication.
The Swift Programming Language (Swift 6.4 beta),language-reference,ReferenceManual/Attributes.xhtml,ReferenceManual/Attributes.xhtml#NSApplicationMain,referencemanual-attributes-xhtml.017.nsapplicationmain,3,Attributes > Declaration Attributes > NSApplicationMain,NSApplicationMain,teachable,swift.attributes.main,swift.attributes.main,reviewed-implemented,Mapped to canonical interactive lesson without duplication.
The Swift Programming Language (Swift 6.4 beta),language-reference,ReferenceManual/Attributes.xhtml,ReferenceManual/Attributes.xhtml#NSCopying,referencemanual-attributes-xhtml.018.nscopying,3,Attributes > Declaration Attributes > NSCopying,NSCopying,teachable,swift.attributes.ns-copying,swift.attributes.ns-copying,reviewed-implemented,Mapped to canonical interactive lesson without duplication.
The Swift Programming Language (Swift 6.4 beta),language-reference,ReferenceManual/Attributes.xhtml,ReferenceManual/Attributes.xhtml#NSManaged,referencemanual-attributes-xhtml.019.nsmanaged,3,Attributes > Declaration Attributes > NSManaged,NSManaged,teachable,swift.attributes.ns-managed,swift.attributes.ns-managed,reviewed-implemented,Mapped to canonical interactive lesson without duplication.
The Swift Programming Language (Swift 6.4 beta),language-reference,ReferenceManual/Attributes.xhtml,ReferenceManual/Attributes.xhtml#objc,referencemanual-attributes-xhtml.020.objc,3,Attributes > Declaration Attributes > objc,objc,teachable,swift.attributes.objc-control,swift.attributes.objc-control,reviewed-implemented,Mapped to canonical interactive lesson without duplication.
The Swift Programming Language (Swift 6.4 beta),language-reference,ReferenceManual/Attributes.xhtml,ReferenceManual/Attributes.xhtml#objcMembers,referencemanual-attributes-xhtml.021.objcmembers,3,Attributes > Declaration Attributes > objcMembers,objcMembers,teachable,swift.attributes.objc-members,swift.attributes.objc-members,reviewed-implemented,Mapped to canonical interactive lesson without duplication.
The Swift Programming Language (Swift 6.4 beta),language-reference,ReferenceManual/Attributes.xhtml,ReferenceManual/Attributes.xhtml#preconcurrency,referencemanual-attributes-xhtml.022.preconcurrency,3,Attributes > Declaration Attributes > preconcurrency,preconcurrency,teachable,swift.attributes.preconcurrency,swift.attributes.preconcurrency,reviewed-implemented,Mapped to canonical interactive lesson without duplication.
The Swift Programming Language (Swift 6.4 beta),language-reference,ReferenceManual/Attributes.xhtml,ReferenceManual/Attributes.xhtml#propertyWrapper,referencemanual-attributes-xhtml.023.propertywrapper,3,Attributes > Declaration Attributes > propertyWrapper,propertyWrapper,teachable,swift.properties.wrapper,swift.properties.wrapper,reviewed-implemented,Mapped to canonical interactive lesson without duplication.
The Swift Programming Language (Swift 6.4 beta),language-reference,ReferenceManual/Attributes.xhtml,ReferenceManual/Attributes.xhtml#resultBuilder,referencemanual-attributes-xhtml.024.resultbuilder,3,Attributes > Declaration Attributes > resultBuilder,resultBuilder,teachable,swift.builders.attribute,swift.builders.attribute,reviewed-implemented,Mapped to canonical interactive lesson without duplication.
The Swift Programming Language (Swift 6.4 beta),language-reference,ReferenceManual/Attributes.xhtml,ReferenceManual/Attributes.xhtml#Result-Building-Methods,referencemanual-attributes-xhtml.025.result-building-methods,4,Attributes > Declaration Attributes > resultBuilder > Result-Building Methods,Result-Building Methods,teachable,swift.builders.build-block,swift.builders.build-block,reviewed-implemented,Mapped to canonical interactive lesson without duplication.
The Swift Programming Language (Swift 6.4 beta),language-reference,ReferenceManual/Attributes.xhtml,ReferenceManual/Attributes.xhtml#Result-Transformations,referencemanual-attributes-xhtml.026.result-transformations,4,Attributes > Declaration Attributes > resultBuilder > Result Transformations,Result Transformations,teachable,swift.builders.build-block|swift.builders.parameter,swift.builders.build-block|swift.builders.parameter,reviewed-implemented,Mapped to canonical interactive lesson without duplication.
The Swift Programming Language (Swift 6.4 beta),language-reference,ReferenceManual/Attributes.xhtml,ReferenceManual/Attributes.xhtml#Custom-Result-Builder-Attributes,referencemanual-attributes-xhtml.027.custom-result-builder-attributes,4,Attributes > Declaration Attributes > resultBuilder > Custom Result-Builder Attributes,Custom Result-Builder Attributes,teachable,swift.builders.parameter,swift.builders.parameter,reviewed-implemented,Mapped to canonical interactive lesson without duplication.
The Swift Programming Language (Swift 6.4 beta),language-reference,ReferenceManual/Attributes.xhtml,ReferenceManual/Attributes.xhtml#requires_stored_property_inits,referencemanual-attributes-xhtml.028.requires-stored-property-inits,3,Attributes > Declaration Attributes > requires_stored_property_inits,requires_stored_property_inits,teachable,swift.attributes.required-property-inits,swift.attributes.required-property-inits,reviewed-implemented,Mapped to canonical interactive lesson without duplication.
The Swift Programming Language (Swift 6.4 beta),language-reference,ReferenceManual/Attributes.xhtml,ReferenceManual/Attributes.xhtml#testable,referencemanual-attributes-xhtml.029.testable,3,Attributes > Declaration Attributes > testable,testable,teachable,swift.access.testable,swift.access.testable,reviewed-implemented,Mapped to canonical interactive lesson without duplication.
The Swift Programming Language (Swift 6.4 beta),language-reference,ReferenceManual/Attributes.xhtml,ReferenceManual/Attributes.xhtml#UIApplicationMain,referencemanual-attributes-xhtml.030.uiapplicationmain,3,Attributes > Declaration Attributes > UIApplicationMain,UIApplicationMain,teachable,swift.attributes.main,swift.attributes.main,reviewed-implemented,Mapped to canonical interactive lesson without duplication.
The Swift Programming Language (Swift 6.4 beta),language-reference,ReferenceManual/Attributes.xhtml,ReferenceManual/Attributes.xhtml#unchecked,referencemanual-attributes-xhtml.031.unchecked,3,Attributes > Declaration Attributes > unchecked,unchecked,teachable,swift.attributes.unchecked-sendable,swift.attributes.unchecked-sendable,reviewed-implemented,Mapped to canonical interactive lesson without duplication.
The Swift Programming Language (Swift 6.4 beta),language-reference,ReferenceManual/Attributes.xhtml,ReferenceManual/Attributes.xhtml#usableFromInline,referencemanual-attributes-xhtml.032.usablefrominline,3,Attributes > Declaration Attributes > usableFromInline,usableFromInline,teachable,swift.attributes.usable-from-inline,swift.attributes.usable-from-inline,reviewed-implemented,Mapped to canonical interactive lesson without duplication.
The Swift Programming Language (Swift 6.4 beta),language-reference,ReferenceManual/Attributes.xhtml,ReferenceManual/Attributes.xhtml#warn_unqualified_access,referencemanual-attributes-xhtml.033.warn-unqualified-access,3,Attributes > Declaration Attributes > warn_unqualified_access,warn_unqualified_access,teachable,swift.attributes.warn-unqualified,swift.attributes.warn-unqualified,reviewed-implemented,Mapped to canonical interactive lesson without duplication.
The Swift Programming Language (Swift 6.4 beta),language-reference,ReferenceManual/Attributes.xhtml,ReferenceManual/Attributes.xhtml#Declaration-Attributes-Used-by-Interface-Builder,referencemanual-attributes-xhtml.034.declaration-attributes-used-by-interface-builder,3,Attributes > Declaration Attributes > Declaration Attributes Used by Interface Builder,Declaration Attributes Used by Interface Builder,teachable,swift.attributes.interface-builder,swift.attributes.interface-builder,reviewed-implemented,Mapped to canonical interactive lesson without duplication.
The Swift Programming Language (Swift 6.4 beta),language-reference,ReferenceManual/Attributes.xhtml,ReferenceManual/Attributes.xhtml#Type-Attributes,referencemanual-attributes-xhtml.035.type-attributes,2,Attributes > Type Attributes,Type Attributes,context,,,reviewed-no-lesson,"Reviewed as chapter grouping, grammar notation, or formal summary; no distinct interaction required."
The Swift Programming Language (Swift 6.4 beta),language-reference,ReferenceManual/Attributes.xhtml,ReferenceManual/Attributes.xhtml#autoclosure,referencemanual-attributes-xhtml.036.autoclosure,3,Attributes > Type Attributes > autoclosure,autoclosure,teachable,swift.closures.autoclosure,swift.closures.autoclosure,reviewed-implemented,Mapped to canonical interactive lesson without duplication.
The Swift Programming Language (Swift 6.4 beta),language-reference,ReferenceManual/Attributes.xhtml,ReferenceManual/Attributes.xhtml#convention,referencemanual-attributes-xhtml.037.convention,3,Attributes > Type Attributes > convention,convention,teachable,swift.attributes.calling-convention,swift.attributes.calling-convention,reviewed-implemented,Mapped to canonical interactive lesson without duplication.
The Swift Programming Language (Swift 6.4 beta),language-reference,ReferenceManual/Attributes.xhtml,ReferenceManual/Attributes.xhtml#escaping,referencemanual-attributes-xhtml.038.escaping,3,Attributes > Type Attributes > escaping,escaping,teachable,swift.closures.escaping,swift.closures.escaping,reviewed-implemented,Mapped to canonical interactive lesson without duplication.
The Swift Programming Language (Swift 6.4 beta),language-reference,ReferenceManual/Attributes.xhtml,ReferenceManual/Attributes.xhtml#Sendable,referencemanual-attributes-xhtml.039.sendable,3,Attributes > Type Attributes > Sendable,Sendable,teachable,swift.attributes.sendable-closure,swift.attributes.sendable-closure,reviewed-implemented,Mapped to canonical interactive lesson without duplication.
The Swift Programming Language (Swift 6.4 beta),language-reference,ReferenceManual/Attributes.xhtml,ReferenceManual/Attributes.xhtml#Switch-Case-Attributes,referencemanual-attributes-xhtml.040.switch-case-attributes,2,Attributes > Switch Case Attributes,Switch Case Attributes,context,,,reviewed-no-lesson,"Reviewed as chapter grouping, grammar notation, or formal summary; no distinct interaction required."
The Swift Programming Language (Swift 6.4 beta),language-reference,ReferenceManual/Attributes.xhtml,ReferenceManual/Attributes.xhtml#unknown,referencemanual-attributes-xhtml.041.unknown,3,Attributes > Switch Case Attributes > unknown,unknown,teachable,swift.attributes.unknown-default,swift.attributes.unknown-default,reviewed-implemented,Mapped to canonical interactive lesson without duplication.
The Swift Programming Language (Swift 6.4 beta),language-reference,ReferenceManual/Patterns.xhtml,ReferenceManual/Patterns.xhtml#patterns,referencemanual-patterns-xhtml.001.patterns,1,Patterns,Patterns,context,,,reviewed-no-lesson,"Reviewed as chapter grouping, grammar notation, or formal summary; no distinct interaction required."
The Swift Programming Language (Swift 6.4 beta),language-reference,ReferenceManual/Patterns.xhtml,ReferenceManual/Patterns.xhtml#Wildcard-Pattern,referencemanual-patterns-xhtml.002.wildcard-pattern,2,Patterns > Wildcard Pattern,Wildcard Pattern,teachable,swift.expressions.wildcard,swift.expressions.wildcard,reviewed-implemented,Mapped to canonical interactive lesson without duplication.
The Swift Programming Language (Swift 6.4 beta),language-reference,ReferenceManual/Patterns.xhtml,ReferenceManual/Patterns.xhtml#Identifier-Pattern,referencemanual-patterns-xhtml.003.identifier-pattern,2,Patterns > Identifier Pattern,Identifier Pattern,teachable,swift.bindings.constants,swift.bindings.constants,reviewed-implemented,Mapped to canonical interactive lesson without duplication.
The Swift Programming Language (Swift 6.4 beta),language-reference,ReferenceManual/Patterns.xhtml,ReferenceManual/Patterns.xhtml#Value-Binding-Pattern,referencemanual-patterns-xhtml.004.value-binding-pattern,2,Patterns > Value-Binding Pattern,Value-Binding Pattern,teachable,swift.switches.value-binding,swift.switches.value-binding,reviewed-implemented,Mapped to canonical interactive lesson without duplication.
The Swift Programming Language (Swift 6.4 beta),language-reference,ReferenceManual/Patterns.xhtml,ReferenceManual/Patterns.xhtml#Tuple-Pattern,referencemanual-patterns-xhtml.005.tuple-pattern,2,Patterns > Tuple Pattern,Tuple Pattern,teachable,swift.switches.tuple-pattern,swift.switches.tuple-pattern,reviewed-implemented,Mapped to canonical interactive lesson without duplication.
The Swift Programming Language (Swift 6.4 beta),language-reference,ReferenceManual/Patterns.xhtml,ReferenceManual/Patterns.xhtml#Enumeration-Case-Pattern,referencemanual-patterns-xhtml.006.enumeration-case-pattern,2,Patterns > Enumeration Case Pattern,Enumeration Case Pattern,teachable,swift.enums.associated-binding,swift.enums.associated-binding,reviewed-implemented,Mapped to canonical interactive lesson without duplication.
The Swift Programming Language (Swift 6.4 beta),language-reference,ReferenceManual/Patterns.xhtml,ReferenceManual/Patterns.xhtml#Optional-Pattern,referencemanual-patterns-xhtml.007.optional-pattern,2,Patterns > Optional Pattern,Optional Pattern,teachable,swift.patterns.if-case,swift.patterns.if-case,reviewed-implemented,Mapped to canonical interactive lesson without duplication.
The Swift Programming Language (Swift 6.4 beta),language-reference,ReferenceManual/Patterns.xhtml,ReferenceManual/Patterns.xhtml#Type-Casting-Patterns,referencemanual-patterns-xhtml.008.type-casting-patterns,2,Patterns > Type-Casting Patterns,Type-Casting Patterns,teachable,swift.casting.safe-downcast,swift.casting.safe-downcast,reviewed-implemented,Mapped to canonical interactive lesson without duplication.
The Swift Programming Language (Swift 6.4 beta),language-reference,ReferenceManual/Patterns.xhtml,ReferenceManual/Patterns.xhtml#Expression-Pattern,referencemanual-patterns-xhtml.009.expression-pattern,2,Patterns > Expression Pattern,Expression Pattern,teachable,swift.switches.interval,swift.switches.interval,reviewed-implemented,Mapped to canonical interactive lesson without duplication.
The Swift Programming Language (Swift 6.4 beta),language-reference,ReferenceManual/GenericParametersAndArguments.xhtml,ReferenceManual/GenericParametersAndArguments.xhtml#generic-parameters-and-arguments,referencemanual-genericparametersandarguments-xhtml.001.generic-parameters-and-arguments,1,Generic Parameters and Arguments,Generic Parameters and Arguments,context,,,reviewed-no-lesson,"Reviewed as chapter grouping, grammar notation, or formal summary; no distinct interaction required."
The Swift Programming Language (Swift 6.4 beta),language-reference,ReferenceManual/GenericParametersAndArguments.xhtml,ReferenceManual/GenericParametersAndArguments.xhtml#Generic-Parameter-Clause,referencemanual-genericparametersandarguments-xhtml.002.generic-parameter-clause,2,Generic Parameters and Arguments > Generic Parameter Clause,Generic Parameter Clause,teachable,swift.generics.function|swift.generics.type-parameter,swift.generics.function|swift.generics.type-parameter,reviewed-implemented,Mapped to canonical interactive lesson without duplication.
The Swift Programming Language (Swift 6.4 beta),language-reference,ReferenceManual/GenericParametersAndArguments.xhtml,ReferenceManual/GenericParametersAndArguments.xhtml#Integer-Generic-Parameters,referencemanual-genericparametersandarguments-xhtml.003.integer-generic-parameters,3,Generic Parameters and Arguments > Generic Parameter Clause > Integer Generic Parameters,Integer Generic Parameters,teachable,swift.generics.integer-parameter,swift.generics.integer-parameter,reviewed-implemented,Mapped to canonical interactive lesson without duplication.
The Swift Programming Language (Swift 6.4 beta),language-reference,ReferenceManual/GenericParametersAndArguments.xhtml,ReferenceManual/GenericParametersAndArguments.xhtml#Generic-Where-Clauses,referencemanual-genericparametersandarguments-xhtml.004.generic-where-clauses,3,Generic Parameters and Arguments > Generic Parameter Clause > Generic Where Clauses,Generic Where Clauses,teachable,swift.generics.where,swift.generics.where,reviewed-implemented,Mapped to canonical interactive lesson without duplication.
The Swift Programming Language (Swift 6.4 beta),language-reference,ReferenceManual/GenericParametersAndArguments.xhtml,ReferenceManual/GenericParametersAndArguments.xhtml#Generic-Argument-Clause,referencemanual-genericparametersandarguments-xhtml.005.generic-argument-clause,2,Generic Parameters and Arguments > Generic Argument Clause,Generic Argument Clause,teachable,swift.generics.type,swift.generics.type,reviewed-implemented,Mapped to canonical interactive lesson without duplication.
The Swift Programming Language (Swift 6.4 beta),language-reference,ReferenceManual/zzSummaryOfTheGrammar.xhtml,ReferenceManual/zzSummaryOfTheGrammar.xhtml#summary-of-the-grammar,referencemanual-zzsummaryofthegrammar-xhtml.001.summary-of-the-grammar,1,Summary of the Grammar,Summary of the Grammar,context,,,reviewed-no-lesson,"Reviewed as chapter grouping, grammar notation, or formal summary; no distinct interaction required."
The Swift Programming Language (Swift 6.4 beta),language-reference,ReferenceManual/zzSummaryOfTheGrammar.xhtml,ReferenceManual/zzSummaryOfTheGrammar.xhtml#Lexical-Structure,referencemanual-zzsummaryofthegrammar-xhtml.002.lexical-structure,2,Summary of the Grammar > Lexical Structure,Lexical Structure,context,,,reviewed-no-lesson,"Reviewed as chapter grouping, grammar notation, or formal summary; no distinct interaction required."
The Swift Programming Language (Swift 6.4 beta),language-reference,ReferenceManual/zzSummaryOfTheGrammar.xhtml,ReferenceManual/zzSummaryOfTheGrammar.xhtml#Types,referencemanual-zzsummaryofthegrammar-xhtml.003.types,2,Summary of the Grammar > Types,Types,context,,,reviewed-no-lesson,"Reviewed as chapter grouping, grammar notation, or formal summary; no distinct interaction required."
The Swift Programming Language (Swift 6.4 beta),language-reference,ReferenceManual/zzSummaryOfTheGrammar.xhtml,ReferenceManual/zzSummaryOfTheGrammar.xhtml#Expressions,referencemanual-zzsummaryofthegrammar-xhtml.004.expressions,2,Summary of the Grammar > Expressions,Expressions,context,,,reviewed-no-lesson,"Reviewed as chapter grouping, grammar notation, or formal summary; no distinct interaction required."
The Swift Programming Language (Swift 6.4 beta),language-reference,ReferenceManual/zzSummaryOfTheGrammar.xhtml,ReferenceManual/zzSummaryOfTheGrammar.xhtml#Statements,referencemanual-zzsummaryofthegrammar-xhtml.005.statements,2,Summary of the Grammar > Statements,Statements,context,,,reviewed-no-lesson,"Reviewed as chapter grouping, grammar notation, or formal summary; no distinct interaction required."
The Swift Programming Language (Swift 6.4 beta),language-reference,ReferenceManual/zzSummaryOfTheGrammar.xhtml,ReferenceManual/zzSummaryOfTheGrammar.xhtml#Declarations,referencemanual-zzsummaryofthegrammar-xhtml.006.declarations,2,Summary of the Grammar > Declarations,Declarations,context,,,reviewed-no-lesson,"Reviewed as chapter grouping, grammar notation, or formal summary; no distinct interaction required."
The Swift Programming Language (Swift 6.4 beta),language-reference,ReferenceManual/zzSummaryOfTheGrammar.xhtml,ReferenceManual/zzSummaryOfTheGrammar.xhtml#Attributes,referencemanual-zzsummaryofthegrammar-xhtml.007.attributes,2,Summary of the Grammar > Attributes,Attributes,context,,,reviewed-no-lesson,"Reviewed as chapter grouping, grammar notation, or formal summary; no distinct interaction required."
The Swift Programming Language (Swift 6.4 beta),language-reference,ReferenceManual/zzSummaryOfTheGrammar.xhtml,ReferenceManual/zzSummaryOfTheGrammar.xhtml#Patterns,referencemanual-zzsummaryofthegrammar-xhtml.008.patterns,2,Summary of the Grammar > Patterns,Patterns,context,,,reviewed-no-lesson,"Reviewed as chapter grouping, grammar notation, or formal summary; no distinct interaction required."
The Swift Programming Language (Swift 6.4 beta),language-reference,ReferenceManual/zzSummaryOfTheGrammar.xhtml,ReferenceManual/zzSummaryOfTheGrammar.xhtml#Generic-Parameters-and-Arguments,referencemanual-zzsummaryofthegrammar-xhtml.009.generic-parameters-and-arguments,2,Summary of the Grammar > Generic Parameters and Arguments,Generic Parameters and Arguments,context,,,reviewed-no-lesson,"Reviewed as chapter grouping, grammar notation, or formal summary; no distinct interaction required."
The Swift Programming Language (Swift 6.4 beta),revision-history,RevisionHistory/RevisionHistoryPart.xhtml,RevisionHistory/RevisionHistoryPart.xhtml#revision-history,revisionhistory-revisionhistorypart-xhtml.001.revision-history,1,Revision History,Revision History,context,,,reviewed-no-lesson,"Reviewed as publication metadata, licensing, acknowledgments, or revision history; no language-learning interaction required."
The Swift Programming Language (Swift 6.4 beta),revision-history,RevisionHistory/RevisionHistory.xhtml,RevisionHistory/RevisionHistory.xhtml#document-revision-history,revisionhistory-revisionhistory-xhtml.001.document-revision-history,1,Document Revision History,Document Revision History,context,,,reviewed-no-lesson,"Reviewed as publication metadata, licensing, acknowledgments, or revision history; no language-learning interaction required."
The Swift Programming Language (Swift 6.4 beta),publication-metadata,Trademarks.xhtml,Trademarks.xhtml#copyright-and-notices,trademarks-xhtml.001.acknowledgments,1,Acknowledgments,Acknowledgments,context,,,reviewed-no-lesson,"Reviewed as publication metadata, licensing, acknowledgments, or revision history; no language-learning interaction required."
The Swift Programming Language (Swift 6.4 beta),publication-metadata,Trademarks.xhtml,Trademarks.xhtml#copyright-and-notices,trademarks-xhtml.002.apache-license-2-0,2,Acknowledgments > Apache License 2.0,Apache License 2.0,context,,,reviewed-no-lesson,"Reviewed as publication metadata, licensing, acknowledgments, or revision history; no language-learning interaction required."
