example_sha256,source_files,source_references,occurrence_count,lesson_ids,coverage_decision,editorial_status,compiler_status,preview
665ec7a3965d06077d0d1e96cc3b95296d4c5e8e168d47f96e4c07c477272f3c,GuidedTour/GuidedTour.xhtml,GuidedTour/GuidedTour.xhtml#Concurrency,1,swift.concurrency.actor|swift.concurrency.async-function,mapped-to-canonical-lessons,pending-editorial-validation,pending-swift-6.4-toolchain,"func fetchUsername(from server: String) async -> String {
let userID = await fetchUserID(from: server)
if userID == 501 "
6b0af4da916a5c571d6cc2d37c804d1474091e172bffbdc5e2984950572c02db,GuidedTour/GuidedTour.xhtml,GuidedTour/GuidedTour.xhtml#Concurrency,1,swift.concurrency.actor|swift.concurrency.async-function,mapped-to-canonical-lessons,pending-editorial-validation,pending-swift-6.4-toolchain,"func fetchUserID(from server: String) async -> Int {
if server == ""primary"" {
return 97
}
return 501
}"
7c3f0d9240542b17cbae00e748928cac5fbfd7e2038d9e7417ee3d1cbf2c0120,GuidedTour/GuidedTour.xhtml,GuidedTour/GuidedTour.xhtml#Concurrency,1,swift.concurrency.actor|swift.concurrency.async-function,mapped-to-canonical-lessons,pending-editorial-validation,pending-swift-6.4-toolchain,"actor ServerConnection {
var server: String = ""primary""
private var activeUsers: [Int] = []
func connect() async -> Int "
82077e9d9706932198b94385d8b6c43170fe4cfce9856a9221d1e6b2a3901dc2,GuidedTour/GuidedTour.xhtml,GuidedTour/GuidedTour.xhtml#Concurrency,1,swift.concurrency.actor|swift.concurrency.async-function,mapped-to-canonical-lessons,pending-editorial-validation,pending-swift-6.4-toolchain,"Task {
await connectUser(to: ""primary"")
}
// Prints ""Hello Guest, user ID 97""."
9f6e6d82e7f5531fe84004160634562699dbad2bb574210b9470810c6487849a,GuidedTour/GuidedTour.xhtml,GuidedTour/GuidedTour.xhtml#Concurrency,1,swift.concurrency.actor|swift.concurrency.async-function,mapped-to-canonical-lessons,pending-editorial-validation,pending-swift-6.4-toolchain,"let userIDs = await withTaskGroup(of: Int.self) { group in
for server in [""primary"", ""secondary"", ""development""] {
group"
a60fbeed3a6c8aae32a3f7f80dda0b4c713a72294cec516dc0fa613bc1ccbc29,GuidedTour/GuidedTour.xhtml,GuidedTour/GuidedTour.xhtml#Concurrency,1,swift.concurrency.actor|swift.concurrency.async-function,mapped-to-canonical-lessons,pending-editorial-validation,pending-swift-6.4-toolchain,"let server = ServerConnection()
let userID = await server.connect()"
a95d8e97a8f07381cd4f5d8e2e0ecd848bdc514c049932570f83967bfce0e78f,GuidedTour/GuidedTour.xhtml,GuidedTour/GuidedTour.xhtml#Concurrency,1,swift.concurrency.actor|swift.concurrency.async-function,mapped-to-canonical-lessons,pending-editorial-validation,pending-swift-6.4-toolchain,"func connectUser(to server: String) async {
async let userID = fetchUserID(from: server)
async let username = fetchUsern"
291003e58d2f382e110ef15aa78c4c291cd24a135f0856fbe14b65d79974862d,GuidedTour/GuidedTour.xhtml,GuidedTour/GuidedTour.xhtml#Control-Flow,1,swift.conditionals.if-else|swift.loops.for-in|swift.switches.exhaustive,mapped-to-canonical-lessons,pending-editorial-validation,pending-swift-6.4-toolchain,"var optionalString: String? = ""Hello""
print(optionalString == nil)
// Prints ""false"".

var optionalName: String? = ""John"
2b4f11835c6a64b3eaae5bbb74eb9d88d6404cd5005a048d23842a7526220358,GuidedTour/GuidedTour.xhtml,GuidedTour/GuidedTour.xhtml#Control-Flow,1,swift.conditionals.if-else|swift.loops.for-in|swift.switches.exhaustive,mapped-to-canonical-lessons,pending-editorial-validation,pending-swift-6.4-toolchain,"let interestingNumbers = [
""Prime"": [2, 3, 5, 7, 11, 13],
""Fibonacci"": [1, 1, 2, 3, 5, 8],
""Square"": [1, 4, 9, 16, 25],
"
3f432c9909334b9e368100a73052de27d2b9362e827f384dd7e2edfb299b80b1,GuidedTour/GuidedTour.xhtml,GuidedTour/GuidedTour.xhtml#Control-Flow,1,swift.conditionals.if-else|swift.loops.for-in|swift.switches.exhaustive,mapped-to-canonical-lessons,pending-editorial-validation,pending-swift-6.4-toolchain,"if let nickname {
print(""Hey, \(nickname)"")
}
// Doesn't print anything, because nickname is nil."
4eef8600a9be3d3dbc24e82038ee6fab4b2aa88bf9faee8ec67df6537f0ba8cf,GuidedTour/GuidedTour.xhtml,GuidedTour/GuidedTour.xhtml#Control-Flow,1,swift.conditionals.if-else|swift.loops.for-in|swift.switches.exhaustive,mapped-to-canonical-lessons,pending-editorial-validation,pending-swift-6.4-toolchain,"var total = 0
for i in 0..<4 {
total += i
}
print(total)
// Prints ""6""."
99ba6d8653d3f0b0c6afef6916057ce10bc375d25314a2e6e6d9c9675db1f8ce,GuidedTour/GuidedTour.xhtml,GuidedTour/GuidedTour.xhtml#Control-Flow,1,swift.conditionals.if-else|swift.loops.for-in|swift.switches.exhaustive,mapped-to-canonical-lessons,pending-editorial-validation,pending-swift-6.4-toolchain,"let vegetable = ""red pepper""
switch vegetable {
case ""celery"":
print(""Add some raisins and make ants on a log."")
case ""c"
a88f65ec8d7e06b7dc2937f762853b119b799de3e2c7ff86ad1e809afad1d01b,GuidedTour/GuidedTour.xhtml,GuidedTour/GuidedTour.xhtml#Control-Flow,1,swift.conditionals.if-else|swift.loops.for-in|swift.switches.exhaustive,mapped-to-canonical-lessons,pending-editorial-validation,pending-swift-6.4-toolchain,"let individualScores = [75, 43, 103, 87, 12]
var teamScore = 0
for score in individualScores {
if score > 50 {
teamScore"
ac4b430153d73cc70764e4923a60b0df740b4428c1b510dc539bcb69e68f6ef5,GuidedTour/GuidedTour.xhtml,GuidedTour/GuidedTour.xhtml#Control-Flow,1,swift.conditionals.if-else|swift.loops.for-in|swift.switches.exhaustive,mapped-to-canonical-lessons,pending-editorial-validation,pending-swift-6.4-toolchain,"let nickname: String? = nil
let fullName: String = ""John Appleseed""
let informalGreeting = ""Hi \(nickname ?? fullName)"""
dbeacc820c5358343e84d42fbcbbe1ec9fa3a11e4451ef25efaee54d2351f893,GuidedTour/GuidedTour.xhtml,GuidedTour/GuidedTour.xhtml#Control-Flow,1,swift.conditionals.if-else|swift.loops.for-in|swift.switches.exhaustive,mapped-to-canonical-lessons,pending-editorial-validation,pending-swift-6.4-toolchain,"let scoreDecoration = if teamScore > 10 {
""🎉""
} else {
""""
}
print(""Score:"", teamScore, scoreDecoration)
// Prints ""Score"
f39e9018bab5517562ad0f4fa203ec809162eb288b509ebf94da682eff9a1063,GuidedTour/GuidedTour.xhtml,GuidedTour/GuidedTour.xhtml#Control-Flow,1,swift.conditionals.if-else|swift.loops.for-in|swift.switches.exhaustive,mapped-to-canonical-lessons,pending-editorial-validation,pending-swift-6.4-toolchain,"var n = 2
while n < 100 {
n *= 2
}
print(n)
// Prints ""128"".

var m = 2
repeat {
m *= 2
} while m < 100
print(m)
// Prin"
61c2f0a063b5a9504c139f709ddea20471a7fbbc30a34a5e71111a6e50a780a3,GuidedTour/GuidedTour.xhtml,GuidedTour/GuidedTour.xhtml#Enumerations-and-Structures,1,swift.enums.syntax|swift.types.structure-definition,mapped-to-canonical-lessons,pending-editorial-validation,pending-swift-6.4-toolchain,"enum ServerResponse {
case result(String, String)
case failure(String)
}

let success = ServerResponse.result(""6:00 am"","
6776089a987eded26aebf42b2940e00276be2624c3d796707bd836ab857312e8,GuidedTour/GuidedTour.xhtml,GuidedTour/GuidedTour.xhtml#Enumerations-and-Structures,1,swift.enums.syntax|swift.types.structure-definition,mapped-to-canonical-lessons,pending-editorial-validation,pending-swift-6.4-toolchain,"if let convertedRank = Rank(rawValue: 3) {
let threeDescription = convertedRank.simpleDescription()
}"
86264af1016e4eb1d09a98c23a44a489d35b321f14cb00ef440ff34f992324ba,GuidedTour/GuidedTour.xhtml,GuidedTour/GuidedTour.xhtml#Enumerations-and-Structures,1,swift.enums.syntax|swift.types.structure-definition,mapped-to-canonical-lessons,pending-editorial-validation,pending-swift-6.4-toolchain,"enum Suit {
case spades, hearts, diamonds, clubs

func simpleDescription() -> String {
switch self {
case .spades:
retur"
92cf4adac04257652af5cdadfb2b3ea5526219cb96a472171de850f117e05511,GuidedTour/GuidedTour.xhtml,GuidedTour/GuidedTour.xhtml#Enumerations-and-Structures,1,swift.enums.syntax|swift.types.structure-definition,mapped-to-canonical-lessons,pending-editorial-validation,pending-swift-6.4-toolchain,"enum Rank: Int {
case ace = 1
case two, three, four, five, six, seven, eight, nine, ten
case jack, queen, king

func sim"
dbc83cc2df9f645d8763eb9dda886e80d1d2dbd63d711aadcd126ad7503dad94,GuidedTour/GuidedTour.xhtml,GuidedTour/GuidedTour.xhtml#Enumerations-and-Structures,1,swift.enums.syntax|swift.types.structure-definition,mapped-to-canonical-lessons,pending-editorial-validation,pending-swift-6.4-toolchain,"struct Card {
var rank: Rank
var suit: Suit
func simpleDescription() -> String {
return ""The \(rank.simpleDescription())"
5d5e3691eaedb36ad54490e8bfd4042c3d89895f080ad48f1a602a09a0e38cda,GuidedTour/GuidedTour.xhtml,GuidedTour/GuidedTour.xhtml#Error-Handling,1,swift.errors.do-catch|swift.errors.throw,mapped-to-canonical-lessons,pending-editorial-validation,pending-swift-6.4-toolchain,"func send(job: Int, toPrinter printerName: String) throws -> String {
if printerName == ""Never Has Toner"" {
throw Printe"
5dd2e4e22225d86b470b8ac8590b56fef18931ba6f076b52ca085848daa7d909,GuidedTour/GuidedTour.xhtml,GuidedTour/GuidedTour.xhtml#Error-Handling,1,swift.errors.do-catch|swift.errors.throw,mapped-to-canonical-lessons,pending-editorial-validation,pending-swift-6.4-toolchain,"let printerSuccess = try? send(job: 1884, toPrinter: ""Mergenthaler"")
let printerFailure = try? send(job: 1885, toPrinter"
a8b438825bb955154678fe9c8426fce7e1f22ae7357c497b6aa46c04aef1c390,GuidedTour/GuidedTour.xhtml,GuidedTour/GuidedTour.xhtml#Error-Handling,1,swift.errors.do-catch|swift.errors.throw,mapped-to-canonical-lessons,pending-editorial-validation,pending-swift-6.4-toolchain,"enum PrinterError: Error {
case outOfPaper
case noToner
case onFire
}"
b26bd5b9e416d9db228eae81b8f4a634cb7f02a0488cdf78e376a7b87915f496,GuidedTour/GuidedTour.xhtml,GuidedTour/GuidedTour.xhtml#Error-Handling,1,swift.errors.do-catch|swift.errors.throw,mapped-to-canonical-lessons,pending-editorial-validation,pending-swift-6.4-toolchain,"var fridgeIsOpen = false
let fridgeContent = [""milk"", ""eggs"", ""leftovers""]

func fridgeContains(_ food: String) -> Bool "
c4d7a68c00201c94ac954a740795d39bb24705dfc9179f01f756018625c3fad7,GuidedTour/GuidedTour.xhtml,GuidedTour/GuidedTour.xhtml#Error-Handling,1,swift.errors.do-catch|swift.errors.throw,mapped-to-canonical-lessons,pending-editorial-validation,pending-swift-6.4-toolchain,"do {
let printerResponse = try send(job: 1440, toPrinter: ""Gutenberg"")
print(printerResponse)
} catch PrinterError.onFir"
d4f4ceacd041852e5eb09a72e7c2677465ac467c79724ecc62a5376abbbb0b1d,GuidedTour/GuidedTour.xhtml,GuidedTour/GuidedTour.xhtml#Error-Handling,1,swift.errors.do-catch|swift.errors.throw,mapped-to-canonical-lessons,pending-editorial-validation,pending-swift-6.4-toolchain,"do {
let printerResponse = try send(job: 1040, toPrinter: ""Bi Sheng"")
print(printerResponse)
} catch {
print(error)
}
//"
18e5ea8a531068fd02b86d9b4f7edf5ab1904e94ec5e43f9e310d94367324130,GuidedTour/GuidedTour.xhtml,GuidedTour/GuidedTour.xhtml#Functions-and-Closures,1,swift.closures.expression-syntax|swift.functions.define-call,mapped-to-canonical-lessons,pending-editorial-validation,pending-swift-6.4-toolchain,"let mappedNumbers = numbers.map({ number in 3 * number })
print(mappedNumbers)
// Prints ""[60, 57, 21, 36]""."
196705491f7b3384fad4907554b23f47ef047e3fed4e974cfde889314c4f5851,GuidedTour/GuidedTour.xhtml,GuidedTour/GuidedTour.xhtml#Functions-and-Closures,1,swift.closures.expression-syntax|swift.functions.define-call,mapped-to-canonical-lessons,pending-editorial-validation,pending-swift-6.4-toolchain,"func greet(person: String, day: String) -> String {
return ""Hello \(person), today is \(day).""
}
greet(person: ""Bob"", da"
26b14453453e425272e6e228567f8cd247fd419c93d903e302807d3957f46272,GuidedTour/GuidedTour.xhtml,GuidedTour/GuidedTour.xhtml#Functions-and-Closures,1,swift.closures.expression-syntax|swift.functions.define-call,mapped-to-canonical-lessons,pending-editorial-validation,pending-swift-6.4-toolchain,"func makeIncrementer() -> ((Int) -> Int) {
func addOne(number: Int) -> Int {
return 1 + number
}
return addOne
}
var inc"
63354fcf451c0aac34ffcd23fecdd2dcc817f6c7e34255924dc29dd97716659b,GuidedTour/GuidedTour.xhtml,GuidedTour/GuidedTour.xhtml#Functions-and-Closures,1,swift.closures.expression-syntax|swift.functions.define-call,mapped-to-canonical-lessons,pending-editorial-validation,pending-swift-6.4-toolchain,"func greet(_ person: String, on day: String) -> String {
return ""Hello \(person), today is \(day).""
}
greet(""John"", on: "
714d996fcb9e6a8709923c2015fdd6cd5c9f30250d65a6dfc9e5c02d174b8d5d,GuidedTour/GuidedTour.xhtml,GuidedTour/GuidedTour.xhtml#Functions-and-Closures,1,swift.closures.expression-syntax|swift.functions.define-call,mapped-to-canonical-lessons,pending-editorial-validation,pending-swift-6.4-toolchain,"numbers.map({ (number: Int) -> Int in
let result = 3 * number
return result
})"
7eb057dcdfff08fac9c9bb0d89179a4e48e2ba83d7b5301f6a22e08f8c006ed6,GuidedTour/GuidedTour.xhtml,GuidedTour/GuidedTour.xhtml#Functions-and-Closures,1,swift.closures.expression-syntax|swift.functions.define-call,mapped-to-canonical-lessons,pending-editorial-validation,pending-swift-6.4-toolchain,"let sortedNumbers = numbers.sorted { $0 > $1 }
print(sortedNumbers)
// Prints ""[20, 19, 12, 7]""."
a9e11c21deb20084415635de46555ad9c4da5fd05807648ed8d023f9d3fd66f5,GuidedTour/GuidedTour.xhtml,GuidedTour/GuidedTour.xhtml#Functions-and-Closures,1,swift.closures.expression-syntax|swift.functions.define-call,mapped-to-canonical-lessons,pending-editorial-validation,pending-swift-6.4-toolchain,"func returnFifteen() -> Int {
var y = 10
func add() {
y += 5
}
add()
return y
}
returnFifteen()"
aee2dc9b015ee00612da3d7a0d2cc73b2c6de90cdeaaae1cd480d3291c349ce0,GuidedTour/GuidedTour.xhtml,GuidedTour/GuidedTour.xhtml#Functions-and-Closures,1,swift.closures.expression-syntax|swift.functions.define-call,mapped-to-canonical-lessons,pending-editorial-validation,pending-swift-6.4-toolchain,"func calculateStatistics(scores: [Int]) -> (min: Int, max: Int, sum: Int) {
var min = scores[0]
var max = scores[0]
var "
ed5ffa09d0dbaf213c7351d26bd2453a9d822cd5f96ae996a6424b77300639f4,GuidedTour/GuidedTour.xhtml,GuidedTour/GuidedTour.xhtml#Functions-and-Closures,1,swift.closures.expression-syntax|swift.functions.define-call,mapped-to-canonical-lessons,pending-editorial-validation,pending-swift-6.4-toolchain,"func hasAnyMatches(list: [Int], condition: (Int) -> Bool) -> Bool {
for item in list {
if condition(item) {
return true
"
03b1d8a919ecf10b9b18a5a68b33d88a405ed47e429ba6b182ce22570f31ba3e,GuidedTour/GuidedTour.xhtml,GuidedTour/GuidedTour.xhtml#Generics,1,swift.generics.function,mapped-to-canonical-lessons,pending-editorial-validation,pending-swift-6.4-toolchain,"func anyCommonElements<T: Sequence, U: Sequence>(_ lhs: T, _ rhs: U) -> Bool
where T.Element: Equatable, T.Element == U."
cd9316fc43ec1941ea066de08a281d65efa126c3b301926f673aeeca90db1987,GuidedTour/GuidedTour.xhtml,GuidedTour/GuidedTour.xhtml#Generics,1,swift.generics.function,mapped-to-canonical-lessons,pending-editorial-validation,pending-swift-6.4-toolchain,"// Reimplement the Swift standard library's optional type
enum OptionalValue<Wrapped> {
case none
case some(Wrapped)
}
v"
fd7325db014133989f1496d2ec0d5a9d732e1467b2e7d9680277fa942898572a,GuidedTour/GuidedTour.xhtml,GuidedTour/GuidedTour.xhtml#Generics,1,swift.generics.function,mapped-to-canonical-lessons,pending-editorial-validation,pending-swift-6.4-toolchain,"func makeArray<Item>(repeating item: Item, numberOfTimes: Int) -> [Item] {
var result: [Item] = []
for _ in 0..<numberOf"
369df78d90ad4c12c893128fe118c963b6ab13db2bf6382f3319529e575054a1,GuidedTour/GuidedTour.xhtml,GuidedTour/GuidedTour.xhtml#Objects-and-Classes,1,swift.inheritance.subclass|swift.initialization.basic|swift.types.class-definition,mapped-to-canonical-lessons,pending-editorial-validation,pending-swift-6.4-toolchain,"let optionalSquare: Square? = Square(sideLength: 2.5, name: ""optional square"")
let sideLength = optionalSquare?.sideLeng"
5a0df5f40116b16df8b10f5389dcce70618b71ce6c6f287d5a3c7e02184f4f96,GuidedTour/GuidedTour.xhtml,GuidedTour/GuidedTour.xhtml#Objects-and-Classes,1,swift.inheritance.subclass|swift.initialization.basic|swift.types.class-definition,mapped-to-canonical-lessons,pending-editorial-validation,pending-swift-6.4-toolchain,"class Shape {
var numberOfSides = 0
func simpleDescription() -> String {
return ""A shape with \(numberOfSides) sides.""
}"
9e5e225aa253769bd9fde1eb58da9f4796f94bbdd94afa7d2914a5688b779975,GuidedTour/GuidedTour.xhtml,GuidedTour/GuidedTour.xhtml#Objects-and-Classes,1,swift.inheritance.subclass|swift.initialization.basic|swift.types.class-definition,mapped-to-canonical-lessons,pending-editorial-validation,pending-swift-6.4-toolchain,"class TriangleAndSquare {
var triangle: EquilateralTriangle {
willSet {
square.sideLength = newValue.sideLength
}
}
var "
c0ab900a2e9ff5b2da7298903171b83e2bb6cb46709396368d6c5fd86cd1bbac,GuidedTour/GuidedTour.xhtml,GuidedTour/GuidedTour.xhtml#Objects-and-Classes,1,swift.inheritance.subclass|swift.initialization.basic|swift.types.class-definition,mapped-to-canonical-lessons,pending-editorial-validation,pending-swift-6.4-toolchain,"class Square: NamedShape {
var sideLength: Double

init(sideLength: Double, name: String) {
self.sideLength = sideLength"
ee8becf453830c97a9b10c6121ed966aaf8f69c3b9132cbba64d1a3a108d1388,GuidedTour/GuidedTour.xhtml,GuidedTour/GuidedTour.xhtml#Objects-and-Classes,1,swift.inheritance.subclass|swift.initialization.basic|swift.types.class-definition,mapped-to-canonical-lessons,pending-editorial-validation,pending-swift-6.4-toolchain,"class EquilateralTriangle: NamedShape {
var sideLength: Double = 0.0

init(sideLength: Double, name: String) {
self.side"
f04979eee7761588a44382a457ba7874979b0418bdcee50ec7322b1df0f99e6b,GuidedTour/GuidedTour.xhtml,GuidedTour/GuidedTour.xhtml#Objects-and-Classes,1,swift.inheritance.subclass|swift.initialization.basic|swift.types.class-definition,mapped-to-canonical-lessons,pending-editorial-validation,pending-swift-6.4-toolchain,"class NamedShape {
var numberOfSides: Int = 0
var name: String

init(name: String) {
self.name = name
}

func simpleDesc"
fe33b9b6397ede35a7804246786ed5fcbb6249d588c9a2ed1ab90e7112630206,GuidedTour/GuidedTour.xhtml,GuidedTour/GuidedTour.xhtml#Objects-and-Classes,1,swift.inheritance.subclass|swift.initialization.basic|swift.types.class-definition,mapped-to-canonical-lessons,pending-editorial-validation,pending-swift-6.4-toolchain,"var shape = Shape()
shape.numberOfSides = 7
var shapeDescription = shape.simpleDescription()"
455c3156d1c2fb2fc3fdde83be62da98dae169ef82da0bd9a6f8261a26b9f7b3,GuidedTour/GuidedTour.xhtml,GuidedTour/GuidedTour.xhtml#Protocols-and-Extensions,1,swift.extensions.syntax|swift.protocols.syntax,mapped-to-canonical-lessons,pending-editorial-validation,pending-swift-6.4-toolchain,"let protocolValue: any ExampleProtocol = a
print(protocolValue.simpleDescription)
// Prints ""A very simple class. Now 10"
7612d00965c4e32ff9d078a45b56817bae49f0babfd2b2daf2cd5a877a3126d3,GuidedTour/GuidedTour.xhtml,GuidedTour/GuidedTour.xhtml#Protocols-and-Extensions,1,swift.extensions.syntax|swift.protocols.syntax,mapped-to-canonical-lessons,pending-editorial-validation,pending-swift-6.4-toolchain,"protocol ExampleProtocol {
var simpleDescription: String { get }
mutating func adjust()
}"
89f6213ec04142b0a25f4d94c071a8bf2977af6f971cca99f6197bbe8ae31c2c,GuidedTour/GuidedTour.xhtml,GuidedTour/GuidedTour.xhtml#Protocols-and-Extensions,1,swift.extensions.syntax|swift.protocols.syntax,mapped-to-canonical-lessons,pending-editorial-validation,pending-swift-6.4-toolchain,"extension Int: ExampleProtocol {
var simpleDescription: String {
return ""The number \(self)""
}
mutating func adjust() {
"
92c6a36156f94017b397255d0f0fd3a38d3b97a35bc381c3d47b4220ebbe2c0f,GuidedTour/GuidedTour.xhtml,GuidedTour/GuidedTour.xhtml#Protocols-and-Extensions,1,swift.extensions.syntax|swift.protocols.syntax,mapped-to-canonical-lessons,pending-editorial-validation,pending-swift-6.4-toolchain,"class SimpleClass: ExampleProtocol {
var simpleDescription: String = ""A very simple class.""
var anotherProperty: Int = 6"
01a645ff82afcc79ab2040cbe665ad520caf7f942b5e8f9c01a80c223f00098f,GuidedTour/GuidedTour.xhtml,GuidedTour/GuidedTour.xhtml#Simple-Values,1,swift.bindings.constants|swift.bindings.type-annotations|swift.output.string-interpolation,mapped-to-canonical-lessons,pending-editorial-validation,pending-swift-6.4-toolchain,"let quotation = """"""
Even though there's whitespace to the left,
the actual lines aren't indented.
Except for this line.
"
02df21c2f3a8769c91a1b50c7a785f676b1a7267d987e7148ef0c965001d8f76,GuidedTour/GuidedTour.xhtml,GuidedTour/GuidedTour.xhtml#Simple-Values,1,swift.bindings.constants|swift.bindings.type-annotations|swift.output.string-interpolation,mapped-to-canonical-lessons,pending-editorial-validation,pending-swift-6.4-toolchain,"let label = ""The width is ""
let width = 94
let widthLabel = label + String(width)"
247ab857eddfef2c8149a03d498bc1702ebba8641e5c4739ad2504ea706ca099,GuidedTour/GuidedTour.xhtml,GuidedTour/GuidedTour.xhtml#Simple-Values,1,swift.bindings.constants|swift.bindings.type-annotations|swift.output.string-interpolation,mapped-to-canonical-lessons,pending-editorial-validation,pending-swift-6.4-toolchain,"let implicitInteger = 70
let implicitDouble = 70.0
let explicitDouble: Double = 70"
27675f633c9d6ded46665be292e80980e901d2183b1feb96f9d23c04f883de00,GuidedTour/GuidedTour.xhtml,GuidedTour/GuidedTour.xhtml#Simple-Values,1,swift.bindings.constants|swift.bindings.type-annotations|swift.output.string-interpolation,mapped-to-canonical-lessons,pending-editorial-validation,pending-swift-6.4-toolchain,"fruits = []
occupations = [:]"
2e7b4a5d8536eb70e0e3162554cd7c08c224eb6b7ad82f85ea7b4f4859b08ae2,GuidedTour/GuidedTour.xhtml,GuidedTour/GuidedTour.xhtml#Simple-Values,1,swift.bindings.constants|swift.bindings.type-annotations|swift.output.string-interpolation,mapped-to-canonical-lessons,pending-editorial-validation,pending-swift-6.4-toolchain,"var myVariable = 42
myVariable = 50
let myConstant = 42"
58046abf407f9d9f753f90aaac3cbf81f1f2a781646d92e2dac75f6a1bd1d9df,GuidedTour/GuidedTour.xhtml,GuidedTour/GuidedTour.xhtml#Simple-Values,1,swift.bindings.constants|swift.bindings.type-annotations|swift.output.string-interpolation,mapped-to-canonical-lessons,pending-editorial-validation,pending-swift-6.4-toolchain,"let emptyArray: [String] = []
let emptyDictionary: [String: Float] = [:]"
796adef2c3a5bd3d2ca8bed9ab4f93fc5344969079402c155acc8c179b55c8b3,GuidedTour/GuidedTour.xhtml,GuidedTour/GuidedTour.xhtml#Simple-Values,1,swift.bindings.constants|swift.bindings.type-annotations|swift.output.string-interpolation,mapped-to-canonical-lessons,pending-editorial-validation,pending-swift-6.4-toolchain,"var fruits = [""strawberries"", ""limes"", ""tangerines""]
fruits[1] = ""grapes""

var occupations = [
""Malcolm"": ""Captain"",
""Ka"
b5b8cdf7f24c46427fdff9f199d39d08858e85f0608130c3470096e1fd2835ee,GuidedTour/GuidedTour.xhtml,GuidedTour/GuidedTour.xhtml#Simple-Values,1,swift.bindings.constants|swift.bindings.type-annotations|swift.output.string-interpolation,mapped-to-canonical-lessons,pending-editorial-validation,pending-swift-6.4-toolchain,"fruits.append(""blueberries"")
print(fruits)
// Prints ""[""strawberries"", ""grapes"", ""tangerines"", ""blueberries""]""."
cf8c22e86da3f78de5c91638f4059638242fdcbe8563fe4ffbd4bb71f84cf414,GuidedTour/GuidedTour.xhtml,GuidedTour/GuidedTour.xhtml#Simple-Values,1,swift.bindings.constants|swift.bindings.type-annotations|swift.output.string-interpolation,mapped-to-canonical-lessons,pending-editorial-validation,pending-swift-6.4-toolchain,"let apples = 3
let oranges = 5
let appleSummary = ""I have \(apples) apples.""
let fruitSummary = ""I have \(apples + orang"
9d79e7c638f6be3b8473e8f9bd70f82f113410557922336fb152e2fbd7221ec3,GuidedTour/GuidedTour.xhtml,GuidedTour/GuidedTour.xhtml#a-swift-tour,1,swift.output.string-interpolation,mapped-to-canonical-lessons,pending-editorial-validation,pending-swift-6.4-toolchain,"print(""Hello, world!"")
// Prints ""Hello, world!"""
164a8d213d0409b2d478c750354d83c4e6188596317e496d734fb1cdd48fd88c,LanguageGuide/AccessControl.xhtml,LanguageGuide/AccessControl.xhtml#Access-Control-Syntax,1,swift.access.syntax,mapped-to-canonical-lessons,pending-editorial-validation,pending-swift-6.4-toolchain,struct SomeInternalStruct() {}
a8ca31e13dc0a2d8f56c1ee6cfecf117b2c31a723890d76a39c6d22046ad5c41,LanguageGuide/AccessControl.xhtml,LanguageGuide/AccessControl.xhtml#Access-Control-Syntax,1,swift.access.syntax,mapped-to-canonical-lessons,pending-editorial-validation,pending-swift-6.4-toolchain,"public class SomePublicClass {}
internal struct SomeInternalStruct() {}
private func somePrivateFunction() {}"
c1c5978bbaff1ccd4b322f83e1cbac239d5656be376066af2ed856634b796a18,LanguageGuide/AccessControl.xhtml,LanguageGuide/AccessControl.xhtml#Constants-Variables-Properties-and-Subscripts,1,swift.access.private-set,mapped-to-canonical-lessons,pending-editorial-validation,pending-swift-6.4-toolchain,private var privateInstance = SomePrivateClass()
59e596525c8c7166c6aeee974e0d0af8a56f43702efef26e7738c11d2083d2ea,LanguageGuide/AccessControl.xhtml,LanguageGuide/AccessControl.xhtml#Custom-Types,1,swift.access.custom-type,mapped-to-canonical-lessons,pending-editorial-validation,pending-swift-6.4-toolchain,"public class SomePublicClass { // explicitly public class
public var somePublicProperty = 0 // explicitly public class m"
4bb535e951e7618cb9996ed47a720257310d8d38648d4f0dc848b0eea2b972fd,LanguageGuide/AccessControl.xhtml,LanguageGuide/AccessControl.xhtml#Enumeration-Types,1,swift.access.enum,mapped-to-canonical-lessons,pending-editorial-validation,pending-swift-6.4-toolchain,"public enum CompassPoint {
case north
case south
case east
case west
}"
b42b7e09716ae11dead698e014ae1718e48d89b32f4817caa2b434a7796029ac,LanguageGuide/AccessControl.xhtml,LanguageGuide/AccessControl.xhtml#Function-Types,1,swift.access.function,mapped-to-canonical-lessons,pending-editorial-validation,pending-swift-6.4-toolchain,"func someFunction() -> (SomeInternalClass, SomePrivateClass) {
// function implementation goes here
}"
f846891bc428a24e6a8951f39e8e331da90795e388a681bddc3e340887afaadc,LanguageGuide/AccessControl.xhtml,LanguageGuide/AccessControl.xhtml#Function-Types,1,swift.access.function,mapped-to-canonical-lessons,pending-editorial-validation,pending-swift-6.4-toolchain,"private func someFunction() -> (SomeInternalClass, SomePrivateClass) {
// function implementation goes here
}"
1b4b26f943790d61a60229bcf095ee829b183d5817b1ab96a56e1fa2d15024ee,LanguageGuide/AccessControl.xhtml,LanguageGuide/AccessControl.xhtml#Getters-and-Setters,1,swift.access.private-set,mapped-to-canonical-lessons,pending-editorial-validation,pending-swift-6.4-toolchain,"public struct TrackedString {
public private(set) var numberOfEdits = 0
public var value: String = """" {
didSet {
numberO"
d38e4abc67be890f92df68f7a3226068364ac311defcfcd84277f2a5dd427de7,LanguageGuide/AccessControl.xhtml,LanguageGuide/AccessControl.xhtml#Getters-and-Setters,1,swift.access.private-set,mapped-to-canonical-lessons,pending-editorial-validation,pending-swift-6.4-toolchain,"struct TrackedString {
private(set) var numberOfEdits = 0
var value: String = """" {
didSet {
numberOfEdits += 1
}
}
}"
ec7dcd8a3a986af0338df2e1b3b44d7f0a38a6f6a21200db2d0947594d2b6d2c,LanguageGuide/AccessControl.xhtml,LanguageGuide/AccessControl.xhtml#Getters-and-Setters,1,swift.access.private-set,mapped-to-canonical-lessons,pending-editorial-validation,pending-swift-6.4-toolchain,"var stringToEdit = TrackedString()
stringToEdit.value = ""This string will be tracked.""
stringToEdit.value += "" This edit"
40a58d1e80260568bb77da67f7a7c34d4ea2b020febe664c66fd270bdaccba00,LanguageGuide/AccessControl.xhtml,LanguageGuide/AccessControl.xhtml#Private-Members-in-Extensions,1,swift.access.extension,mapped-to-canonical-lessons,pending-editorial-validation,pending-swift-6.4-toolchain,"protocol SomeProtocol {
func doSomething()
}"
918d4ba94164dc191e73d9f20251fcb4cd598c977876aeb42617593a4cd94ce5,LanguageGuide/AccessControl.xhtml,LanguageGuide/AccessControl.xhtml#Private-Members-in-Extensions,1,swift.access.extension,mapped-to-canonical-lessons,pending-editorial-validation,pending-swift-6.4-toolchain,"struct SomeStruct {
private var privateVariable = 12
}

extension SomeStruct: SomeProtocol {
func doSomething() {
print("
7ef81789eb484cd0e6b15b65076fa22dd1dd619d36173229ec4dbc87ca911ec4,LanguageGuide/AccessControl.xhtml,LanguageGuide/AccessControl.xhtml#Subclassing,1,swift.access.subclass,mapped-to-canonical-lessons,pending-editorial-validation,pending-swift-6.4-toolchain,"public class A {
fileprivate func someMethod() {}
}

internal class B: A {
override internal func someMethod() {}
}"
842d11272725d7ec76f7a8044a4494b597d21c39216e2aaababd7df157ade3d6,LanguageGuide/AccessControl.xhtml,LanguageGuide/AccessControl.xhtml#Subclassing,1,swift.access.subclass,mapped-to-canonical-lessons,pending-editorial-validation,pending-swift-6.4-toolchain,"public class A {
fileprivate func someMethod() {}
}

internal class B: A {
override internal func someMethod() {
super.s"
26b9fc28ff63718e084e8ca8e5b143d65b4a1b442d0d31789581a2edff50e9c9,LanguageGuide/AdvancedOperators.xhtml,LanguageGuide/AdvancedOperators.xhtml#Bitwise-AND-Operator,1,swift.bitwise.and,mapped-to-canonical-lessons,pending-editorial-validation,pending-swift-6.4-toolchain,"let firstSixBits: UInt8 = 0b11111100
let lastSixBits: UInt8 = 0b00111111
let middleFourBits = firstSixBits & lastSixBits"
dfe6e28fcacf3fbc9ad72418c969a632dbaa1fa7843d524419e79dcf315ad922,LanguageGuide/AdvancedOperators.xhtml,LanguageGuide/AdvancedOperators.xhtml#Bitwise-NOT-Operator,1,swift.bitwise.not,mapped-to-canonical-lessons,pending-editorial-validation,pending-swift-6.4-toolchain,"let initialBits: UInt8 = 0b00001111
let invertedBits = ~initialBits // equals 11110000"
acf44e4074aea7c0ac4474ab3ce8b96cf8bb295f25de4d41a52939ad865eef34,LanguageGuide/AdvancedOperators.xhtml,LanguageGuide/AdvancedOperators.xhtml#Bitwise-OR-Operator,1,swift.bitwise.or,mapped-to-canonical-lessons,pending-editorial-validation,pending-swift-6.4-toolchain,"let someBits: UInt8 = 0b10110010
let moreBits: UInt8 = 0b01011110
let combinedbits = someBits | moreBits // equals 11111"
a407eae2b0a3a4d8e4669a418159636f4f17f94e96b3a9a8ad616dc194c2a854,LanguageGuide/AdvancedOperators.xhtml,LanguageGuide/AdvancedOperators.xhtml#Bitwise-XOR-Operator,1,swift.bitwise.xor,mapped-to-canonical-lessons,pending-editorial-validation,pending-swift-6.4-toolchain,"let firstBits: UInt8 = 0b00010100
let otherBits: UInt8 = 0b00000101
let outputBits = firstBits ^ otherBits // equals 000"
b5b6f96a916c60dc33c948282f1bf03033d2db35e71dbc58223bbcf93685465e,LanguageGuide/AdvancedOperators.xhtml,LanguageGuide/AdvancedOperators.xhtml#Compound-Assignment-Operators,1,swift.operators.compound,mapped-to-canonical-lessons,pending-editorial-validation,pending-swift-6.4-toolchain,"var original = Vector2D(x: 1.0, y: 2.0)
let vectorToAdd = Vector2D(x: 3.0, y: 4.0)
original += vectorToAdd
// original n"
e256ad360072b9b0e1da2b039909cc890c3c316841e751c884eace419467b87d,LanguageGuide/AdvancedOperators.xhtml,LanguageGuide/AdvancedOperators.xhtml#Compound-Assignment-Operators,1,swift.operators.compound,mapped-to-canonical-lessons,pending-editorial-validation,pending-swift-6.4-toolchain,"extension Vector2D {
static func += (left: inout Vector2D, right: Vector2D) {
left = left + right
}
}"
9ad4518475f200ee301ff3faa15af608c41b7f3641e05be5c584127a9d9cb80f,LanguageGuide/AdvancedOperators.xhtml,LanguageGuide/AdvancedOperators.xhtml#Custom-Operators,1,swift.operators.custom,mapped-to-canonical-lessons,pending-editorial-validation,pending-swift-6.4-toolchain,prefix operator +++
d2a4cdf8501e4594fd531c132c3d729d185bf8b0bf4ba797e79431edd341b7a1,LanguageGuide/AdvancedOperators.xhtml,LanguageGuide/AdvancedOperators.xhtml#Custom-Operators,1,swift.operators.custom,mapped-to-canonical-lessons,pending-editorial-validation,pending-swift-6.4-toolchain,"extension Vector2D {
static prefix func +++ (vector: inout Vector2D) -> Vector2D {
vector += vector
return vector
}
}

v"
5209472fd22ac8d78221248e1ca9de4bd1a32cd008117205e00a4200c0cdd797,LanguageGuide/AdvancedOperators.xhtml,LanguageGuide/AdvancedOperators.xhtml#Equivalence-Operators,1,swift.operators.equivalence,mapped-to-canonical-lessons,pending-editorial-validation,pending-swift-6.4-toolchain,"extension Vector2D: Equatable {
static func == (left: Vector2D, right: Vector2D) -> Bool {
return (left.x == right.x) &&"
534dd842593f56ce2ce44259f5f5e96373f4f6aa30cad2df24ecc5d1ec866c0b,LanguageGuide/AdvancedOperators.xhtml,LanguageGuide/AdvancedOperators.xhtml#Equivalence-Operators,1,swift.operators.equivalence,mapped-to-canonical-lessons,pending-editorial-validation,pending-swift-6.4-toolchain,"let twoThree = Vector2D(x: 2.0, y: 3.0)
let anotherTwoThree = Vector2D(x: 2.0, y: 3.0)
if twoThree == anotherTwoThree {
"
1580d2b0c1c728fed4792c45cb600523b144dda6bfde74850aea6e93adba5db4,LanguageGuide/AdvancedOperators.xhtml,LanguageGuide/AdvancedOperators.xhtml#Operator-Methods,1,swift.operators.method,mapped-to-canonical-lessons,pending-editorial-validation,pending-swift-6.4-toolchain,"let vector = Vector2D(x: 3.0, y: 1.0)
let anotherVector = Vector2D(x: 2.0, y: 4.0)
let combinedVector = vector + another"
de57542b9168a9b0723e4ef220d29a1099426c464784cdf61dca3ba079dc4664,LanguageGuide/AdvancedOperators.xhtml,LanguageGuide/AdvancedOperators.xhtml#Operator-Methods,1,swift.operators.method,mapped-to-canonical-lessons,pending-editorial-validation,pending-swift-6.4-toolchain,"struct Vector2D {
var x = 0.0, y = 0.0
}

extension Vector2D {
static func + (left: Vector2D, right: Vector2D) -> Vector"
7e52917eae2a1f2097e68fb489bde7800b27a524c3bbe24974c0998957bf3589,LanguageGuide/AdvancedOperators.xhtml,LanguageGuide/AdvancedOperators.xhtml#Overflow-Operators,1,swift.overflow.add,mapped-to-canonical-lessons,pending-editorial-validation,pending-swift-6.4-toolchain,"var potentialOverflow = Int16.max
// potentialOverflow equals 32767, which is the maximum value an Int16 can hold
potent"
5df6087f45df449f418b2e71454457841dd9a9d8e66dd5ffd4bfabc8a5ac239c,LanguageGuide/AdvancedOperators.xhtml,LanguageGuide/AdvancedOperators.xhtml#Precedence-and-Associativity,1,swift.operators.precedence,mapped-to-canonical-lessons,pending-editorial-validation,pending-swift-6.4-toolchain,2 + ((3 % 4) * 5)
692b39471fb90018a80f75170fe87c426dd8af7d39073d59cb3ea845afa2142a,LanguageGuide/AdvancedOperators.xhtml,LanguageGuide/AdvancedOperators.xhtml#Precedence-and-Associativity,1,swift.operators.precedence,mapped-to-canonical-lessons,pending-editorial-validation,pending-swift-6.4-toolchain,2 + (3 * 5)
9a7e3966b4aa0662c37e02c4a56d10a4aec55b08eca2c0ee24b717860be975de,LanguageGuide/AdvancedOperators.xhtml,LanguageGuide/AdvancedOperators.xhtml#Precedence-and-Associativity,1,swift.operators.precedence,mapped-to-canonical-lessons,pending-editorial-validation,pending-swift-6.4-toolchain,"2 + 3 % 4 * 5
// this equals 17"
a2f327c77599104dbb083990d9b3656a5aac700e80317253a32aca0866908f56,LanguageGuide/AdvancedOperators.xhtml,LanguageGuide/AdvancedOperators.xhtml#Precedence-and-Associativity,1,swift.operators.precedence,mapped-to-canonical-lessons,pending-editorial-validation,pending-swift-6.4-toolchain,2 + 15
b9e5e56df46bcc7d6886c7ccc727a21813ca43cd563a9d27d3ade6c6ee241fe9,LanguageGuide/AdvancedOperators.xhtml,LanguageGuide/AdvancedOperators.xhtml#Precedence-for-Custom-Infix-Operators,1,swift.operators.precedence-group,mapped-to-canonical-lessons,pending-editorial-validation,pending-swift-6.4-toolchain,"infix operator +-: AdditionPrecedence
extension Vector2D {
static func +- (left: Vector2D, right: Vector2D) -> Vector2D "
92d327c1ef26b5d643927342a285bb9adc2c76a91437f12fa172c2ff209ead20,LanguageGuide/AdvancedOperators.xhtml,LanguageGuide/AdvancedOperators.xhtml#Prefix-and-Postfix-Operators,1,swift.operators.prefix,mapped-to-canonical-lessons,pending-editorial-validation,pending-swift-6.4-toolchain,"extension Vector2D {
static prefix func - (vector: Vector2D) -> Vector2D {
return Vector2D(x: -vector.x, y: -vector.y)
}"
ee12b56650e28be1a008213e31d62496544cc1d14bda9eda3c0a89e8012bd80a,LanguageGuide/AdvancedOperators.xhtml,LanguageGuide/AdvancedOperators.xhtml#Prefix-and-Postfix-Operators,1,swift.operators.prefix,mapped-to-canonical-lessons,pending-editorial-validation,pending-swift-6.4-toolchain,"let positive = Vector2D(x: 3.0, y: 4.0)
let negative = -positive
// negative is a Vector2D instance with values of (-3.0"
00321bf32c392ab2ea2ce22ebe80647bc8df7cad2644cb729b726c5dd44c866f,LanguageGuide/AdvancedOperators.xhtml,LanguageGuide/AdvancedOperators.xhtml#Result-Builders,1,swift.builders.attribute|swift.builders.build-block|swift.builders.parameter,mapped-to-canonical-lessons,pending-editorial-validation,pending-swift-6.4-toolchain,"let name: String? = ""Ravi Patel""
let manualDrawing = Line(elements: [
Stars(length: 3),
Text(""Hello""),
Space(),
AllCaps("
0627d87bbd11a4b1de71c176a1c018ced6be8c34ff34d227197d13012e730e2f,LanguageGuide/AdvancedOperators.xhtml,LanguageGuide/AdvancedOperators.xhtml#Result-Builders,1,swift.builders.attribute|swift.builders.build-block|swift.builders.parameter,mapped-to-canonical-lessons,pending-editorial-validation,pending-swift-6.4-toolchain,"protocol Drawable {
func draw() -> String
}
struct Line: Drawable {
var elements: [Drawable]
func draw() -> String {
ret"
25085a2b72f5e9b19a9b27f56280295406f5923ba21d2ad71364f1f04b84a951,LanguageGuide/AdvancedOperators.xhtml,LanguageGuide/AdvancedOperators.xhtml#Result-Builders,1,swift.builders.attribute|swift.builders.build-block|swift.builders.parameter,mapped-to-canonical-lessons,pending-editorial-validation,pending-swift-6.4-toolchain,"func draw(@DrawingBuilder content: () -> Drawable) -> Drawable {
return content()
}
func caps(@DrawingBuilder content: ("
506c6ff5e36cf69130f37ece6e4d12692839f7deef72d5f94a6035633636c7cf,LanguageGuide/AdvancedOperators.xhtml,LanguageGuide/AdvancedOperators.xhtml#Result-Builders,1,swift.builders.attribute|swift.builders.build-block|swift.builders.parameter,mapped-to-canonical-lessons,pending-editorial-validation,pending-swift-6.4-toolchain,"extension DrawingBuilder {
static func buildArray(_ components: [Drawable]) -> Drawable {
return Line(elements: componen"
8c67738817e2be56f88cd9ee462a3d36d0e4730475d1431729f0477a1ae99f0d,LanguageGuide/AdvancedOperators.xhtml,LanguageGuide/AdvancedOperators.xhtml#Result-Builders,1,swift.builders.attribute|swift.builders.build-block|swift.builders.parameter,mapped-to-canonical-lessons,pending-editorial-validation,pending-swift-6.4-toolchain,"let capsDrawing = caps {
let partialDrawing: Drawable
if let name = name {
let text = Text(name + ""!"")
partialDrawing = "
8f6480634114191d01e9696e3eb8ff6ca53939cfabfda92af4772505235b7763,LanguageGuide/AdvancedOperators.xhtml,LanguageGuide/AdvancedOperators.xhtml#Result-Builders,1,swift.builders.attribute|swift.builders.build-block|swift.builders.parameter,mapped-to-canonical-lessons,pending-editorial-validation,pending-swift-6.4-toolchain,"@resultBuilder
struct DrawingBuilder {
static func buildBlock(_ components: Drawable...) -> Drawable {
return Line(eleme"
0fb93def222f87973594e49caaf8fd36f53526b093387ed091e8c7dd603a842b,LanguageGuide/AdvancedOperators.xhtml,LanguageGuide/AdvancedOperators.xhtml#Shifting-Behavior-for-Unsigned-Integers,1,swift.bitwise.shift-left,mapped-to-canonical-lessons,pending-editorial-validation,pending-swift-6.4-toolchain,"let shiftBits: UInt8 = 4 // 00000100 in binary
shiftBits << 1 // 00001000
shiftBits << 2 // 00010000
shiftBits << 5 // 1"
144fe9c066bda474727a681cec375abe784797eb587d8ef6214135ce423a5d0d,LanguageGuide/AdvancedOperators.xhtml,LanguageGuide/AdvancedOperators.xhtml#Shifting-Behavior-for-Unsigned-Integers,1,swift.bitwise.shift-left,mapped-to-canonical-lessons,pending-editorial-validation,pending-swift-6.4-toolchain,"let pink: UInt32 = 0xCC6699
let redComponent = (pink & 0xFF0000) >> 16 // redComponent is 0xCC, or 204
let greenComponen"
77c705a209d088dfe7ea2a9d6bad56e6f92f1aa5e0e11753af2db17b0e10c690,LanguageGuide/AdvancedOperators.xhtml,LanguageGuide/AdvancedOperators.xhtml#Value-Overflow,1,swift.overflow.add,mapped-to-canonical-lessons,pending-editorial-validation,pending-swift-6.4-toolchain,"var unsignedOverflow = UInt8.min
// unsignedOverflow equals 0, which is the minimum value a UInt8 can hold
unsignedOverf"
a865adf4132315785f3063dd10d967f7524a4631d558cba500d75deefc98426a,LanguageGuide/AdvancedOperators.xhtml,LanguageGuide/AdvancedOperators.xhtml#Value-Overflow,1,swift.overflow.add,mapped-to-canonical-lessons,pending-editorial-validation,pending-swift-6.4-toolchain,"var signedOverflow = Int8.min
// signedOverflow equals -128, which is the minimum value an Int8 can hold
signedOverflow "
ac134c6aab7086d4f44520f53f5e908fd8dca1e86404138cb20e58f746e9d60b,LanguageGuide/AdvancedOperators.xhtml,LanguageGuide/AdvancedOperators.xhtml#Value-Overflow,1,swift.overflow.add,mapped-to-canonical-lessons,pending-editorial-validation,pending-swift-6.4-toolchain,"var unsignedOverflow = UInt8.max
// unsignedOverflow equals 255, which is the maximum value a UInt8 can hold
unsignedOve"
52879519acfb7f2f84bc1011814b18d39c91a2e0ffcb68a045521b06292cb30a,LanguageGuide/AutomaticReferenceCounting.xhtml,LanguageGuide/AutomaticReferenceCounting.xhtml#ARC-in-Action,1,swift.arc.action,mapped-to-canonical-lessons,pending-editorial-validation,pending-swift-6.4-toolchain,"reference3 = nil
// Prints ""John Appleseed is being deinitialized""."
9b754e7a2d3eb3e3ea94d439f03aca4891a70371a20b29b3f9c4eed1af287a02,LanguageGuide/AutomaticReferenceCounting.xhtml,LanguageGuide/AutomaticReferenceCounting.xhtml#ARC-in-Action,1,swift.arc.action,mapped-to-canonical-lessons,pending-editorial-validation,pending-swift-6.4-toolchain,"reference1 = nil
reference2 = nil"
9de43e81146fde902157535d27c71260d2d7907f5232a1c42248374abf47b673,LanguageGuide/AutomaticReferenceCounting.xhtml,LanguageGuide/AutomaticReferenceCounting.xhtml#ARC-in-Action,1,swift.arc.action,mapped-to-canonical-lessons,pending-editorial-validation,pending-swift-6.4-toolchain,"reference1 = Person(name: ""John Appleseed"")
// Prints ""John Appleseed is being initialized""."
afe048a014f0aba39ecce53ccca5a259ce5262a8f6f3cf574b746d9e7a715e7d,LanguageGuide/AutomaticReferenceCounting.xhtml,LanguageGuide/AutomaticReferenceCounting.xhtml#ARC-in-Action,1,swift.arc.action,mapped-to-canonical-lessons,pending-editorial-validation,pending-swift-6.4-toolchain,"class Person {
let name: String
init(name: String) {
self.name = name
print(""\(name) is being initialized"")
}
deinit {
p"
b33d223ff8ee23922a42bc62ff107804ddec448291696319e7f8b80d79d630a7,LanguageGuide/AutomaticReferenceCounting.xhtml,LanguageGuide/AutomaticReferenceCounting.xhtml#ARC-in-Action,1,swift.arc.action,mapped-to-canonical-lessons,pending-editorial-validation,pending-swift-6.4-toolchain,"var reference1: Person?
var reference2: Person?
var reference3: Person?"
c53524ae0fa20d68fc7e7ae669409e71e29bc7d5836a883bc268ab786cc2f572,LanguageGuide/AutomaticReferenceCounting.xhtml,LanguageGuide/AutomaticReferenceCounting.xhtml#ARC-in-Action,1,swift.arc.action,mapped-to-canonical-lessons,pending-editorial-validation,pending-swift-6.4-toolchain,"reference2 = reference1
reference3 = reference1"
04b396b146370eaf44b23630fe833d5462424eebb9c8a55c87f766d592dde607,LanguageGuide/AutomaticReferenceCounting.xhtml,LanguageGuide/AutomaticReferenceCounting.xhtml#Defining-a-Capture-List,1,swift.arc.capture-list,mapped-to-canonical-lessons,pending-editorial-validation,pending-swift-6.4-toolchain,"lazy var someClosure = {
[unowned self, weak delegate = self.delegate]
(index: Int, stringToProcess: String) -> String i"
c86f012bf8b9022dcb90f3a29d159f4d81adf363bf05a05a57006fb659a4da7d,LanguageGuide/AutomaticReferenceCounting.xhtml,LanguageGuide/AutomaticReferenceCounting.xhtml#Defining-a-Capture-List,1,swift.arc.capture-list,mapped-to-canonical-lessons,pending-editorial-validation,pending-swift-6.4-toolchain,"lazy var someClosure = {
[unowned self, weak delegate = self.delegate] in
// closure body goes here
}"
2487365229da33a0b222f666e7e02097fa78e9a354f3ad3119b64cea0e738be1,LanguageGuide/AutomaticReferenceCounting.xhtml,LanguageGuide/AutomaticReferenceCounting.xhtml#Strong-Reference-Cycles-Between-Class-Instances,1,swift.arc.strong-cycle,mapped-to-canonical-lessons,pending-editorial-validation,pending-swift-6.4-toolchain,"john = Person(name: ""John Appleseed"")
unit4A = Apartment(unit: ""4A"")"
30ff398d50693d46cea2362cc9b33b0b7e650bb627fbecdf0aeb291f51e74c17,LanguageGuide/AutomaticReferenceCounting.xhtml,LanguageGuide/AutomaticReferenceCounting.xhtml#Strong-Reference-Cycles-Between-Class-Instances,1,swift.arc.strong-cycle,mapped-to-canonical-lessons,pending-editorial-validation,pending-swift-6.4-toolchain,"john!.apartment = unit4A
unit4A!.tenant = john"
36c68658c26bb438d051f620fb3710632f10170bb2b806f43d959999a3e33c2d,LanguageGuide/AutomaticReferenceCounting.xhtml,LanguageGuide/AutomaticReferenceCounting.xhtml#Strong-Reference-Cycles-Between-Class-Instances,1,swift.arc.strong-cycle,mapped-to-canonical-lessons,pending-editorial-validation,pending-swift-6.4-toolchain,"class Person {
let name: String
init(name: String) { self.name = name }
var apartment: Apartment?
deinit { print(""\(name"
4cedeee6b486c82ac00623aec42f180665409ac2163746c6ff60b2db6057334f,LanguageGuide/AutomaticReferenceCounting.xhtml,LanguageGuide/AutomaticReferenceCounting.xhtml#Strong-Reference-Cycles-Between-Class-Instances,1,swift.arc.strong-cycle,mapped-to-canonical-lessons,pending-editorial-validation,pending-swift-6.4-toolchain,"var john: Person?
var unit4A: Apartment?"
64d38868f218218941e129807d46ccab79ad64b1c5b166d830b3bf352b8fd0fd,LanguageGuide/AutomaticReferenceCounting.xhtml,LanguageGuide/AutomaticReferenceCounting.xhtml#Strong-Reference-Cycles-Between-Class-Instances,1,swift.arc.strong-cycle,mapped-to-canonical-lessons,pending-editorial-validation,pending-swift-6.4-toolchain,"john = nil
unit4A = nil"
30c9131b614e059d5c9cbf59ee7f540a1090e2b62a81ad4d8184eae9744b5606,LanguageGuide/AutomaticReferenceCounting.xhtml,LanguageGuide/AutomaticReferenceCounting.xhtml#Strong-Reference-Cycles-for-Closures,1,swift.arc.closure-cycle,mapped-to-canonical-lessons,pending-editorial-validation,pending-swift-6.4-toolchain,"let heading = HTMLElement(name: ""h1"")
let defaultText = ""some default text""
heading.asHTML = {
return ""<\(heading.name)>"
476fc8e8da1284e2210e139d7c3055512941a99944d1c3b6961c3e61f4288b29,LanguageGuide/AutomaticReferenceCounting.xhtml,LanguageGuide/AutomaticReferenceCounting.xhtml#Strong-Reference-Cycles-for-Closures,1,swift.arc.closure-cycle,mapped-to-canonical-lessons,pending-editorial-validation,pending-swift-6.4-toolchain,paragraph = nil
b2cf0ecf76929a7373f7b75cedf4472dc0e06b17dd9b14f70931679344e137bb,LanguageGuide/AutomaticReferenceCounting.xhtml,LanguageGuide/AutomaticReferenceCounting.xhtml#Strong-Reference-Cycles-for-Closures,1,swift.arc.closure-cycle,mapped-to-canonical-lessons,pending-editorial-validation,pending-swift-6.4-toolchain,"class HTMLElement {
let name: String
let text: String?

lazy var asHTML: () -> String = {
if let text = self.text {
retu"
e9cd76a51c45aeb59de2410fb615707a501ea2f02999b2fd062be181d927c56f,LanguageGuide/AutomaticReferenceCounting.xhtml,LanguageGuide/AutomaticReferenceCounting.xhtml#Strong-Reference-Cycles-for-Closures|LanguageGuide/AutomaticReferenceCounting.xhtml#Weak-and-Unowned-References,2,swift.arc.closure-cycle|swift.arc.weak-vs-unowned,mapped-to-canonical-lessons,pending-editorial-validation,pending-swift-6.4-toolchain,"var paragraph: HTMLElement? = HTMLElement(name: ""p"", text: ""hello, world"")
print(paragraph!.asHTML())
// Prints ""<p>hell"
61b18fec5ddc63f65910ce6b0f56743bebdc2ad00103e7548382131e330a310b,LanguageGuide/AutomaticReferenceCounting.xhtml,LanguageGuide/AutomaticReferenceCounting.xhtml#Unowned-Optional-References,1,swift.arc.unowned-optional,mapped-to-canonical-lessons,pending-editorial-validation,pending-swift-6.4-toolchain,"let department = Department(name: ""Horticulture"")

let intro = Course(name: ""Survey of Plants"", in: department)
let inte"
b3a2bef4dc8e8d5c66a67d93af1ab34203a70c32fe068ef5d237119cce5c4161,LanguageGuide/AutomaticReferenceCounting.xhtml,LanguageGuide/AutomaticReferenceCounting.xhtml#Unowned-Optional-References,1,swift.arc.unowned-optional,mapped-to-canonical-lessons,pending-editorial-validation,pending-swift-6.4-toolchain,"class Department {
var name: String
var courses: [Course]
init(name: String) {
self.name = name
self.courses = []
}
}

c"
114977c6f5b742dd0cffc4ea073b988e6abb1d1afdf92269fd130347299de881,LanguageGuide/AutomaticReferenceCounting.xhtml,LanguageGuide/AutomaticReferenceCounting.xhtml#Unowned-References,1,swift.arc.unowned,mapped-to-canonical-lessons,pending-editorial-validation,pending-swift-6.4-toolchain,"john = Customer(name: ""John Appleseed"")
john!.card = CreditCard(number: 1234_5678_9012_3456, customer: john!)"
2c596ec0d9ff8897403433132f09e78730f5bb709fdcfa6b2a1b4025f68fdd3f,LanguageGuide/AutomaticReferenceCounting.xhtml,LanguageGuide/AutomaticReferenceCounting.xhtml#Unowned-References,1,swift.arc.unowned,mapped-to-canonical-lessons,pending-editorial-validation,pending-swift-6.4-toolchain,"class Customer {
let name: String
var card: CreditCard?
init(name: String) {
self.name = name
}
deinit { print(""\(name) "
55bcd8595b537417fc8863066ee0e20518593f6069096386f348fd6a74aa67fe,LanguageGuide/AutomaticReferenceCounting.xhtml,LanguageGuide/AutomaticReferenceCounting.xhtml#Unowned-References,1,swift.arc.unowned,mapped-to-canonical-lessons,pending-editorial-validation,pending-swift-6.4-toolchain,"john = nil
// Prints ""John Appleseed is being deinitialized"".
// Prints ""Card #1234567890123456 is being deinitialized""."
7bf580c65b8b48b36a79bf89142d67c635424570539b369c29dccd9182b0c346,LanguageGuide/AutomaticReferenceCounting.xhtml,LanguageGuide/AutomaticReferenceCounting.xhtml#Unowned-References,1,swift.arc.unowned,mapped-to-canonical-lessons,pending-editorial-validation,pending-swift-6.4-toolchain,var john: Customer?
07a8af131fef07e56ac85efc560ace2724be7dec292191abfe386e5eed934cb0,LanguageGuide/AutomaticReferenceCounting.xhtml,LanguageGuide/AutomaticReferenceCounting.xhtml#Unowned-References-and-Implicitly-Unwrapped-Optional-Properties,1,swift.arc.unowned-iuo,mapped-to-canonical-lessons,pending-editorial-validation,pending-swift-6.4-toolchain,"var country = Country(name: ""Canada"", capitalName: ""Ottawa"")
print(""\(country.name)'s capital city is called \(country.c"
253dcf41fe98fcb04134bd9b6533de7f946f9ec62d0badb4f1cf013ef7028d19,LanguageGuide/AutomaticReferenceCounting.xhtml,LanguageGuide/AutomaticReferenceCounting.xhtml#Unowned-References-and-Implicitly-Unwrapped-Optional-Properties,1,swift.arc.unowned-iuo,mapped-to-canonical-lessons,pending-editorial-validation,pending-swift-6.4-toolchain,"class Country {
let name: String
var capitalCity: City!
init(name: String, capitalName: String) {
self.name = name
self."
074971617c52f0cc91611bf1e2179363667e579b736619c17cfd8b3bf339a239,LanguageGuide/AutomaticReferenceCounting.xhtml,LanguageGuide/AutomaticReferenceCounting.xhtml#Weak-References,1,swift.arc.weak,mapped-to-canonical-lessons,pending-editorial-validation,pending-swift-6.4-toolchain,"var john: Person?
var unit4A: Apartment?

john = Person(name: ""John Appleseed"")
unit4A = Apartment(unit: ""4A"")

john!.ap"
8bee962d7e405746e0f6bd07b3603cfef00883e132f09618c5ae83131c79918e,LanguageGuide/AutomaticReferenceCounting.xhtml,LanguageGuide/AutomaticReferenceCounting.xhtml#Weak-References,1,swift.arc.weak,mapped-to-canonical-lessons,pending-editorial-validation,pending-swift-6.4-toolchain,"class Person {
let name: String
init(name: String) { self.name = name }
var apartment: Apartment?
deinit { print(""\(name"
96fe7855fa313032468d34f945219c75e60f832366d7d7bfd6ffdcf7235793b1,LanguageGuide/AutomaticReferenceCounting.xhtml,LanguageGuide/AutomaticReferenceCounting.xhtml#Weak-References,1,swift.arc.weak,mapped-to-canonical-lessons,pending-editorial-validation,pending-swift-6.4-toolchain,"unit4A = nil
// Prints ""Apartment 4A is being deinitialized""."
f1460540b0825acf916c1cbb4934a04b8060ac7bbccec7173314d4873b3e6716,LanguageGuide/AutomaticReferenceCounting.xhtml,LanguageGuide/AutomaticReferenceCounting.xhtml#Weak-References,1,swift.arc.weak,mapped-to-canonical-lessons,pending-editorial-validation,pending-swift-6.4-toolchain,"john = nil
// Prints ""John Appleseed is being deinitialized""."
55d1dbf5a1c1599019dee61834010a0b209a93fa317ebd1c36793cd7f5ce13c8,LanguageGuide/AutomaticReferenceCounting.xhtml,LanguageGuide/AutomaticReferenceCounting.xhtml#Weak-and-Unowned-References,1,swift.arc.weak-vs-unowned,mapped-to-canonical-lessons,pending-editorial-validation,pending-swift-6.4-toolchain,"class HTMLElement {
let name: String
let text: String?

lazy var asHTML: () -> String = {
[unowned self] in
if let text "
672081f39b4f5858f9dff774ec770b5942012b1a9a74e5c277812d1b34d3eb99,LanguageGuide/AutomaticReferenceCounting.xhtml,LanguageGuide/AutomaticReferenceCounting.xhtml#Weak-and-Unowned-References,1,swift.arc.weak-vs-unowned,mapped-to-canonical-lessons,pending-editorial-validation,pending-swift-6.4-toolchain,"paragraph = nil
// Prints ""p is being deinitialized""."
05fad26d7f9e8d21efa0f95e0b35371cb67a2f8faeb9051f162b261fc4bbd8ba,LanguageGuide/BasicOperators.xhtml,LanguageGuide/BasicOperators.xhtml#Arithmetic-Operators,1,swift.operators.arithmetic|swift.operators.string-concatenation,mapped-to-canonical-lessons,pending-editorial-validation,pending-swift-6.4-toolchain,"""hello, "" + ""world"" // equals ""hello, world"""
dfa837d475477a117ce92705bb2d6fd4d1e8d9637c9e6b13736bea1930a85aad,LanguageGuide/BasicOperators.xhtml,LanguageGuide/BasicOperators.xhtml#Arithmetic-Operators,1,swift.operators.arithmetic|swift.operators.string-concatenation,mapped-to-canonical-lessons,pending-editorial-validation,pending-swift-6.4-toolchain,"1 + 2 // equals 3
5 - 3 // equals 2
2 * 3 // equals 6
10.0 / 2.5 // equals 4.0"
0bf5830e9c1c0440be6c45ca877030524261feb45711369f82e86bb12fc0870a,LanguageGuide/BasicOperators.xhtml,LanguageGuide/BasicOperators.xhtml#Assignment-Operator,1,swift.operators.assignment|swift.operators.assignment-no-value,mapped-to-canonical-lessons,pending-editorial-validation,pending-swift-6.4-toolchain,"let b = 10
var a = 5
a = b
// a is now equal to 10"
273c8df01c93894c9cb6ca1eb313c169a3c721f4ecebc8e754ad9cba6db76fca,LanguageGuide/BasicOperators.xhtml,LanguageGuide/BasicOperators.xhtml#Assignment-Operator,1,swift.operators.assignment|swift.operators.assignment-no-value,mapped-to-canonical-lessons,pending-editorial-validation,pending-swift-6.4-toolchain,"if x = y {
// This isn't valid, because x = y doesn't return a value.
}"
ddfac260faa65c6fd619de990dfe2f636ad3da34d5cebc20f8e5d1307abab63e,LanguageGuide/BasicOperators.xhtml,LanguageGuide/BasicOperators.xhtml#Assignment-Operator,1,swift.operators.assignment|swift.operators.assignment-no-value,mapped-to-canonical-lessons,pending-editorial-validation,pending-swift-6.4-toolchain,"let (x, y) = (1, 2)
// x is equal to 1, and y is equal to 2"
5bbaf4a6021b7406c7d8d92f87a23ebd37211b73f13d06d03ab3ea706efa3a1c,LanguageGuide/BasicOperators.xhtml|LanguageGuide/ControlFlow.xhtml,LanguageGuide/BasicOperators.xhtml#Closed-Range-Operator|LanguageGuide/ControlFlow.xhtml#For-In-Loops,2,swift.loops.dictionary-pairs|swift.loops.for-in|swift.loops.ignore-value|swift.loops.stride-through|swift.loops.stride-to|swift.ranges.closed,mapped-to-canonical-lessons,pending-editorial-validation,pending-swift-6.4-toolchain,"for index in 1...5 {
print(""\(index) times 5 is \(index * 5)"")
}
// 1 times 5 is 5
// 2 times 5 is 10
// 3 times 5 is 15"
da1548caae5599750612d53c6c21ac3874ae518ddac570e50136a0c6082bf05c,LanguageGuide/BasicOperators.xhtml,LanguageGuide/BasicOperators.xhtml#Combining-Logical-Operators,1,swift.logic.combined,mapped-to-canonical-lessons,pending-editorial-validation,pending-swift-6.4-toolchain,"if enteredDoorCode && passedRetinaScan || hasDoorKey || knowsOverridePassword {
print(""Welcome!"")
} else {
print(""ACCESS"
426ac9aafcb5a0c2f14d8534c1f8dcb41ba2b542fb06a75a568b314c81f21939,LanguageGuide/BasicOperators.xhtml,LanguageGuide/BasicOperators.xhtml#Comparison-Operators,1,swift.comparisons.tuple-elements|swift.comparisons.tuple-order|swift.comparisons.values,mapped-to-canonical-lessons,pending-editorial-validation,pending-swift-6.4-toolchain,"1 == 1 // true because 1 is equal to 1
2 != 1 // true because 2 isn't equal to 1
2 > 1 // true because 2 is greater than"
55d5a4ad68421a0c65cd194ffcd3cbc9307b6d97c863305e612caf3d00518077,LanguageGuide/BasicOperators.xhtml,LanguageGuide/BasicOperators.xhtml#Comparison-Operators,1,swift.comparisons.tuple-elements|swift.comparisons.tuple-order|swift.comparisons.values,mapped-to-canonical-lessons,pending-editorial-validation,pending-swift-6.4-toolchain,"(""blue"", -1) < (""purple"", 1) // OK: Evaluates to true.
(""blue"", false) < (""purple"", true) // Error: Can't use < to compa"
69c3a9c6fa389c01f397c493788cd9fe76871df6f6c260e626b603d1e8335c0c,LanguageGuide/BasicOperators.xhtml,LanguageGuide/BasicOperators.xhtml#Comparison-Operators,1,swift.comparisons.tuple-elements|swift.comparisons.tuple-order|swift.comparisons.values,mapped-to-canonical-lessons,pending-editorial-validation,pending-swift-6.4-toolchain,"(1, ""zebra"") < (2, ""apple"") // true because 1 is less than 2; ""zebra"" and ""apple"" aren't compared
(3, ""apple"") < (3, ""bi"
6b418df89085a1dee4c68617b3e80718718c48f97fa4099f86e0a46afb51ce5a,LanguageGuide/BasicOperators.xhtml,LanguageGuide/BasicOperators.xhtml#Comparison-Operators,1,swift.comparisons.tuple-elements|swift.comparisons.tuple-order|swift.comparisons.values,mapped-to-canonical-lessons,pending-editorial-validation,pending-swift-6.4-toolchain,"let name = ""world""
if name == ""world"" {
print(""hello, world"")
} else {
print(""I'm sorry \(name), but I don't recognize y"
cdb6780f660519281ac199e1aeecaf112a8d40459d12f9399f05779d8c1dd3a6,LanguageGuide/BasicOperators.xhtml,LanguageGuide/BasicOperators.xhtml#Compound-Assignment-Operators,1,swift.operators.compound-assignment,mapped-to-canonical-lessons,pending-editorial-validation,pending-swift-6.4-toolchain,"var a = 1
a += 2
// a is now equal to 3"
fc7ca3dbc79e03987b45b2f19a3385412a03df9e380e25867f1b91e5c50a09d0,LanguageGuide/BasicOperators.xhtml,LanguageGuide/BasicOperators.xhtml#Explicit-Parentheses,1,swift.logic.parentheses,mapped-to-canonical-lessons,pending-editorial-validation,pending-swift-6.4-toolchain,"if (enteredDoorCode && passedRetinaScan) || hasDoorKey || knowsOverridePassword {
print(""Welcome!"")
} else {
print(""ACCE"
b4e4ec6d8540bb76b696d3d4673e4e149f94278b3343e1c828b1d3c4bd3747e1,LanguageGuide/BasicOperators.xhtml,LanguageGuide/BasicOperators.xhtml#Half-Open-Range-Operator,1,swift.ranges.half-open,mapped-to-canonical-lessons,pending-editorial-validation,pending-swift-6.4-toolchain,"let names = [""Anna"", ""Alex"", ""Brian"", ""Jack""]
let count = names.count
for i in 0..<count {
print(""Person \(i + 1) is cal"
b0f98b217ab68d41a0334b5cff2620845d226ad31a9a1366bf0fe9f0853e2366,LanguageGuide/BasicOperators.xhtml,LanguageGuide/BasicOperators.xhtml#Logical-AND-Operator,1,swift.logic.and,mapped-to-canonical-lessons,pending-editorial-validation,pending-swift-6.4-toolchain,"let enteredDoorCode = true
let passedRetinaScan = false
if enteredDoorCode && passedRetinaScan {
print(""Welcome!"")
} els"
58a3cead42b4f692fb625b136d41da9eadee37fb5443b41acc6aa95100a2769b,LanguageGuide/BasicOperators.xhtml,LanguageGuide/BasicOperators.xhtml#Logical-NOT-Operator,1,swift.logic.not,mapped-to-canonical-lessons,pending-editorial-validation,pending-swift-6.4-toolchain,"let allowedEntry = false
if !allowedEntry {
print(""ACCESS DENIED"")
}
// Prints ""ACCESS DENIED""."
0d876df38343c05ed92ce501263ee27aed37a7d0ba521d93e00c7b6ea486c241,LanguageGuide/BasicOperators.xhtml,LanguageGuide/BasicOperators.xhtml#Logical-OR-Operator,1,swift.logic.or,mapped-to-canonical-lessons,pending-editorial-validation,pending-swift-6.4-toolchain,"let hasDoorKey = false
let knowsOverridePassword = true
if hasDoorKey || knowsOverridePassword {
print(""Welcome!"")
} els"
05c554265e6196366aee17f08aa8ce65af5c3e86de9a562eca71785c7effcf7d,LanguageGuide/BasicOperators.xhtml,LanguageGuide/BasicOperators.xhtml#Nil-Coalescing-Operator,1,swift.optionals.nil-coalescing|swift.optionals.nil-coalescing-short-circuit,mapped-to-canonical-lessons,pending-editorial-validation,pending-swift-6.4-toolchain,a != nil ? a! : b
06530e28cc705c9dc7af22715e86496e3d7d6e8f118f3396c6ea8ff9760edf99,LanguageGuide/BasicOperators.xhtml,LanguageGuide/BasicOperators.xhtml#Nil-Coalescing-Operator,1,swift.optionals.nil-coalescing|swift.optionals.nil-coalescing-short-circuit,mapped-to-canonical-lessons,pending-editorial-validation,pending-swift-6.4-toolchain,"userDefinedColorName = ""green""
colorNameToUse = userDefinedColorName ?? defaultColorName
// userDefinedColorName isn't n"
568a95318bc33eb1efd66039beebccbfc26c1e7cdb13e9ed074e9f4d264886d3,LanguageGuide/BasicOperators.xhtml,LanguageGuide/BasicOperators.xhtml#Nil-Coalescing-Operator,1,swift.optionals.nil-coalescing|swift.optionals.nil-coalescing-short-circuit,mapped-to-canonical-lessons,pending-editorial-validation,pending-swift-6.4-toolchain,"let defaultColorName = ""red""
var userDefinedColorName: String? // defaults to nil

var colorNameToUse = userDefinedColor"
59b9af2fbfeddedf3c4173270a08ed492e8c7ebbf80d248cf02dcf6770d705ee,LanguageGuide/BasicOperators.xhtml,LanguageGuide/BasicOperators.xhtml#One-Sided-Ranges,1,swift.ranges.contains|swift.ranges.one-sided-prefix|swift.ranges.one-sided-suffix,mapped-to-canonical-lessons,pending-editorial-validation,pending-swift-6.4-toolchain,"for name in names[2...] {
print(name)
}
// Brian
// Jack

for name in names[...2] {
print(name)
}
// Anna
// Alex
// Bri"
bcb99a377cb79c3b83b869966573630b9e5ca8b6c710cc307e743c8e93b27132,LanguageGuide/BasicOperators.xhtml,LanguageGuide/BasicOperators.xhtml#One-Sided-Ranges,1,swift.ranges.contains|swift.ranges.one-sided-prefix|swift.ranges.one-sided-suffix,mapped-to-canonical-lessons,pending-editorial-validation,pending-swift-6.4-toolchain,"for name in names[..<2] {
print(name)
}
// Anna
// Alex"
ebd8500c1e9f25d2cb8036303b3cf3b7ef10344e9706bfbe746997b0aee4efc7,LanguageGuide/BasicOperators.xhtml,LanguageGuide/BasicOperators.xhtml#One-Sided-Ranges,1,swift.ranges.contains|swift.ranges.one-sided-prefix|swift.ranges.one-sided-suffix,mapped-to-canonical-lessons,pending-editorial-validation,pending-swift-6.4-toolchain,"let range = ...5
range.contains(7) // false
range.contains(4) // true
range.contains(-1) // true"
b7cac72ddbba293cbee0a01d1f3c45d1ee380d14d5f54ea95288edf6bde3edfb,LanguageGuide/BasicOperators.xhtml,LanguageGuide/BasicOperators.xhtml#Remainder-Operator,1,swift.operators.negative-remainder|swift.operators.remainder,mapped-to-canonical-lessons,pending-editorial-validation,pending-swift-6.4-toolchain,9 % 4 // equals 1
c3060d0934804d7d3360f8dcd5bfe7322385c25682840c4f6622db05ab978cc2,LanguageGuide/BasicOperators.xhtml,LanguageGuide/BasicOperators.xhtml#Remainder-Operator,1,swift.operators.negative-remainder|swift.operators.remainder,mapped-to-canonical-lessons,pending-editorial-validation,pending-swift-6.4-toolchain,-9 % 4 // equals -1
10f3e19cde00bc6c1b52b200962844f8702398abdc17178b5a169a01b8c883e2,LanguageGuide/BasicOperators.xhtml,LanguageGuide/BasicOperators.xhtml#Ternary-Conditional-Operator,1,swift.conditionals.ternary,mapped-to-canonical-lessons,pending-editorial-validation,pending-swift-6.4-toolchain,"if question {
answer1
} else {
answer2
}"
2590ebe90f138f405d05cc12b626cf01b4485af1dbe822111eb252b39130bd1d,LanguageGuide/BasicOperators.xhtml,LanguageGuide/BasicOperators.xhtml#Ternary-Conditional-Operator,1,swift.conditionals.ternary,mapped-to-canonical-lessons,pending-editorial-validation,pending-swift-6.4-toolchain,"let contentHeight = 40
let hasHeader = true
let rowHeight: Int
if hasHeader {
rowHeight = contentHeight + 50
} else {
ro"
5abe136dfeeb2fffc35b2d2b2d71ec0c0349676ae1215c4d221370994702acea,LanguageGuide/BasicOperators.xhtml,LanguageGuide/BasicOperators.xhtml#Ternary-Conditional-Operator,1,swift.conditionals.ternary,mapped-to-canonical-lessons,pending-editorial-validation,pending-swift-6.4-toolchain,"let contentHeight = 40
let hasHeader = true
let rowHeight = contentHeight + (hasHeader ? 50 : 20)
// rowHeight is equal "
712792f78f3b58bb7cc45387fd6302b644cd25c946cacc7823a017756caaed9c,LanguageGuide/BasicOperators.xhtml,LanguageGuide/BasicOperators.xhtml#Unary-Minus-Operator,1,swift.operators.unary-minus,mapped-to-canonical-lessons,pending-editorial-validation,pending-swift-6.4-toolchain,"let three = 3
let minusThree = -three // minusThree equals -3
let plusThree = -minusThree // plusThree equals 3, or ""min"
607129c965cb9f31615bf4cedd4dbf2d81b2cb4e93fe5737ab1475475cd762bd,LanguageGuide/BasicOperators.xhtml,LanguageGuide/BasicOperators.xhtml#Unary-Plus-Operator,1,swift.operators.unary-plus,mapped-to-canonical-lessons,pending-editorial-validation,pending-swift-6.4-toolchain,"let minusSix = -6
let alsoMinusSix = +minusSix // alsoMinusSix equals -6"
7e20604d229dca303415da7c697dc7f0ff8657d0837076900edab84dbcfb4e7d,LanguageGuide/ClassesAndStructures.xhtml,LanguageGuide/ClassesAndStructures.xhtml#Accessing-Properties,1,swift.types.property-access,mapped-to-canonical-lessons,pending-editorial-validation,pending-swift-6.4-toolchain,"print(""The width of someResolution is \(someResolution.width)"")
// Prints ""The width of someResolution is 0""."
9f78905abf7cb44c2e0b1d2c5c12b9fbabd28fb42d235cf8307f8a66f3a57bd5,LanguageGuide/ClassesAndStructures.xhtml,LanguageGuide/ClassesAndStructures.xhtml#Accessing-Properties,1,swift.types.property-access,mapped-to-canonical-lessons,pending-editorial-validation,pending-swift-6.4-toolchain,"someVideoMode.resolution.width = 1280
print(""The width of someVideoMode is now \(someVideoMode.resolution.width)"")
// Pr"
eb395bf6a3498d8f1bd7f0ceb19dc1f56097e6de28301574a57abc36dfb976a0,LanguageGuide/ClassesAndStructures.xhtml,LanguageGuide/ClassesAndStructures.xhtml#Accessing-Properties,1,swift.types.property-access,mapped-to-canonical-lessons,pending-editorial-validation,pending-swift-6.4-toolchain,"print(""The width of someVideoMode is \(someVideoMode.resolution.width)"")
// Prints ""The width of someVideoMode is 0""."
1fb34aa4ff4857317edbeeed8f3e8ffbb22b596ba250267d947436224c44e178,LanguageGuide/ClassesAndStructures.xhtml,LanguageGuide/ClassesAndStructures.xhtml#Classes-Are-Reference-Types,1,swift.types.reference-sharing,mapped-to-canonical-lessons,pending-editorial-validation,pending-swift-6.4-toolchain,"let alsoTenEighty = tenEighty
alsoTenEighty.frameRate = 30.0"
4bfc77d6fbb4c51c7fd1e92c27fce570c541eb2a8d41332d20c282dd6088d458,LanguageGuide/ClassesAndStructures.xhtml,LanguageGuide/ClassesAndStructures.xhtml#Classes-Are-Reference-Types,1,swift.types.reference-sharing,mapped-to-canonical-lessons,pending-editorial-validation,pending-swift-6.4-toolchain,"print(""The frameRate property of tenEighty is now \(tenEighty.frameRate)"")
// Prints ""The frameRate property of tenEight"
e92142aea4eb400f111c5dbcc978dacfeac60200dd65fcd31a75e4bf20ad9759,LanguageGuide/ClassesAndStructures.xhtml,LanguageGuide/ClassesAndStructures.xhtml#Classes-Are-Reference-Types,1,swift.types.reference-sharing,mapped-to-canonical-lessons,pending-editorial-validation,pending-swift-6.4-toolchain,"let tenEighty = VideoMode()
tenEighty.resolution = hd
tenEighty.interlaced = true
tenEighty.name = ""1080i""
tenEighty.fra"
a57538c832dbc052b73b3b9c26fe774ab00fbfc1f9eb65e1a4d2534530daf863,LanguageGuide/ClassesAndStructures.xhtml,LanguageGuide/ClassesAndStructures.xhtml#Definition-Syntax,1,swift.types.class-definition|swift.types.structure-definition,mapped-to-canonical-lessons,pending-editorial-validation,pending-swift-6.4-toolchain,"struct Resolution {
var width = 0
var height = 0
}
class VideoMode {
var resolution = Resolution()
var interlaced = fals"
fbf8935a910d85237c110d7a5f9ef5f95badf5e6ee585762a859b2c53bf0ca9b,LanguageGuide/ClassesAndStructures.xhtml,LanguageGuide/ClassesAndStructures.xhtml#Definition-Syntax,1,swift.types.class-definition|swift.types.structure-definition,mapped-to-canonical-lessons,pending-editorial-validation,pending-swift-6.4-toolchain,"struct SomeStructure {
// structure definition goes here
}
class SomeClass {
// class definition goes here
}"
c176f99a10bdc37a6dfe0cbba424bb50bea52b21145c93545e33c485cf5dac85,LanguageGuide/ClassesAndStructures.xhtml,LanguageGuide/ClassesAndStructures.xhtml#Identity-Operators,1,swift.types.identity,mapped-to-canonical-lessons,pending-editorial-validation,pending-swift-6.4-toolchain,"if tenEighty === alsoTenEighty {
print(""tenEighty and alsoTenEighty refer to the same VideoMode instance."")
}
// Prints "
d2692b483dcfae3c492f70c8ef92c77312aaba943f04b14acc9f1bf2d91b82bc,LanguageGuide/ClassesAndStructures.xhtml,LanguageGuide/ClassesAndStructures.xhtml#Memberwise-Initializers-for-Structure-Types,1,swift.types.memberwise-init,mapped-to-canonical-lessons,pending-editorial-validation,pending-swift-6.4-toolchain,"let vga = Resolution(width: 640, height: 480)"
5c89f3758e9128131adcd882f5381728cf9f8df45a847135d9d74600819033c6,LanguageGuide/ClassesAndStructures.xhtml,LanguageGuide/ClassesAndStructures.xhtml#Structure-and-Class-Instances,1,swift.types.instances,mapped-to-canonical-lessons,pending-editorial-validation,pending-swift-6.4-toolchain,"let someResolution = Resolution()
let someVideoMode = VideoMode()"
2ce28c33e06a80819e3057e18f64eee954b6e251e70c5b306f527b9efc9a0bb4,LanguageGuide/ClassesAndStructures.xhtml,LanguageGuide/ClassesAndStructures.xhtml#Structures-and-Enumerations-Are-Value-Types,1,swift.types.value-copy,mapped-to-canonical-lessons,pending-editorial-validation,pending-swift-6.4-toolchain,"let hd = Resolution(width: 1920, height: 1080)
var cinema = hd"
57891ba3b0261820b8851a24d0e2ebc58bef7bd0a0c2195a6a81103e448aa1c8,LanguageGuide/ClassesAndStructures.xhtml,LanguageGuide/ClassesAndStructures.xhtml#Structures-and-Enumerations-Are-Value-Types,1,swift.types.value-copy,mapped-to-canonical-lessons,pending-editorial-validation,pending-swift-6.4-toolchain,cinema.width = 2048
82f59dadc0db732f57aa1f36d8b5baa3d6f08fafc0c9befc1aecd1a3be37abf7,LanguageGuide/ClassesAndStructures.xhtml,LanguageGuide/ClassesAndStructures.xhtml#Structures-and-Enumerations-Are-Value-Types,1,swift.types.value-copy,mapped-to-canonical-lessons,pending-editorial-validation,pending-swift-6.4-toolchain,"print(""hd is still \(hd.width) pixels wide"")
// Prints ""hd is still 1920 pixels wide""."
ab3f94c3d198343fd3af1dfa31b8b73aaa1aa1838f9281b7a0351d76f948327b,LanguageGuide/ClassesAndStructures.xhtml,LanguageGuide/ClassesAndStructures.xhtml#Structures-and-Enumerations-Are-Value-Types,1,swift.types.value-copy,mapped-to-canonical-lessons,pending-editorial-validation,pending-swift-6.4-toolchain,"enum CompassPoint {
case north, south, east, west
mutating func turnNorth() {
self = .north
}
}
var currentDirection = C"
fb3dcf8501d972eb39fc751cc8354c7ba3666e3e011f537ca67b81347d222be4,LanguageGuide/ClassesAndStructures.xhtml,LanguageGuide/ClassesAndStructures.xhtml#Structures-and-Enumerations-Are-Value-Types,1,swift.types.value-copy,mapped-to-canonical-lessons,pending-editorial-validation,pending-swift-6.4-toolchain,"print(""cinema is now \(cinema.width) pixels wide"")
// Prints ""cinema is now 2048 pixels wide""."
3cbf2553b2e6db7b6efb69d5c5a6086d0285f8b051aa8061bd4b8f97d13187f8,LanguageGuide/Closures.xhtml,LanguageGuide/Closures.xhtml#Autoclosures,1,swift.closures.autoclosure|swift.closures.escaping-autoclosure,mapped-to-canonical-lessons,pending-editorial-validation,pending-swift-6.4-toolchain,"// customersInLine is [""Barry"", ""Daniella""]
var customerProviders: [() -> String] = []
func collectCustomerProviders(_ c"
7724529900fc4e173cdd552e95a2d4392b31b4ab47afdde02deda62b9749ce4e,LanguageGuide/Closures.xhtml,LanguageGuide/Closures.xhtml#Autoclosures,1,swift.closures.autoclosure|swift.closures.escaping-autoclosure,mapped-to-canonical-lessons,pending-editorial-validation,pending-swift-6.4-toolchain,"// customersInLine is [""Ewa"", ""Barry"", ""Daniella""]
func serve(customer customerProvider: @autoclosure () -> String) {
pr"
eff0b763a123003ccd36b4bb78e5d3aee2076ec0fc160523c792c6ebc8f11f0c,LanguageGuide/Closures.xhtml,LanguageGuide/Closures.xhtml#Autoclosures,1,swift.closures.autoclosure|swift.closures.escaping-autoclosure,mapped-to-canonical-lessons,pending-editorial-validation,pending-swift-6.4-toolchain,"var customersInLine = [""Chris"", ""Alex"", ""Ewa"", ""Barry"", ""Daniella""]
print(customersInLine.count)
// Prints ""5"".

let cus"
ff2880e72f7de769dfebab4451574c2c7eb38868cdb0471b820acefbdb74f9aa,LanguageGuide/Closures.xhtml,LanguageGuide/Closures.xhtml#Autoclosures,1,swift.closures.autoclosure|swift.closures.escaping-autoclosure,mapped-to-canonical-lessons,pending-editorial-validation,pending-swift-6.4-toolchain,"// customersInLine is [""Alex"", ""Ewa"", ""Barry"", ""Daniella""]
func serve(customer customerProvider: () -> String) {
print("""
5721280cea754e7dbe570f55f1007f3d7af3c684a8fa2df18e8b7ccb1f9d5284,LanguageGuide/Closures.xhtml,LanguageGuide/Closures.xhtml#Capturing-Values,1,swift.closures.capture,mapped-to-canonical-lessons,pending-editorial-validation,pending-swift-6.4-toolchain,"let incrementBySeven = makeIncrementer(forIncrement: 7)
incrementBySeven()
// returns a value of 7"
5a0cc533455f2004bba901e5090335340823eaac830ac473d5d83e56b0e86685,LanguageGuide/Closures.xhtml,LanguageGuide/Closures.xhtml#Capturing-Values,1,swift.closures.capture,mapped-to-canonical-lessons,pending-editorial-validation,pending-swift-6.4-toolchain,"func makeIncrementer(forIncrement amount: Int) -> () -> Int {
var runningTotal = 0
func incrementer() -> Int {
runningTo"
71cba10a4dd8d423dd49a472bc9a3dc47471dac2c9ad6090df25ae750c550c08,LanguageGuide/Closures.xhtml,LanguageGuide/Closures.xhtml#Capturing-Values,1,swift.closures.capture,mapped-to-canonical-lessons,pending-editorial-validation,pending-swift-6.4-toolchain,"func incrementer() -> Int {
runningTotal += amount
return runningTotal
}"
7d99867db74a8deb71fa3452b51ed68d03c0e2991967637e818631cabf6e1044,LanguageGuide/Closures.xhtml,LanguageGuide/Closures.xhtml#Capturing-Values,1,swift.closures.capture,mapped-to-canonical-lessons,pending-editorial-validation,pending-swift-6.4-toolchain,"incrementByTen()
// returns a value of 40"
9ef0f8fcc9ce171d366ff04d5905660c1b7a75abc71504da72c23f454d6d9413,LanguageGuide/Closures.xhtml,LanguageGuide/Closures.xhtml#Capturing-Values,1,swift.closures.capture,mapped-to-canonical-lessons,pending-editorial-validation,pending-swift-6.4-toolchain,let incrementByTen = makeIncrementer(forIncrement: 10)
f4535e147f60941222bb94fc54b46aa22bb217f5157509be2b50c51acdc134c1,LanguageGuide/Closures.xhtml,LanguageGuide/Closures.xhtml#Capturing-Values,1,swift.closures.capture,mapped-to-canonical-lessons,pending-editorial-validation,pending-swift-6.4-toolchain,"incrementByTen()
// returns a value of 10
incrementByTen()
// returns a value of 20
incrementByTen()
// returns a value "
91e92aef03240b2cb3b7d1cb84fc1c9b51819d80f9bfcb08e374146f7c513c88,LanguageGuide/Closures.xhtml,LanguageGuide/Closures.xhtml#Closure-Expression-Syntax,1,swift.closures.expression-syntax,mapped-to-canonical-lessons,pending-editorial-validation,pending-swift-6.4-toolchain,"reversedNames = names.sorted(by: { (s1: String, s2: String) -> Bool in return s1 > s2 } )"
b645c26e661e151a6efe248f0c689c186e25fc42a6b05055f13fbf58a49554b4,LanguageGuide/Closures.xhtml,LanguageGuide/Closures.xhtml#Closure-Expression-Syntax,1,swift.closures.expression-syntax,mapped-to-canonical-lessons,pending-editorial-validation,pending-swift-6.4-toolchain,"reversedNames = names.sorted(by: { (s1: String, s2: String) -> Bool in
return s1 > s2
})"
0ad9a2201396b2134488d8a3269c91c32ec77a855331e3682ba2f8eb6f19020a,LanguageGuide/Closures.xhtml|ReferenceManual/Expressions.xhtml,LanguageGuide/Closures.xhtml#Closure-Expression-Syntax|ReferenceManual/Expressions.xhtml#Closure-Expression,2,swift.closures.expression-syntax,mapped-to-canonical-lessons,pending-editorial-validation,pending-swift-6.4-toolchain,"{ (parameters) -> return type in
statements
}"
c9feed7e1b3ee08fcd0529df926c2ea6cdc329cb749fe0a45c34ccef7e64d780,LanguageGuide/Closures.xhtml,LanguageGuide/Closures.xhtml#Closures-Are-Reference-Types,1,swift.closures.reference-semantics,mapped-to-canonical-lessons,pending-editorial-validation,pending-swift-6.4-toolchain,"let alsoIncrementByTen = incrementByTen
alsoIncrementByTen()
// returns a value of 50

incrementByTen()
// returns a val"
0b9f33e282c69fbd1ab52a6f13c698a8f2c948a163b56b4125a19153dcc05842,LanguageGuide/Closures.xhtml,LanguageGuide/Closures.xhtml#Escaping-Closures,1,swift.closures.escaping|swift.closures.explicit-self,mapped-to-canonical-lessons,pending-editorial-validation,pending-swift-6.4-toolchain,"var completionHandlers: [() -> Void] = []
func someFunctionWithEscapingClosure(completionHandler: @escaping () -> Void) "
8bbac6482245e30dc00263dce3ccb757bb2baa4771c3d0dfb1608f39433f52d0,LanguageGuide/Closures.xhtml,LanguageGuide/Closures.xhtml#Escaping-Closures,1,swift.closures.escaping|swift.closures.explicit-self,mapped-to-canonical-lessons,pending-editorial-validation,pending-swift-6.4-toolchain,"class SomeOtherClass {
var x = 10
func doSomething() {
someFunctionWithEscapingClosure { [self] in x = 100 }
someFunctio"
adf4ba9241ebc1e4d82aeae8fbd69f13cc10325de4d47580efe550580710080b,LanguageGuide/Closures.xhtml,LanguageGuide/Closures.xhtml#Escaping-Closures,1,swift.closures.escaping|swift.closures.explicit-self,mapped-to-canonical-lessons,pending-editorial-validation,pending-swift-6.4-toolchain,"func someFunctionWithNonescapingClosure(closure: () -> Void) {
closure()
}

class SomeClass {
var x = 10
func doSomethin"
dfde2e6882bd48d6bb97d62e8fdc56031ba96e40ee9e8098aaf013b136f640e4,LanguageGuide/Closures.xhtml,LanguageGuide/Closures.xhtml#Escaping-Closures,1,swift.closures.escaping|swift.closures.explicit-self,mapped-to-canonical-lessons,pending-editorial-validation,pending-swift-6.4-toolchain,"struct SomeStruct {
var x = 10
mutating func doSomething() {
someFunctionWithNonescapingClosure { x = 200 } // OK
someFu"
9520eefd0d93217b2a3342052aa137ffb5b35d773ff7d1964ffb282c896b1a5f,LanguageGuide/Closures.xhtml,LanguageGuide/Closures.xhtml#Implicit-Returns-from-Single-Expression-Closures,1,swift.closures.implicit-return,mapped-to-canonical-lessons,pending-editorial-validation,pending-swift-6.4-toolchain,"reversedNames = names.sorted(by: { s1, s2 in s1 > s2 } )"
06ed046ede5b289984efac64f2bdb00f07828ee73f50489ca32baa96aacd8447,LanguageGuide/Closures.xhtml,LanguageGuide/Closures.xhtml#Inferring-Type-From-Context,1,swift.closures.inferred-types,mapped-to-canonical-lessons,pending-editorial-validation,pending-swift-6.4-toolchain,"reversedNames = names.sorted(by: { s1, s2 in return s1 > s2 } )"
72711606a2bb43250f13b8b848f2eabc45c0581050874220f9fc369933057b89,LanguageGuide/Closures.xhtml,LanguageGuide/Closures.xhtml#Operator-Methods,1,swift.closures.operator-method,mapped-to-canonical-lessons,pending-editorial-validation,pending-swift-6.4-toolchain,reversedNames = names.sorted(by: >)
fa8054261ad289e7b62a68df081a1358e572a81ae0f76b9f08b6df2ef1658a88,LanguageGuide/Closures.xhtml,LanguageGuide/Closures.xhtml#Shorthand-Argument-Names,1,swift.closures.shorthand-arguments,mapped-to-canonical-lessons,pending-editorial-validation,pending-swift-6.4-toolchain,reversedNames = names.sorted(by: { $0 > $1 } )
37f04a4fb4329a3c95bae83efeaca7e3add1ee3067bec9c1a2a3853b84694e76,LanguageGuide/Closures.xhtml,LanguageGuide/Closures.xhtml#The-Sorted-Method,1,swift.closures.sorted-comparator,mapped-to-canonical-lessons,pending-editorial-validation,pending-swift-6.4-toolchain,"let names = [""Chris"", ""Alex"", ""Ewa"", ""Barry"", ""Daniella""]"
e3afc554a1e4d5733e2b481a8bebb71c88b67ac4be718db220a25a5fdd98e14d,LanguageGuide/Closures.xhtml,LanguageGuide/Closures.xhtml#The-Sorted-Method,1,swift.closures.sorted-comparator,mapped-to-canonical-lessons,pending-editorial-validation,pending-swift-6.4-toolchain,"func backward(_ s1: String, _ s2: String) -> Bool {
return s1 > s2
}
var reversedNames = names.sorted(by: backward)
// r"
15ed1149c436fe24a4942a19a816f8f42bc44ab3aad6a16e60ec937af465b668,LanguageGuide/Closures.xhtml,LanguageGuide/Closures.xhtml#Trailing-Closures,1,swift.closures.map-transform|swift.closures.multiple-trailing|swift.closures.trailing,mapped-to-canonical-lessons,pending-editorial-validation,pending-swift-6.4-toolchain,"func loadPicture(from server: Server, completion: (Picture) -> Void, onFailure: () -> Void) {
if let picture = download("
36169311ef6bcda01392b89e345b30ba2e5a93cd21285ff40820c4d4747e0b98,LanguageGuide/Closures.xhtml,LanguageGuide/Closures.xhtml#Trailing-Closures,1,swift.closures.map-transform|swift.closures.multiple-trailing|swift.closures.trailing,mapped-to-canonical-lessons,pending-editorial-validation,pending-swift-6.4-toolchain,"loadPicture(from: someServer) { picture in
someView.currentPicture = picture
} onFailure: {
print(""Couldn't download the"
3de77f5d5a294c8b59c19476aa1c7725ec06e87a6ec4ddd0febf94debbc25b2c,LanguageGuide/Closures.xhtml,LanguageGuide/Closures.xhtml#Trailing-Closures,1,swift.closures.map-transform|swift.closures.multiple-trailing|swift.closures.trailing,mapped-to-canonical-lessons,pending-editorial-validation,pending-swift-6.4-toolchain,"let strings = numbers.map { (number) -> String in
var number = number
var output = """"
repeat {
output = digitNames[numbe"
8720b30bc2c34219f52464b46e631381bd95e678cdff5efed30882f66e00d222,LanguageGuide/Closures.xhtml,LanguageGuide/Closures.xhtml#Trailing-Closures,1,swift.closures.map-transform|swift.closures.multiple-trailing|swift.closures.trailing,mapped-to-canonical-lessons,pending-editorial-validation,pending-swift-6.4-toolchain,"let digitNames = [
0: ""Zero"", 1: ""One"", 2: ""Two"", 3: ""Three"", 4: ""Four"",
5: ""Five"", 6: ""Six"", 7: ""Seven"", 8: ""Eight"", 9:"
a85327ab96d320d49bc20d3981ea4ad909bd47cb6e690246503f07b86f7fde6a,LanguageGuide/Closures.xhtml,LanguageGuide/Closures.xhtml#Trailing-Closures,1,swift.closures.map-transform|swift.closures.multiple-trailing|swift.closures.trailing,mapped-to-canonical-lessons,pending-editorial-validation,pending-swift-6.4-toolchain,reversedNames = names.sorted { $0 > $1 }
ae39b269e9c467b0216d8d40ab208b5fc920abc483b0e90ad1f8afd2e4420194,LanguageGuide/Closures.xhtml,LanguageGuide/Closures.xhtml#Trailing-Closures,1,swift.closures.map-transform|swift.closures.multiple-trailing|swift.closures.trailing,mapped-to-canonical-lessons,pending-editorial-validation,pending-swift-6.4-toolchain,reversedNames = names.sorted() { $0 > $1 }
d9e41204417d73107cd2bed66fb7b56c5abc32cd780371806bd6608f00533bab,LanguageGuide/Closures.xhtml,LanguageGuide/Closures.xhtml#Trailing-Closures,1,swift.closures.map-transform|swift.closures.multiple-trailing|swift.closures.trailing,mapped-to-canonical-lessons,pending-editorial-validation,pending-swift-6.4-toolchain,"func someFunctionThatTakesAClosure(closure: () -> Void) {
// function body goes here
}

// Here's how you call this func"
2385fcdfcfce39dd789efd947984630adfcf95d3e531e0dbd8af0a0eaf646c72,LanguageGuide/CollectionTypes.xhtml,LanguageGuide/CollectionTypes.xhtml#Accessing-and-Modifying-a-Dictionary,1,swift.dictionaries.optional-subscript|swift.dictionaries.remove-value|swift.dictionaries.update-value,mapped-to-canonical-lessons,pending-editorial-validation,pending-swift-6.4-toolchain,"if let airportName = airports[""DUB""] {
print(""The name of the airport is \(airportName)."")
} else {
print(""That airport "
33707a7c18e2c20f91309d6817a2c9996f8d849ee5795d4ac1b73c16b277e682,LanguageGuide/CollectionTypes.xhtml,LanguageGuide/CollectionTypes.xhtml#Accessing-and-Modifying-a-Dictionary,1,swift.dictionaries.optional-subscript|swift.dictionaries.remove-value|swift.dictionaries.update-value,mapped-to-canonical-lessons,pending-editorial-validation,pending-swift-6.4-toolchain,"airports[""LHR""] = ""London""
// the airports dictionary now contains 3 items"
389c0c4d6017b07a25564eff0ea696d94f5c8dd1cf8351294ff6e2524fa37885,LanguageGuide/CollectionTypes.xhtml,LanguageGuide/CollectionTypes.xhtml#Accessing-and-Modifying-a-Dictionary,1,swift.dictionaries.optional-subscript|swift.dictionaries.remove-value|swift.dictionaries.update-value,mapped-to-canonical-lessons,pending-editorial-validation,pending-swift-6.4-toolchain,"airports[""LHR""] = ""London Heathrow""
// the value for ""LHR"" has been changed to ""London Heathrow"""
41225e2f2193db031b910893eec937f21c3141f687b20218c8c5251e6fd8c8e9,LanguageGuide/CollectionTypes.xhtml,LanguageGuide/CollectionTypes.xhtml#Accessing-and-Modifying-a-Dictionary,1,swift.dictionaries.optional-subscript|swift.dictionaries.remove-value|swift.dictionaries.update-value,mapped-to-canonical-lessons,pending-editorial-validation,pending-swift-6.4-toolchain,"if airports.isEmpty {
print(""The airports dictionary is empty."")
} else {
print(""The airports dictionary isn't empty."")
"
5936b236ab48276283b3387ae0238dc7bfb4c4cffdfc94f130243b7c4aec02fd,LanguageGuide/CollectionTypes.xhtml,LanguageGuide/CollectionTypes.xhtml#Accessing-and-Modifying-a-Dictionary,1,swift.dictionaries.optional-subscript|swift.dictionaries.remove-value|swift.dictionaries.update-value,mapped-to-canonical-lessons,pending-editorial-validation,pending-swift-6.4-toolchain,"print(""The airports dictionary contains \(airports.count) items."")
// Prints ""The airports dictionary contains 2 items."""
6f95eeae8ae4ea61dfb4cdac7298a0c4880ad503e14d9707bf910931b10a68b7,LanguageGuide/CollectionTypes.xhtml,LanguageGuide/CollectionTypes.xhtml#Accessing-and-Modifying-a-Dictionary,1,swift.dictionaries.optional-subscript|swift.dictionaries.remove-value|swift.dictionaries.update-value,mapped-to-canonical-lessons,pending-editorial-validation,pending-swift-6.4-toolchain,"airports[""APL""] = ""Apple International""
// ""Apple International"" isn't the real airport for APL, so delete it
airports["""
819331f6d02379a6903766555ed68ca26e5af4d80695ee0ac9466c782e4ad481,LanguageGuide/CollectionTypes.xhtml,LanguageGuide/CollectionTypes.xhtml#Accessing-and-Modifying-a-Dictionary,1,swift.dictionaries.optional-subscript|swift.dictionaries.remove-value|swift.dictionaries.update-value,mapped-to-canonical-lessons,pending-editorial-validation,pending-swift-6.4-toolchain,"if let removedValue = airports.removeValue(forKey: ""DUB"") {
print(""The removed airport's name is \(removedValue)."")
} el"
8d4d2556139a308fd9f652483bd252417d02e5d9e808291a41699fb60aa742b9,LanguageGuide/CollectionTypes.xhtml,LanguageGuide/CollectionTypes.xhtml#Accessing-and-Modifying-a-Dictionary,1,swift.dictionaries.optional-subscript|swift.dictionaries.remove-value|swift.dictionaries.update-value,mapped-to-canonical-lessons,pending-editorial-validation,pending-swift-6.4-toolchain,"if let oldValue = airports.updateValue(""Dublin Airport"", forKey: ""DUB"") {
print(""The old value for DUB was \(oldValue)."""
48845314860d2331773cf44749fb4ee5c21c10703d6f722fbcb09809590a021c,LanguageGuide/CollectionTypes.xhtml,LanguageGuide/CollectionTypes.xhtml#Accessing-and-Modifying-a-Set,1,swift.sets.contains|swift.sets.insert|swift.sets.remove,mapped-to-canonical-lessons,pending-editorial-validation,pending-swift-6.4-toolchain,"if let removedGenre = favoriteGenres.remove(""Rock"") {
print(""\(removedGenre)? I'm over it."")
} else {
print(""I never muc"
5c1c48cf1d14125fc77701d2a7c08003eb5b13657f4a6a8e7e7124876f8d4cbc,LanguageGuide/CollectionTypes.xhtml,LanguageGuide/CollectionTypes.xhtml#Accessing-and-Modifying-a-Set,1,swift.sets.contains|swift.sets.insert|swift.sets.remove,mapped-to-canonical-lessons,pending-editorial-validation,pending-swift-6.4-toolchain,"favoriteGenres.insert(""Jazz"")
// favoriteGenres now contains 4 items"
7f57557e23c2e289144538f08b35fb2147d5146136cfee2b29358d0518fbc3f4,LanguageGuide/CollectionTypes.xhtml,LanguageGuide/CollectionTypes.xhtml#Accessing-and-Modifying-a-Set,1,swift.sets.contains|swift.sets.insert|swift.sets.remove,mapped-to-canonical-lessons,pending-editorial-validation,pending-swift-6.4-toolchain,"if favoriteGenres.isEmpty {
print(""As far as music goes, I'm not picky."")
} else {
print(""I have particular music prefer"
c0cef04a62ea6384072605ab6a71a87756d2e81696083681b537f2d5d5443747,LanguageGuide/CollectionTypes.xhtml,LanguageGuide/CollectionTypes.xhtml#Accessing-and-Modifying-a-Set,1,swift.sets.contains|swift.sets.insert|swift.sets.remove,mapped-to-canonical-lessons,pending-editorial-validation,pending-swift-6.4-toolchain,"print(""I have \(favoriteGenres.count) favorite music genres."")
// Prints ""I have 3 favorite music genres."""
e274c8e8bd931fe8641f48e3de6013cdb2b066622d93dfd9bea7788fd1c7555a,LanguageGuide/CollectionTypes.xhtml,LanguageGuide/CollectionTypes.xhtml#Accessing-and-Modifying-a-Set,1,swift.sets.contains|swift.sets.insert|swift.sets.remove,mapped-to-canonical-lessons,pending-editorial-validation,pending-swift-6.4-toolchain,"if favoriteGenres.contains(""Funk"") {
print(""I get up on the good foot."")
} else {
print(""It's too funky in here."")
}
// "
273c1cc9f3bd3f8be382969218c2db4b94f0a17b39f08fe4772bfb9040823001,LanguageGuide/CollectionTypes.xhtml,LanguageGuide/CollectionTypes.xhtml#Accessing-and-Modifying-an-Array,1,swift.arrays.append|swift.arrays.count|swift.arrays.insert-remove|swift.arrays.replace-subrange|swift.arrays.subscript,mapped-to-canonical-lessons,pending-editorial-validation,pending-swift-6.4-toolchain,"print(""The shopping list contains \(shoppingList.count) items."")
// Prints ""The shopping list contains 2 items."""
7578b9a66d21d1620b5e3ff9b61c002537a26706e55ff5c3f7a3d68c01502141,LanguageGuide/CollectionTypes.xhtml,LanguageGuide/CollectionTypes.xhtml#Accessing-and-Modifying-an-Array,1,swift.arrays.append|swift.arrays.count|swift.arrays.insert-remove|swift.arrays.replace-subrange|swift.arrays.subscript,mapped-to-canonical-lessons,pending-editorial-validation,pending-swift-6.4-toolchain,"shoppingList += [""Baking Powder""]
// shoppingList now contains 4 items
shoppingList += [""Chocolate Spread"", ""Cheese"", ""B"
982744440c2ec3a0a5214116a3d484ba8f474f713eda368d2d04dd9310ded6c4,LanguageGuide/CollectionTypes.xhtml,LanguageGuide/CollectionTypes.xhtml#Accessing-and-Modifying-an-Array,1,swift.arrays.append|swift.arrays.count|swift.arrays.insert-remove|swift.arrays.replace-subrange|swift.arrays.subscript,mapped-to-canonical-lessons,pending-editorial-validation,pending-swift-6.4-toolchain,"shoppingList.insert(""Maple Syrup"", at: 0)
// shoppingList now contains 7 items
// ""Maple Syrup"" is now the first item in"
b041cf35b3b62d354264500b0488c66a5453f55b339f05fff9ec85049c8bc1f0,LanguageGuide/CollectionTypes.xhtml,LanguageGuide/CollectionTypes.xhtml#Accessing-and-Modifying-an-Array,1,swift.arrays.append|swift.arrays.count|swift.arrays.insert-remove|swift.arrays.replace-subrange|swift.arrays.subscript,mapped-to-canonical-lessons,pending-editorial-validation,pending-swift-6.4-toolchain,"shoppingList[4...6] = [""Bananas"", ""Apples""]
// shoppingList now contains 6 items"
b5f37627c1b7e9774e9bd829cb991662c8db52351fd5560e4fc491117bb1d41e,LanguageGuide/CollectionTypes.xhtml,LanguageGuide/CollectionTypes.xhtml#Accessing-and-Modifying-an-Array,1,swift.arrays.append|swift.arrays.count|swift.arrays.insert-remove|swift.arrays.replace-subrange|swift.arrays.subscript,mapped-to-canonical-lessons,pending-editorial-validation,pending-swift-6.4-toolchain,"let apples = shoppingList.removeLast()
// the last item in the array has just been removed
// shoppingList now contains "
b950afc017c7885f575329c9b894cdbb0cb99837593816d9316517569b5f126b,LanguageGuide/CollectionTypes.xhtml,LanguageGuide/CollectionTypes.xhtml#Accessing-and-Modifying-an-Array,1,swift.arrays.append|swift.arrays.count|swift.arrays.insert-remove|swift.arrays.replace-subrange|swift.arrays.subscript,mapped-to-canonical-lessons,pending-editorial-validation,pending-swift-6.4-toolchain,"let mapleSyrup = shoppingList.remove(at: 0)
// the item that was at index 0 has just been removed
// shoppingList now co"
c072a79be1718677315afec72390e9571d290fb5e439035d643289c6dfd79f47,LanguageGuide/CollectionTypes.xhtml,LanguageGuide/CollectionTypes.xhtml#Accessing-and-Modifying-an-Array,1,swift.arrays.append|swift.arrays.count|swift.arrays.insert-remove|swift.arrays.replace-subrange|swift.arrays.subscript,mapped-to-canonical-lessons,pending-editorial-validation,pending-swift-6.4-toolchain,"shoppingList[0] = ""Six eggs""
// the first item in the list is now equal to ""Six eggs"" rather than ""Eggs"""
c4ca943abccf82a9b3682540f8c6d3b84f3814f16c0a2dd599cae8978c567dbd,LanguageGuide/CollectionTypes.xhtml,LanguageGuide/CollectionTypes.xhtml#Accessing-and-Modifying-an-Array,1,swift.arrays.append|swift.arrays.count|swift.arrays.insert-remove|swift.arrays.replace-subrange|swift.arrays.subscript,mapped-to-canonical-lessons,pending-editorial-validation,pending-swift-6.4-toolchain,"var firstItem = shoppingList[0]
// firstItem is equal to ""Eggs"""
cb10f0eafa51731957e178c8bf59bf4a8524c3d36fabe6aa5507cd8279014786,LanguageGuide/CollectionTypes.xhtml,LanguageGuide/CollectionTypes.xhtml#Accessing-and-Modifying-an-Array,1,swift.arrays.append|swift.arrays.count|swift.arrays.insert-remove|swift.arrays.replace-subrange|swift.arrays.subscript,mapped-to-canonical-lessons,pending-editorial-validation,pending-swift-6.4-toolchain,"firstItem = shoppingList[0]
// firstItem is now equal to ""Six eggs"""
cc548e1d6ba4157454233681f120cb883bee36b59d982db2ee7e45a101e70a3c,LanguageGuide/CollectionTypes.xhtml,LanguageGuide/CollectionTypes.xhtml#Accessing-and-Modifying-an-Array,1,swift.arrays.append|swift.arrays.count|swift.arrays.insert-remove|swift.arrays.replace-subrange|swift.arrays.subscript,mapped-to-canonical-lessons,pending-editorial-validation,pending-swift-6.4-toolchain,"if shoppingList.isEmpty {
print(""The shopping list is empty."")
} else {
print(""The shopping list isn't empty."")
}
// Pri"
f2624083b87ca83adacf42b2bde4343d038d2f417c2fb3cd5ae4cf903304bd2e,LanguageGuide/CollectionTypes.xhtml,LanguageGuide/CollectionTypes.xhtml#Accessing-and-Modifying-an-Array,1,swift.arrays.append|swift.arrays.count|swift.arrays.insert-remove|swift.arrays.replace-subrange|swift.arrays.subscript,mapped-to-canonical-lessons,pending-editorial-validation,pending-swift-6.4-toolchain,"shoppingList.append(""Flour"")
// shoppingList now contains 3 items, and someone is making pancakes"
01851d72b2fda1a7880b05f1c76cef8d719363bb98a1e071d20116a19fa52f17,LanguageGuide/CollectionTypes.xhtml,LanguageGuide/CollectionTypes.xhtml#Creating-a-Dictionary-with-a-Dictionary-Literal,1,swift.dictionaries.literal,mapped-to-canonical-lessons,pending-editorial-validation,pending-swift-6.4-toolchain,"[key 1: value 1, key 2: value 2, key 3: value 3]"
335d9d342fde751a92a89cc97e385232b582689a9b647837921ed4439e7fb984,LanguageGuide/CollectionTypes.xhtml,LanguageGuide/CollectionTypes.xhtml#Creating-a-Dictionary-with-a-Dictionary-Literal,1,swift.dictionaries.literal,mapped-to-canonical-lessons,pending-editorial-validation,pending-swift-6.4-toolchain,"var airports: [String: String] = [""YYZ"": ""Toronto Pearson"", ""DUB"": ""Dublin""]"
9c38f02d99958d6f66084af9307fd1b2d537c73c5ba4efb6b42a410b22467da1,LanguageGuide/CollectionTypes.xhtml,LanguageGuide/CollectionTypes.xhtml#Creating-a-Dictionary-with-a-Dictionary-Literal,1,swift.dictionaries.literal,mapped-to-canonical-lessons,pending-editorial-validation,pending-swift-6.4-toolchain,"var airports = [
""YYZ"": ""Toronto Pearson"",
""DUB"": ""Dublin"",
]"
b0bc214f54c014f82f2aaf30a0f010c862376eb31c18054f0ff755e81081edf2,LanguageGuide/CollectionTypes.xhtml,LanguageGuide/CollectionTypes.xhtml#Creating-a-Dictionary-with-a-Dictionary-Literal,1,swift.dictionaries.literal,mapped-to-canonical-lessons,pending-editorial-validation,pending-swift-6.4-toolchain,"var airports = [""YYZ"": ""Toronto Pearson"", ""DUB"": ""Dublin""]"
62a78da47a4c7adf7b47ab368d29018b77308f24644c8607c12aae56d5647848,LanguageGuide/CollectionTypes.xhtml,LanguageGuide/CollectionTypes.xhtml#Creating-a-Set-with-an-Array-Literal,1,swift.sets.literal,mapped-to-canonical-lessons,pending-editorial-validation,pending-swift-6.4-toolchain,"var favoriteGenres: Set<String> = [""Rock"", ""Classical"", ""Hip hop""]
// favoriteGenres has been initialized with three ini"
f916b8fbd6fa62f9cb68be7b23f42b2e5c92309eb014f9b4f9cb4640aa03a98a,LanguageGuide/CollectionTypes.xhtml,LanguageGuide/CollectionTypes.xhtml#Creating-a-Set-with-an-Array-Literal,1,swift.sets.literal,mapped-to-canonical-lessons,pending-editorial-validation,pending-swift-6.4-toolchain,"var favoriteGenres: Set = [""Rock"", ""Classical"", ""Hip hop""]"
c13a982a68d64e9ce96b0318587fa9c822ad5de53671502ce64365c07541ca95,LanguageGuide/CollectionTypes.xhtml,LanguageGuide/CollectionTypes.xhtml#Creating-an-Array-by-Adding-Two-Arrays-Together,1,swift.arrays.concatenate,mapped-to-canonical-lessons,pending-editorial-validation,pending-swift-6.4-toolchain,"var anotherThreeDoubles = Array(repeating: 2.5, count: 3)
// anotherThreeDoubles is of type [Double], and equals [2.5, 2"
741958bf6ce06f94f5b21c49c20fb1194b4e55f8ab00411c101b6f6fc1421d6a,LanguageGuide/CollectionTypes.xhtml,LanguageGuide/CollectionTypes.xhtml#Creating-an-Array-with-a-Default-Value,1,swift.arrays.repeating,mapped-to-canonical-lessons,pending-editorial-validation,pending-swift-6.4-toolchain,"var threeDoubles = Array(repeating: 0.0, count: 3)
// threeDoubles is of type [Double], and equals [0.0, 0.0, 0.0]"
36ab37177373d25276349a6ad80b55a4cb58c3f78504aabbdc5bcf89a41e564c,LanguageGuide/CollectionTypes.xhtml,LanguageGuide/CollectionTypes.xhtml#Creating-an-Array-with-an-Array-Literal,1,swift.arrays.literal,mapped-to-canonical-lessons,pending-editorial-validation,pending-swift-6.4-toolchain,"[value 1, value 2, value 3]"
50211a0181178b3a1ec9f137ce5d9aa2ee4fcc90918e5772c6a7830144ad99c5,LanguageGuide/CollectionTypes.xhtml,LanguageGuide/CollectionTypes.xhtml#Creating-an-Array-with-an-Array-Literal,1,swift.arrays.literal,mapped-to-canonical-lessons,pending-editorial-validation,pending-swift-6.4-toolchain,"var shoppingList: [String] = [""Eggs"", ""Milk""]
// shoppingList has been initialized with two initial items"
aaf0c88b35ca43ed11c900fb1266f14e480cfac4cfe96770bcf63038969f6e90,LanguageGuide/CollectionTypes.xhtml,LanguageGuide/CollectionTypes.xhtml#Creating-an-Array-with-an-Array-Literal,1,swift.arrays.literal,mapped-to-canonical-lessons,pending-editorial-validation,pending-swift-6.4-toolchain,"var shoppingList = [
""Eggs"",
""Milk"",
]"
bc33e25d40132c26c51da4d54dff3a9500c857d95d2a9f7c142ae4a8f0014d0f,LanguageGuide/CollectionTypes.xhtml,LanguageGuide/CollectionTypes.xhtml#Creating-an-Array-with-an-Array-Literal,1,swift.arrays.literal,mapped-to-canonical-lessons,pending-editorial-validation,pending-swift-6.4-toolchain,"var shoppingList = [""Eggs"", ""Milk""]"
37616ad5d9a778c6e2c0f866be1afbffeb4f0df5fb4c20a6bc8bfca01e944f05,LanguageGuide/CollectionTypes.xhtml,LanguageGuide/CollectionTypes.xhtml#Creating-an-Empty-Array,1,swift.arrays.empty,mapped-to-canonical-lessons,pending-editorial-validation,pending-swift-6.4-toolchain,"someInts.append(3)
// someInts now contains 1 value of type Int
someInts = []
// someInts is now an empty array, but is "
b24cfa513d83b11f806eb51a08dd79b41682af2cdca784d21a0216a1300cdd53,LanguageGuide/CollectionTypes.xhtml,LanguageGuide/CollectionTypes.xhtml#Creating-an-Empty-Array,1,swift.arrays.empty,mapped-to-canonical-lessons,pending-editorial-validation,pending-swift-6.4-toolchain,"var someInts: [Int] = []
print(""someInts is of type [Int] with \(someInts.count) items."")
// Prints ""someInts is of type"
da3fe350279761df0b4a17b7e23a3183837405358865d05fbabf3535d2125894,LanguageGuide/CollectionTypes.xhtml,LanguageGuide/CollectionTypes.xhtml#Creating-an-Empty-Array,1,swift.arrays.empty,mapped-to-canonical-lessons,pending-editorial-validation,pending-swift-6.4-toolchain,"var someInts = [Int]()
print(""someInts is of type [Int] with \(someInts.count) items."")
// Prints ""someInts is of type ["
4a5537d2bb130dc4f020f84cab571d00a4eecf663bc10248c7bad1f8fc09c39c,LanguageGuide/CollectionTypes.xhtml,LanguageGuide/CollectionTypes.xhtml#Creating-an-Empty-Dictionary,1,swift.dictionaries.empty,mapped-to-canonical-lessons,pending-editorial-validation,pending-swift-6.4-toolchain,"var namesOfIntegers: [Int: String] = [:]
// namesOfIntegers is an empty [Int: String] dictionary"
abaec8aeff539ec3a9fce65ff96423460d6de6d7f52ed9a12751c97f78a2de07,LanguageGuide/CollectionTypes.xhtml,LanguageGuide/CollectionTypes.xhtml#Creating-an-Empty-Dictionary,1,swift.dictionaries.empty,mapped-to-canonical-lessons,pending-editorial-validation,pending-swift-6.4-toolchain,"namesOfIntegers[16] = ""sixteen""
// namesOfIntegers now contains 1 key-value pair
namesOfIntegers = [:]
// namesOfInteger"
18433ea7e77b6a5db500338f4b33fea126fe338831cfc4eb843f33c3aa651d05,LanguageGuide/CollectionTypes.xhtml,LanguageGuide/CollectionTypes.xhtml#Creating-and-Initializing-an-Empty-Set,1,swift.sets.empty,mapped-to-canonical-lessons,pending-editorial-validation,pending-swift-6.4-toolchain,"var letters = Set<Character>()
print(""letters is of type Set<Character> with \(letters.count) items."")
// Prints ""letter"
e343affdc288cb26dcf57e46b7e2382b6e18d5e312fc961ec0ad8f195762ac55,LanguageGuide/CollectionTypes.xhtml,LanguageGuide/CollectionTypes.xhtml#Creating-and-Initializing-an-Empty-Set,1,swift.sets.empty,mapped-to-canonical-lessons,pending-editorial-validation,pending-swift-6.4-toolchain,"letters.insert(""a"")
// letters now contains 1 value of type Character
letters = []
// letters is now an empty set, but i"
5ba772deee179c2fac615e1c942fc882863e96f5c0dd8239833511fac1bcb2d0,LanguageGuide/CollectionTypes.xhtml,LanguageGuide/CollectionTypes.xhtml#Fundamental-Set-Operations,1,swift.sets.subtract-symmetric|swift.sets.union-intersection,mapped-to-canonical-lessons,pending-editorial-validation,pending-swift-6.4-toolchain,"let oddDigits: Set = [1, 3, 5, 7, 9]
let evenDigits: Set = [0, 2, 4, 6, 8]
let singleDigitPrimeNumbers: Set = [2, 3, 5, "
75d2dc4b7f9d40ab3a8d92c2e28aa469c1b1da6850fbd80b478520816235e19d,LanguageGuide/CollectionTypes.xhtml,LanguageGuide/CollectionTypes.xhtml#Iterating-Over-a-Dictionary,1,swift.dictionaries.iteration,mapped-to-canonical-lessons,pending-editorial-validation,pending-swift-6.4-toolchain,"let airportCodes = [String](airports.keys)
// airportCodes is [""LHR"", ""YYZ""]

let airportNames = [String](airports.value"
9d888f7ed14ebfc0428ef6f6ed8c105bb97385a1c3e1e81cae35bdd4ba1bca62,LanguageGuide/CollectionTypes.xhtml,LanguageGuide/CollectionTypes.xhtml#Iterating-Over-a-Dictionary,1,swift.dictionaries.iteration,mapped-to-canonical-lessons,pending-editorial-validation,pending-swift-6.4-toolchain,"for (airportCode, airportName) in airports {
print(""\(airportCode): \(airportName)"")
}
// LHR: London Heathrow
// YYZ: T"
ad3a5006c263450ac3f62060b7d2f1e5fe818d408087e5558dd237886d508a12,LanguageGuide/CollectionTypes.xhtml,LanguageGuide/CollectionTypes.xhtml#Iterating-Over-a-Dictionary,1,swift.dictionaries.iteration,mapped-to-canonical-lessons,pending-editorial-validation,pending-swift-6.4-toolchain,"for airportCode in airports.keys {
print(""Airport code: \(airportCode)"")
}
// Airport code: LHR
// Airport code: YYZ

fo"
6eba6a4abd8293d5dde65cbed0ed7f2d732802fa885d9aca74b4394c7bc5974d,LanguageGuide/CollectionTypes.xhtml,LanguageGuide/CollectionTypes.xhtml#Iterating-Over-a-Set,1,swift.sets.sorted-iteration,mapped-to-canonical-lessons,pending-editorial-validation,pending-swift-6.4-toolchain,"for genre in favoriteGenres.sorted() {
print(""\(genre)"")
}
// Classical
// Hip hop
// Jazz"
9fe5e17dd7246b96238bb4d6bfe756f610a6db1edf3f3e4bcb464edb544ccc75,LanguageGuide/CollectionTypes.xhtml,LanguageGuide/CollectionTypes.xhtml#Iterating-Over-a-Set,1,swift.sets.sorted-iteration,mapped-to-canonical-lessons,pending-editorial-validation,pending-swift-6.4-toolchain,"for genre in favoriteGenres {
print(""\(genre)"")
}
// Classical
// Jazz
// Hip hop"
0c8c631ab706cfd7749f512635040103073b57bfd3b3b06aacf7d6f073080063,LanguageGuide/CollectionTypes.xhtml,LanguageGuide/CollectionTypes.xhtml#Iterating-Over-an-Array,1,swift.arrays.enumerated,mapped-to-canonical-lessons,pending-editorial-validation,pending-swift-6.4-toolchain,"for (index, value) in shoppingList.enumerated() {
print(""Item \(index + 1): \(value)"")
}
// Item 1: Six eggs
// Item 2: "
ef70ac8d567426e74677a1624be1f392768ce879d1088450c86f437ed04b280c,LanguageGuide/CollectionTypes.xhtml,LanguageGuide/CollectionTypes.xhtml#Iterating-Over-an-Array,1,swift.arrays.enumerated,mapped-to-canonical-lessons,pending-editorial-validation,pending-swift-6.4-toolchain,"for item in shoppingList {
print(item)
}
// Six eggs
// Milk
// Flour
// Baking Powder
// Bananas"
ca0a8a9df9de0d7432242ca5f7ce297c2aedf7d124461b5dfcc66929dfa8e537,LanguageGuide/CollectionTypes.xhtml,LanguageGuide/CollectionTypes.xhtml#Set-Membership-and-Equality,1,swift.sets.disjoint|swift.sets.subset,mapped-to-canonical-lessons,pending-editorial-validation,pending-swift-6.4-toolchain,"let houseAnimals: Set = [""🐶"", ""🐱""]
let farmAnimals: Set = [""🐮"", ""🐔"", ""🐑"", ""🐶"", ""🐱""]
let cityAnimals: Set = [""🐦"", ""🐭""]

h"
1643b295b7f4ef518310a5ad34f51313e98ab913ed65ddf1b5e7beb74c8b0d59,LanguageGuide/Concurrency.xhtml,LanguageGuide/Concurrency.xhtml#Actors,1,swift.concurrency.actor,mapped-to-canonical-lessons,pending-editorial-validation,pending-swift-6.4-toolchain,"extension TemperatureLogger {
func convertFahrenheitToCelsius() {
for i in measurements.indices {
measurements[i] = (mea"
26e1dd3bc44e95a8b78b612434d4d244c157f042c806e5a94641379d4a6545e6,LanguageGuide/Concurrency.xhtml,LanguageGuide/Concurrency.xhtml#Actors,1,swift.concurrency.actor,mapped-to-canonical-lessons,pending-editorial-validation,pending-swift-6.4-toolchain,print(logger.max) // Error
59a496d3369805bebed9d69b69279f25802b1f695ed2d95fae01550640565f3f,LanguageGuide/Concurrency.xhtml,LanguageGuide/Concurrency.xhtml#Actors,1,swift.concurrency.actor,mapped-to-canonical-lessons,pending-editorial-validation,pending-swift-6.4-toolchain,"let logger = TemperatureLogger(label: ""Outdoors"", measurement: 25)
print(await logger.max)
// Prints ""25""."
79be0d92d5a5c3b94c66e2f3661cea36cf4d703ab9b75020dd91800cb0f2a1db,LanguageGuide/Concurrency.xhtml,LanguageGuide/Concurrency.xhtml#Actors,1,swift.concurrency.actor,mapped-to-canonical-lessons,pending-editorial-validation,pending-swift-6.4-toolchain,"extension TemperatureLogger {
func update(with measurement: Int) {
measurements.append(measurement)
if measurement > max"
bf798c391a642d5c1d7d631f76da2fce5932a46e22909b162399d6c713340bb3,LanguageGuide/Concurrency.xhtml,LanguageGuide/Concurrency.xhtml#Actors,1,swift.concurrency.actor,mapped-to-canonical-lessons,pending-editorial-validation,pending-swift-6.4-toolchain,"actor TemperatureLogger {
let label: String
var measurements: [Int]
private(set) var max: Int

init(label: String, measu"
b2f64d94d8a1874b8609c47b869af232a6a1c2d61b1ad215b50088d1593c70fd,LanguageGuide/Concurrency.xhtml,LanguageGuide/Concurrency.xhtml#Asynchronous-Sequences,1,swift.concurrency.async-sequence,mapped-to-canonical-lessons,pending-editorial-validation,pending-swift-6.4-toolchain,"import Foundation

let handle = FileHandle.standardInput
for try await line in handle.bytes.lines {
print(line)
}"
3a79916a4bc3b0321423e8889b7c37393afbf267a9150d9b876193371b50b6fe,LanguageGuide/Concurrency.xhtml,LanguageGuide/Concurrency.xhtml#Calling-Asynchronous-Functions-in-Parallel,1,swift.concurrency.async-let,mapped-to-canonical-lessons,pending-editorial-validation,pending-swift-6.4-toolchain,"async let firstPhoto = downloadPhoto(named: photoNames[0])
async let secondPhoto = downloadPhoto(named: photoNames[1])
a"
9a014cf3d5772e497074c065e1e07e1ecb136c8effcba211449d3d63a38eb5f3,LanguageGuide/Concurrency.xhtml,LanguageGuide/Concurrency.xhtml#Calling-Asynchronous-Functions-in-Parallel,1,swift.concurrency.async-let,mapped-to-canonical-lessons,pending-editorial-validation,pending-swift-6.4-toolchain,"let firstPhoto = await downloadPhoto(named: photoNames[0])
let secondPhoto = await downloadPhoto(named: photoNames[1])
l"
13b8bc00bf159dbc84d58de871c690f0d5e86de8dafd37c3ace358eb4ac02e26,LanguageGuide/Concurrency.xhtml,LanguageGuide/Concurrency.xhtml#Defining-and-Calling-Asynchronous-Functions,1,swift.concurrency.async-function|swift.concurrency.await,mapped-to-canonical-lessons,pending-editorial-validation,pending-swift-6.4-toolchain,"func availableRainyWeekendPhotos() -> Result<[String], Error> {
return Result {
try listDownloadedPhotos(inGallery: ""A R"
2e42ebd7c3cf53e9149f2f014d70714f78e6c46db8183e8bd0c73bb1c4d77b36,LanguageGuide/Concurrency.xhtml,LanguageGuide/Concurrency.xhtml#Defining-and-Calling-Asynchronous-Functions,1,swift.concurrency.async-function|swift.concurrency.await,mapped-to-canonical-lessons,pending-editorial-validation,pending-swift-6.4-toolchain,"func listPhotos(inGallery name: String) async throws -> [String] {
try await Task.sleep(for: .seconds(2))
return [""IMG00"
2fb87cb3ea57fea78807ac1e75b66904844e7488bd4f071e587322d25b72223f,LanguageGuide/Concurrency.xhtml,LanguageGuide/Concurrency.xhtml#Defining-and-Calling-Asynchronous-Functions,1,swift.concurrency.async-function|swift.concurrency.await,mapped-to-canonical-lessons,pending-editorial-validation,pending-swift-6.4-toolchain,"let photos = try await listPhotos(inGallery: ""A Rainy Weekend"")"
5c258cb2641f703f2ae10c2d326f22ad44244c57b2f0c1224c433368a8485404,LanguageGuide/Concurrency.xhtml,LanguageGuide/Concurrency.xhtml#Defining-and-Calling-Asynchronous-Functions,1,swift.concurrency.async-function|swift.concurrency.await,mapped-to-canonical-lessons,pending-editorial-validation,pending-swift-6.4-toolchain,"let photoNames = await listPhotos(inGallery: ""Summer Vacation"")
let sortedNames = photoNames.sorted()
let name = sortedN"
6b5f7d68247ad2b9e7c5a8a6268355c10226dc9852deb7c598c60f8f0f202529,LanguageGuide/Concurrency.xhtml,LanguageGuide/Concurrency.xhtml#Defining-and-Calling-Asynchronous-Functions,1,swift.concurrency.async-function|swift.concurrency.await,mapped-to-canonical-lessons,pending-editorial-validation,pending-swift-6.4-toolchain,"func listPhotos(inGallery name: String) async -> [String] {
let result = // ... some asynchronous networking code ...
re"
4db667e571fe10830599a5f7e6669fca8099ff8e097b66f3d0bcf9a7cf763bf3,LanguageGuide/Concurrency.xhtml,LanguageGuide/Concurrency.xhtml#Sendable-Types,1,swift.concurrency.sendable,mapped-to-canonical-lessons,pending-editorial-validation,pending-swift-6.4-toolchain,"struct TemperatureReading {
var measurement: Int
}"
b40b9b711f4cc57b7c032b38c2f2c1085d6b7ad688ffdd0663db611e437fdbbe,LanguageGuide/Concurrency.xhtml,LanguageGuide/Concurrency.xhtml#Sendable-Types,1,swift.concurrency.sendable,mapped-to-canonical-lessons,pending-editorial-validation,pending-swift-6.4-toolchain,"struct FileDescriptor {
let rawValue: Int
}

@available(*, unavailable)
extension FileDescriptor: Sendable {}"
c1ce94e6cd261b3996ad48f30dc534dd3a5a0c9bdb0be8888cb2c36948e10ded,LanguageGuide/Concurrency.xhtml,LanguageGuide/Concurrency.xhtml#Sendable-Types,1,swift.concurrency.sendable,mapped-to-canonical-lessons,pending-editorial-validation,pending-swift-6.4-toolchain,"struct TemperatureReading: Sendable {
var measurement: Int
}

extension TemperatureLogger {
func addReading(from reading"
ac7db343fc6bdb551cf9e3f3071b6f2a8c1724dc008ed1712fe8f6a23bb5c87b,LanguageGuide/Concurrency.xhtml,LanguageGuide/Concurrency.xhtml#Task-Cancellation,1,swift.concurrency.cancellation,mapped-to-canonical-lessons,pending-editorial-validation,pending-swift-6.4-toolchain,"let task = Task {
await withTaskCancellationHandler {
// ...
} onCancel: {
print(""Canceled!"")
}
}

// ... some time late"
f121105009ef9067cf8c3f04db76682b1e8176dcd77b21289a584b35268c8eaa,LanguageGuide/Concurrency.xhtml,LanguageGuide/Concurrency.xhtml#Task-Cancellation,1,swift.concurrency.cancellation,mapped-to-canonical-lessons,pending-editorial-validation,pending-swift-6.4-toolchain,"let photos = await withTaskGroup { group in
let photoNames = await listPhotos(inGallery: ""Summer Vacation"")
for name in "
c0f9cbd391ebbf62a08f09cb5691873ef2fd9ad63ddb776196c2e2d86dc015eb,LanguageGuide/Concurrency.xhtml,LanguageGuide/Concurrency.xhtml#Tasks-and-Task-Groups,1,swift.concurrency.task-group,mapped-to-canonical-lessons,pending-editorial-validation,pending-swift-6.4-toolchain,"let photos = await withTaskGroup(of: Data.self) { group in
let photoNames = await listPhotos(inGallery: ""Summer Vacation"
dd5eefa83746dfb8235cd0516da3555b159ffbff36faf7c2d71f4a8a303f6045,LanguageGuide/Concurrency.xhtml,LanguageGuide/Concurrency.xhtml#Tasks-and-Task-Groups,1,swift.concurrency.task-group,mapped-to-canonical-lessons,pending-editorial-validation,pending-swift-6.4-toolchain,"await withTaskGroup(of: Data.self) { group in
let photoNames = await listPhotos(inGallery: ""Summer Vacation"")
for name i"
0ea56770a99643ab3451ebf3030240b294a2995ede1e3b6aed27c4865bd597a2,LanguageGuide/Concurrency.xhtml,LanguageGuide/Concurrency.xhtml#The-Main-Actor,1,swift.concurrency.main-actor,mapped-to-canonical-lessons,pending-editorial-validation,pending-swift-6.4-toolchain,"let photo = await downloadPhoto(named: ""Trees at Sunrise"")
Task { @MainActor in
show(photo)
}"
1be63ed5350a8127a41fbe257503e1b99e5bed90859e178666cb0065495c26d8,LanguageGuide/Concurrency.xhtml,LanguageGuide/Concurrency.xhtml#The-Main-Actor,1,swift.concurrency.main-actor,mapped-to-canonical-lessons,pending-editorial-validation,pending-swift-6.4-toolchain,"@MainActor
protocol View { /* ... */ }

// Implicitly @MainActor
struct PhotoGalleryView: View { /* ... */ }"
49691a8df158f207b58de7d85bf397a549deca49317f69738e05b2a39991a203,LanguageGuide/Concurrency.xhtml,LanguageGuide/Concurrency.xhtml#The-Main-Actor,1,swift.concurrency.main-actor,mapped-to-canonical-lessons,pending-editorial-validation,pending-swift-6.4-toolchain,"struct PhotoGallery {
@MainActor var photoNames: [String]
var hasCachedPhotos = false

@MainActor func drawUI() { /* ..."
733321f78a5d971df970f870c23db25bc4ac4cb4bfb6edf3ec6267f5109e0a61,LanguageGuide/Concurrency.xhtml,LanguageGuide/Concurrency.xhtml#The-Main-Actor,1,swift.concurrency.main-actor,mapped-to-canonical-lessons,pending-editorial-validation,pending-swift-6.4-toolchain,"@MainActor
struct PhotoGallery {
var photoNames: [String]
func drawUI() { /* ... other UI code ... */ }
}"
8910967f2b9a33a732d8951f8a015277d281bf20b04cc9c048e74f68c40f7708,LanguageGuide/Concurrency.xhtml,LanguageGuide/Concurrency.xhtml#The-Main-Actor,1,swift.concurrency.main-actor,mapped-to-canonical-lessons,pending-editorial-validation,pending-swift-6.4-toolchain,"func downloadAndShowPhoto(named name: String) async {
let photo = await downloadPhoto(named: name)
await show(photo)
}"
cb1547fd9718876c6c5f66075775f9dc073da3a5645199b5069f5396cf1710c5,LanguageGuide/Concurrency.xhtml,LanguageGuide/Concurrency.xhtml#The-Main-Actor,1,swift.concurrency.main-actor,mapped-to-canonical-lessons,pending-editorial-validation,pending-swift-6.4-toolchain,"@MainActor
func show(_: Data) {
// ... UI code to display the photo ...
}"
0b1ea23f8a88f2d96e4d79f77f2e12adf0f21842a5784242d25bfcbdeb381dde,LanguageGuide/Concurrency.xhtml,LanguageGuide/Concurrency.xhtml#Unstructured-Concurrency,1,swift.concurrency.unstructured,mapped-to-canonical-lessons,pending-editorial-validation,pending-swift-6.4-toolchain,"let newPhoto = // ... some photo data ...
let handle = Task {
return await add(newPhoto, toGalleryNamed: ""Spring Adventu"
966a7833f9cf6a0bfd9ec8153f8cd8f3d3de3468c00b0b5e986fc959729e5018,LanguageGuide/Concurrency.xhtml,LanguageGuide/Concurrency.xhtml#concurrency,1,swift.concurrency.async-function,mapped-to-canonical-lessons,pending-editorial-validation,pending-swift-6.4-toolchain,"listPhotos(inGallery: ""Summer Vacation"") { photoNames in
let sortedNames = photoNames.sorted()
let name = sortedNames[0]"
5462e10769b2973d249bd3175112ddad3e0bc0a2922bc3e3cc1a8512cd80671a,LanguageGuide/ControlFlow.xhtml,LanguageGuide/ControlFlow.xhtml#Break-in-a-Switch-Statement,1,swift.transfer.break-switch,mapped-to-canonical-lessons,pending-editorial-validation,pending-swift-6.4-toolchain,"let numberSymbol: Character = ""三"" // Chinese symbol for the number 3
var possibleIntegerValue: Int?
switch numberSymbol "
a89c480352f864421cc7a2c7f98380f42cdf0c6e0d0949695d82af05be9d5924,LanguageGuide/ControlFlow.xhtml,LanguageGuide/ControlFlow.xhtml#Checking-API-Availability,1,swift.availability.available|swift.availability.unavailable,mapped-to-canonical-lessons,pending-editorial-validation,pending-swift-6.4-toolchain,"if #available(iOS 10, macOS 10.12, *) {
// Use iOS 10 APIs on iOS, and use macOS 10.12 APIs on macOS
} else {
// Fall ba"
d1b0f68da14cc477b6aef4198b4c055455b920a74b09905d6627029f9fee5097,LanguageGuide/ControlFlow.xhtml,LanguageGuide/ControlFlow.xhtml#Checking-API-Availability,1,swift.availability.available|swift.availability.unavailable,mapped-to-canonical-lessons,pending-editorial-validation,pending-swift-6.4-toolchain,"if #available(iOS 10, *) {
} else {
// Fallback code
}

if #unavailable(iOS 10) {
// Fallback code
}"
e3bbd8a19badf2c8c7897b266eb0400274827c4fe24318271ebb6627e9f1ae1d,LanguageGuide/ControlFlow.xhtml,LanguageGuide/ControlFlow.xhtml#Checking-API-Availability,1,swift.availability.available|swift.availability.unavailable,mapped-to-canonical-lessons,pending-editorial-validation,pending-swift-6.4-toolchain,"@available(macOS 10.12, *)
struct ColorPreference {
var bestColor = ""blue""
}

func chooseBestColor() -> String {
guard #"
773784c994437cbb33f54bea09ab6bda1efebf82cb4fc1f83e70f1225ee10d71,LanguageGuide/ControlFlow.xhtml|ReferenceManual/Statements.xhtml,LanguageGuide/ControlFlow.xhtml#Checking-API-Availability|ReferenceManual/Statements.xhtml#Availability-Condition,2,swift.availability.available|swift.availability.condition|swift.availability.unavailable,mapped-to-canonical-lessons,pending-editorial-validation,pending-swift-6.4-toolchain,"if #available(platform name version, ..., *) {
statements to execute if the APIs are available
} else {
fallback stateme"
cf80dc5af9b866c29fcb9f663a432f1955b1eaf42aa231e2801a9ac5f41899c4,LanguageGuide/ControlFlow.xhtml,LanguageGuide/ControlFlow.xhtml#Compound-Cases,1,swift.switches.compound-binding,mapped-to-canonical-lessons,pending-editorial-validation,pending-swift-6.4-toolchain,"let someCharacter: Character = ""e""
switch someCharacter {
case ""a"", ""e"", ""i"", ""o"", ""u"":
print(""\(someCharacter) is a vow"
df3b61f5251dad65f1247dec25650e0b9ce91b8ab247a70a0046a1f4a4a59e32,LanguageGuide/ControlFlow.xhtml,LanguageGuide/ControlFlow.xhtml#Compound-Cases,1,swift.switches.compound-binding,mapped-to-canonical-lessons,pending-editorial-validation,pending-swift-6.4-toolchain,"let stillAnotherPoint = (9, 0)
switch stillAnotherPoint {
case (let distance, 0), (0, let distance):
print(""On an axis, "
31b18d2a9f695998037e3bbde25f099f10625315a4202321331a2958044f350f,LanguageGuide/ControlFlow.xhtml,LanguageGuide/ControlFlow.xhtml#Continue,1,swift.transfer.continue,mapped-to-canonical-lessons,pending-editorial-validation,pending-swift-6.4-toolchain,"let puzzleInput = ""great minds think alike""
var puzzleOutput = """"
let charactersToRemove: [Character] = [""a"", ""e"", ""i"", "
6de5b27468bda3ddf8c8a12a691ca25a869a9ecdec6b51bfdd81733ec2aaff58,LanguageGuide/ControlFlow.xhtml,LanguageGuide/ControlFlow.xhtml#Deferred-Actions,1,swift.defer.reverse-order|swift.defer.scope-exit,mapped-to-canonical-lessons,pending-editorial-validation,pending-swift-6.4-toolchain,"var score = 1
if score < 10 {
defer {
print(score)
}
score += 5
}
// Prints ""6""."
ca3279e980602dd5d03648db53b62c08e546ab90cb7cd9adb2051f7eaf6ad8ec,LanguageGuide/ControlFlow.xhtml,LanguageGuide/ControlFlow.xhtml#Deferred-Actions,1,swift.defer.reverse-order|swift.defer.scope-exit,mapped-to-canonical-lessons,pending-editorial-validation,pending-swift-6.4-toolchain,"var score = 3
if score < 100 {
score += 100
defer {
score -= 100
}
// Other code that uses the score with its bonus goes"
d1fba2c8c13b1510e0fed56e6978faa705a1b41b4dd61cca001fc031dfa90813,LanguageGuide/ControlFlow.xhtml,LanguageGuide/ControlFlow.xhtml#Deferred-Actions,1,swift.defer.reverse-order|swift.defer.scope-exit,mapped-to-canonical-lessons,pending-editorial-validation,pending-swift-6.4-toolchain,"if score < 10 {
defer {
print(score)
}
defer {
print(""The score is:"")
}
score += 5
}
// Prints ""The score is:"".
// Print"
aa2360b8d731b39c0c196d1981e0151f893495c4d239940044d8e0a341a5dfc5,LanguageGuide/ControlFlow.xhtml,LanguageGuide/ControlFlow.xhtml#Early-Exit,1,swift.guard.early-exit,mapped-to-canonical-lessons,pending-editorial-validation,pending-swift-6.4-toolchain,"func greet(person: [String: String]) {
guard let name = person[""name""] else {
return
}

print(""Hello \(name)!"")

guard l"
4d004ee0331d0ef079dfd637ed9fbf36276f533a3886e301e432398a181d7921,LanguageGuide/ControlFlow.xhtml,LanguageGuide/ControlFlow.xhtml#Fallthrough,1,swift.transfer.fallthrough,mapped-to-canonical-lessons,pending-editorial-validation,pending-swift-6.4-toolchain,"let integerToDescribe = 5
var description = ""The number \(integerToDescribe) is""
switch integerToDescribe {
case 2, 3, 5"
4516e8e4bd0ca0a057b3145f7df9701f0d993a11d07950d961f401f1f70a908f,LanguageGuide/ControlFlow.xhtml,LanguageGuide/ControlFlow.xhtml#For-In-Loops,1,swift.loops.dictionary-pairs|swift.loops.for-in|swift.loops.ignore-value|swift.loops.stride-through|swift.loops.stride-to,mapped-to-canonical-lessons,pending-editorial-validation,pending-swift-6.4-toolchain,"let names = [""Anna"", ""Alex"", ""Brian"", ""Jack""]
for name in names {
print(""Hello, \(name)!"")
}
// Hello, Anna!
// Hello, A"
569b47e006cf6e858faccf494132283ca52c30a0c6deb5f308cd790558df1e1b,LanguageGuide/ControlFlow.xhtml,LanguageGuide/ControlFlow.xhtml#For-In-Loops,1,swift.loops.dictionary-pairs|swift.loops.for-in|swift.loops.ignore-value|swift.loops.stride-through|swift.loops.stride-to,mapped-to-canonical-lessons,pending-editorial-validation,pending-swift-6.4-toolchain,"let minuteInterval = 5
for tickMark in stride(from: 0, to: minutes, by: minuteInterval) {
// render the tick mark every "
7233b08b56043e23c5f30c0640a1eb84f4d2684340f3b14596245317e3853291,LanguageGuide/ControlFlow.xhtml,LanguageGuide/ControlFlow.xhtml#For-In-Loops,1,swift.loops.dictionary-pairs|swift.loops.for-in|swift.loops.ignore-value|swift.loops.stride-through|swift.loops.stride-to,mapped-to-canonical-lessons,pending-editorial-validation,pending-swift-6.4-toolchain,"let minutes = 60
for tickMark in 0..<minutes {
// render the tick mark each minute (60 times)
}"
779e4d2583ef27ca5a96f31681e518bdbe87c757c93a1bb79f6737dc0f3fe7d3,LanguageGuide/ControlFlow.xhtml,LanguageGuide/ControlFlow.xhtml#For-In-Loops,1,swift.loops.dictionary-pairs|swift.loops.for-in|swift.loops.ignore-value|swift.loops.stride-through|swift.loops.stride-to,mapped-to-canonical-lessons,pending-editorial-validation,pending-swift-6.4-toolchain,"let hours = 12
let hourInterval = 3
for tickMark in stride(from: 3, through: hours, by: hourInterval) {
// render the ti"
8dcf443a6d428d0d8578678fc1449360c5ae5c932746812ee9d04f06ae14e5d1,LanguageGuide/ControlFlow.xhtml,LanguageGuide/ControlFlow.xhtml#For-In-Loops,1,swift.loops.dictionary-pairs|swift.loops.for-in|swift.loops.ignore-value|swift.loops.stride-through|swift.loops.stride-to,mapped-to-canonical-lessons,pending-editorial-validation,pending-swift-6.4-toolchain,"let numberOfLegs = [""spider"": 8, ""ant"": 6, ""cat"": 4]
for (animalName, legCount) in numberOfLegs {
print(""\(animalName)s "
98f8c6668e20850ae4a8cbed68aa567c06d7f5f3d10c5249946167d033793a08,LanguageGuide/ControlFlow.xhtml,LanguageGuide/ControlFlow.xhtml#For-In-Loops,1,swift.loops.dictionary-pairs|swift.loops.for-in|swift.loops.ignore-value|swift.loops.stride-through|swift.loops.stride-to,mapped-to-canonical-lessons,pending-editorial-validation,pending-swift-6.4-toolchain,"let base = 3
let power = 10
var answer = 1
for _ in 1...power {
answer *= base
}
print(""\(base) to the power of \(power)"
129032b49f981531003f1b954b76149030743109ed8834f9736173442cc18ce1,LanguageGuide/ControlFlow.xhtml,LanguageGuide/ControlFlow.xhtml#If,1,swift.conditionals.if-else|swift.conditionals.if-expression,mapped-to-canonical-lessons,pending-editorial-validation,pending-swift-6.4-toolchain,"var temperatureInFahrenheit = 30
if temperatureInFahrenheit <= 32 {
print(""It's very cold. Consider wearing a scarf."")
}"
2f737512e4485083c520519daede8ab92760089c8e1cdfc69f9f0dc7811ba275,LanguageGuide/ControlFlow.xhtml,LanguageGuide/ControlFlow.xhtml#If,1,swift.conditionals.if-else|swift.conditionals.if-expression,mapped-to-canonical-lessons,pending-editorial-validation,pending-swift-6.4-toolchain,"let weatherAdvice = if temperatureInCelsius > 100 {
throw TemperatureError.boiling
} else {
""It's a reasonable temperatu"
42a5b1fee32e1c565e77acf30999bb3dee7ddf332f089de29ae40d1160dee976,LanguageGuide/ControlFlow.xhtml,LanguageGuide/ControlFlow.xhtml#If,1,swift.conditionals.if-else|swift.conditionals.if-expression,mapped-to-canonical-lessons,pending-editorial-validation,pending-swift-6.4-toolchain,"let temperatureInCelsius = 25
let weatherAdvice: String

if temperatureInCelsius <= 0 {
weatherAdvice = ""It's very cold."
491fce6a7d5ac7726956cf393acbce7b723d52988cbd94c6f23cdaebe397a8ff,LanguageGuide/ControlFlow.xhtml,LanguageGuide/ControlFlow.xhtml#If,1,swift.conditionals.if-else|swift.conditionals.if-expression,mapped-to-canonical-lessons,pending-editorial-validation,pending-swift-6.4-toolchain,"let freezeWarning: String? = if temperatureInCelsius <= 0 {
""It's below freezing. Watch for ice!""
} else {
nil
}"
5b4d1b8d149127328132a59e09e3a878646d6f44950622a82b4fa31ee7450f09,LanguageGuide/ControlFlow.xhtml,LanguageGuide/ControlFlow.xhtml#If,1,swift.conditionals.if-else|swift.conditionals.if-expression,mapped-to-canonical-lessons,pending-editorial-validation,pending-swift-6.4-toolchain,"let weatherAdvice = if temperatureInCelsius <= 0 {
""It's very cold. Consider wearing a scarf.""
} else if temperatureInCe"
5dfccb36f0a701936211bf8656cc6b601f2f675510c0052d959f1d053b39c8b8,LanguageGuide/ControlFlow.xhtml,LanguageGuide/ControlFlow.xhtml#If,1,swift.conditionals.if-else|swift.conditionals.if-expression,mapped-to-canonical-lessons,pending-editorial-validation,pending-swift-6.4-toolchain,"temperatureInFahrenheit = 40
if temperatureInFahrenheit <= 32 {
print(""It's very cold. Consider wearing a scarf."")
} els"
a8214cd951f7f2721534483cb18621b909638892f772f1fae78db427483999e4,LanguageGuide/ControlFlow.xhtml,LanguageGuide/ControlFlow.xhtml#If,1,swift.conditionals.if-else|swift.conditionals.if-expression,mapped-to-canonical-lessons,pending-editorial-validation,pending-swift-6.4-toolchain,"temperatureInFahrenheit = 90
if temperatureInFahrenheit <= 32 {
print(""It's very cold. Consider wearing a scarf."")
} els"
cc091e7cdc5bc3ccf362aa76b32f62e36b3cf31f30a7a1c7fb6a5596ab4a5d1b,LanguageGuide/ControlFlow.xhtml,LanguageGuide/ControlFlow.xhtml#If,1,swift.conditionals.if-else|swift.conditionals.if-expression,mapped-to-canonical-lessons,pending-editorial-validation,pending-swift-6.4-toolchain,"temperatureInFahrenheit = 72
if temperatureInFahrenheit <= 32 {
print(""It's very cold. Consider wearing a scarf."")
} els"
ceabb933236a2ad2905b44a39c7b30a421dff0f047decced3da2382c9a926677,LanguageGuide/ControlFlow.xhtml,LanguageGuide/ControlFlow.xhtml#If,1,swift.conditionals.if-else|swift.conditionals.if-expression,mapped-to-canonical-lessons,pending-editorial-validation,pending-swift-6.4-toolchain,"let freezeWarning = if temperatureInCelsius <= 0 {
""It's below freezing. Watch for ice!""
} else {
nil as String?
}"
0c002ed721de77fa502bb0da5c49d8936aeb2f6ce8dd61eb4ec59dc2d637042d,LanguageGuide/ControlFlow.xhtml,LanguageGuide/ControlFlow.xhtml#Interval-Matching,1,swift.switches.interval,mapped-to-canonical-lessons,pending-editorial-validation,pending-swift-6.4-toolchain,"let approximateCount = 62
let countedThings = ""moons orbiting Saturn""
let naturalCount: String
switch approximateCount {"
9b3cc5ce45402e4d654b2499ceb649375913fd6289fcd33ab98a34117f9ac134,LanguageGuide/ControlFlow.xhtml,LanguageGuide/ControlFlow.xhtml#Labeled-Statements,1,swift.transfer.labeled-break,mapped-to-canonical-lessons,pending-editorial-validation,pending-swift-6.4-toolchain,"gameLoop: while square != finalSquare {
diceRoll += 1
if diceRoll == 7 { diceRoll = 1 }
switch square + diceRoll {
case "
a05dfabcdaf3c0da3f0f94c88fdb49f263fa287c9815305dde68fde3987d2f95,LanguageGuide/ControlFlow.xhtml,LanguageGuide/ControlFlow.xhtml#Labeled-Statements,1,swift.transfer.labeled-break,mapped-to-canonical-lessons,pending-editorial-validation,pending-swift-6.4-toolchain,"label name: while condition {
statements
}"
6bd9c12b4e4a80b1a50e8b26da1b338227ffe2b139024a524aaaa04814ec9932,LanguageGuide/ControlFlow.xhtml,LanguageGuide/ControlFlow.xhtml#Labeled-Statements|LanguageGuide/ControlFlow.xhtml#Repeat-While,2,swift.loops.repeat-while|swift.transfer.labeled-break,mapped-to-canonical-lessons,pending-editorial-validation,pending-swift-6.4-toolchain,"let finalSquare = 25
var board = [Int](repeating: 0, count: finalSquare + 1)
board[03] = +08; board[06] = +11; board[09]"
13f952aba86d5f2fd96b82b43a4de0bd25111f8ec7456f8a611af008795a47f8,LanguageGuide/ControlFlow.xhtml,LanguageGuide/ControlFlow.xhtml#No-Implicit-Fallthrough,1,swift.switches.compound-case,mapped-to-canonical-lessons,pending-editorial-validation,pending-swift-6.4-toolchain,"let anotherCharacter: Character = ""a""
switch anotherCharacter {
case ""a"", ""A"":
print(""The letter A"")
default:
print(""Not"
655bc17c3ed2cf04621cee564e72fd33a99d5cf081f9b153690fec9e72456c53,LanguageGuide/ControlFlow.xhtml,LanguageGuide/ControlFlow.xhtml#No-Implicit-Fallthrough,1,swift.switches.compound-case,mapped-to-canonical-lessons,pending-editorial-validation,pending-swift-6.4-toolchain,"let anotherCharacter: Character = ""a""
switch anotherCharacter {
case ""a"": // Invalid, the case has an empty body
case ""A"
2c4b674385f0b4057c931423bb486442c74a12b83c123d68c7a53fcde46dfcf5,LanguageGuide/ControlFlow.xhtml,LanguageGuide/ControlFlow.xhtml#Patterns,1,swift.patterns.for-case|swift.patterns.for-case-where|swift.patterns.if-case,mapped-to-canonical-lessons,pending-editorial-validation,pending-swift-6.4-toolchain,"for case (let x, 0) in points {
print(""Found a point on the x-axis at \(x)"")
}
// Prints ""Found a point on the x-axis at"
57ba5b0d3bc1add2c5f017cd08896ecd5ea609c01b032e24c8a059cb91bb092e,LanguageGuide/ControlFlow.xhtml,LanguageGuide/ControlFlow.xhtml#Patterns,1,swift.patterns.for-case|swift.patterns.for-case-where|swift.patterns.if-case,mapped-to-canonical-lessons,pending-editorial-validation,pending-swift-6.4-toolchain,"for case let (x, y) in points where x == y || x == -y {
print(""Found (\(x), \(y)) along a line through the origin"")
}
//"
648e2be353b8edf26cbcad41a8536a897c36a9bc688e219ea9502775e423a346,LanguageGuide/ControlFlow.xhtml,LanguageGuide/ControlFlow.xhtml#Patterns,1,swift.patterns.for-case|swift.patterns.for-case-where|swift.patterns.if-case,mapped-to-canonical-lessons,pending-editorial-validation,pending-swift-6.4-toolchain,"let points = [(10, 0), (30, -30), (-20, 0)]

for (x, y) in points {
if y == 0 {
print(""Found a point on the x-axis at \("
851a19d4d7e3feec64ae1783307ac8d9c0132bedbe7bd237a965adc23f302d2d,LanguageGuide/ControlFlow.xhtml,LanguageGuide/ControlFlow.xhtml#Patterns,1,swift.patterns.for-case|swift.patterns.for-case-where|swift.patterns.if-case,mapped-to-canonical-lessons,pending-editorial-validation,pending-swift-6.4-toolchain,"let somePoint = (12, 100)
if case (let x, 100) = somePoint {
print(""Found a point on the y=100 line, at \(x)"")
}
// Prin"
4019cb82d4562dec4aba5b2608e173c5d5bcd70cf9af640c89b5bc4b7bd96e3f,LanguageGuide/ControlFlow.xhtml,LanguageGuide/ControlFlow.xhtml#Repeat-While,1,swift.loops.repeat-while,mapped-to-canonical-lessons,pending-editorial-validation,pending-swift-6.4-toolchain,"repeat {
// move up or down for a snake or ladder
square += board[square]
// roll the dice
diceRoll += 1
if diceRoll == "
6f12d73e19ecd77c671b501277cee4d3b8a119f12d5a5dd6e1b02745c9ef9d81,LanguageGuide/ControlFlow.xhtml|ReferenceManual/Statements.xhtml,LanguageGuide/ControlFlow.xhtml#Repeat-While|ReferenceManual/Statements.xhtml#Repeat-While-Statement,2,swift.loops.repeat-while,mapped-to-canonical-lessons,pending-editorial-validation,pending-swift-6.4-toolchain,"repeat {
statements
} while condition"
2979ac1bdd16b3e3c94ab9f9f612c0b4214464772d92dd410c519e3d9a9a6dfb,LanguageGuide/ControlFlow.xhtml,LanguageGuide/ControlFlow.xhtml#Switch,1,swift.switches.exhaustive|swift.switches.expression|swift.switches.statement,mapped-to-canonical-lessons,pending-editorial-validation,pending-swift-6.4-toolchain,"switch some value to consider {
case value 1:
respond to value 1
case value 2,
value 3:
respond to value 2 or 3
default:"
97a52c31b8efbb5d132923c6eab102d1c7a0254b946979c1557644b6b4425eff,LanguageGuide/ControlFlow.xhtml,LanguageGuide/ControlFlow.xhtml#Switch,1,swift.switches.exhaustive|swift.switches.expression|swift.switches.statement,mapped-to-canonical-lessons,pending-editorial-validation,pending-swift-6.4-toolchain,"let anotherCharacter: Character = ""a""
let message = switch anotherCharacter {
case ""a"":
""The first letter of the Latin a"
98de77e27e7dc41d5e8b5ff6bca70344935a253cf3a2b302fb0510f9500a8c79,LanguageGuide/ControlFlow.xhtml,LanguageGuide/ControlFlow.xhtml#Switch,1,swift.switches.exhaustive|swift.switches.expression|swift.switches.statement,mapped-to-canonical-lessons,pending-editorial-validation,pending-swift-6.4-toolchain,"let someCharacter: Character = ""z""
switch someCharacter {
case ""a"":
print(""The first letter of the Latin alphabet"")
case"
cb384c6307c82b291d6946ec2e3a6ab2c27fabfe7a2fbffdbfaa48f19adfc18a,LanguageGuide/ControlFlow.xhtml,LanguageGuide/ControlFlow.xhtml#Tuples,1,swift.switches.tuple-pattern,mapped-to-canonical-lessons,pending-editorial-validation,pending-swift-6.4-toolchain,"let somePoint = (1, 1)
switch somePoint {
case (0, 0):
print(""\(somePoint) is at the origin"")
case (_, 0):
print(""\(some"
0a75782af0a647626a1de209b54db9694496ddd8a6c01aee7ad5e6a320140b4b,LanguageGuide/ControlFlow.xhtml,LanguageGuide/ControlFlow.xhtml#Value-Bindings,1,swift.switches.value-binding,mapped-to-canonical-lessons,pending-editorial-validation,pending-swift-6.4-toolchain,"let anotherPoint = (2, 0)
switch anotherPoint {
case (let x, 0):
print(""on the x-axis with an x value of \(x)"")
case (0,"
ec75e4fb7ec0bccb79596e6e22be52e240364a87bfac06564eaf89f95d27b113,LanguageGuide/ControlFlow.xhtml,LanguageGuide/ControlFlow.xhtml#Where,1,swift.switches.where-clause,mapped-to-canonical-lessons,pending-editorial-validation,pending-swift-6.4-toolchain,"let yetAnotherPoint = (1, -1)
switch yetAnotherPoint {
case let (x, y) where x == y:
print(""(\(x), \(y)) is on the line "
2375dff62542656eafc411c032421151393821d5b3071cdced67de145aa8279f,LanguageGuide/ControlFlow.xhtml,LanguageGuide/ControlFlow.xhtml#While,1,swift.loops.while,mapped-to-canonical-lessons,pending-editorial-validation,pending-swift-6.4-toolchain,"let finalSquare = 25
var board = [Int](repeating: 0, count: finalSquare + 1)"
b53f258dc4034a511de2e864f2e8e769ebc203325d091c466db59990e160cc41,LanguageGuide/ControlFlow.xhtml,LanguageGuide/ControlFlow.xhtml#While,1,swift.loops.while,mapped-to-canonical-lessons,pending-editorial-validation,pending-swift-6.4-toolchain,"board[03] = +08; board[06] = +11; board[09] = +09; board[10] = +02
board[14] = -10; board[19] = -11; board[22] = -02; bo"
c103eaca746f192eb4c1391d6be1efaf186bc32dee25abf4467ff21ac4ff1433,LanguageGuide/ControlFlow.xhtml,LanguageGuide/ControlFlow.xhtml#While,1,swift.loops.while,mapped-to-canonical-lessons,pending-editorial-validation,pending-swift-6.4-toolchain,"var square = 0
var diceRoll = 0
while square < finalSquare {
// roll the dice
diceRoll += 1
if diceRoll == 7 { diceRoll "
dd3c54558eed0b7e1868e270344f52610e01dc85107b76260a580abf85bf460c,LanguageGuide/ControlFlow.xhtml|ReferenceManual/Statements.xhtml,LanguageGuide/ControlFlow.xhtml#While|ReferenceManual/Statements.xhtml#While-Statement,2,swift.loops.while,mapped-to-canonical-lessons,pending-editorial-validation,pending-swift-6.4-toolchain,"while condition {
statements
}"
237e0d3501c7be99fc2e2272f28cf16d6e0789be16b5ed72f5c3a43a1881e42b,LanguageGuide/Deinitialization.xhtml,LanguageGuide/Deinitialization.xhtml#Deinitializers-in-Action,1,swift.deinitialization.release,mapped-to-canonical-lessons,pending-editorial-validation,pending-swift-6.4-toolchain,"playerOne = nil
print(""PlayerOne has left the game"")
// Prints ""PlayerOne has left the game"".
print(""The bank now has \("
487ad7d77c20955972a22bb2ce13d719d0c263243170a6a644cdc7327bd2779e,LanguageGuide/Deinitialization.xhtml,LanguageGuide/Deinitialization.xhtml#Deinitializers-in-Action,1,swift.deinitialization.release,mapped-to-canonical-lessons,pending-editorial-validation,pending-swift-6.4-toolchain,"class Player {
var coinsInPurse: Int
init(coins: Int) {
coinsInPurse = Bank.distribute(coins: coins)
}
func win(coins: I"
76dfcedd4506b93201b0e752c488e014f23b4f1ef08e7e417a305ef6dc7daa92,LanguageGuide/Deinitialization.xhtml,LanguageGuide/Deinitialization.xhtml#Deinitializers-in-Action,1,swift.deinitialization.release,mapped-to-canonical-lessons,pending-editorial-validation,pending-swift-6.4-toolchain,"class Bank {
static var coinsInBank = 10_000
static func distribute(coins numberOfCoinsRequested: Int) -> Int {
let numb"
b339ec335e645e467007a7b2664e9a7ef04a7186761ea437c3b3c55683a2167c,LanguageGuide/Deinitialization.xhtml,LanguageGuide/Deinitialization.xhtml#Deinitializers-in-Action,1,swift.deinitialization.release,mapped-to-canonical-lessons,pending-editorial-validation,pending-swift-6.4-toolchain,"var playerOne: Player? = Player(coins: 100)
print(""A new player has joined the game with \(playerOne!.coinsInPurse) coin"
e195a3aa28dbe6e010cb8934b2814f55cf398ad7fbc42723f338b5ba2b3f1f58,LanguageGuide/Deinitialization.xhtml,LanguageGuide/Deinitialization.xhtml#Deinitializers-in-Action,1,swift.deinitialization.release,mapped-to-canonical-lessons,pending-editorial-validation,pending-swift-6.4-toolchain,"playerOne!.win(coins: 2_000)
print(""PlayerOne won 2000 coins & now has \(playerOne!.coinsInPurse) coins"")
// Prints ""Pla"
ad468950cca79325120147ac122312eefe3b195cc2afa685946214ea4659cfda,LanguageGuide/Deinitialization.xhtml,LanguageGuide/Deinitialization.xhtml#How-Deinitialization-Works,1,swift.deinitialization.syntax,mapped-to-canonical-lessons,pending-editorial-validation,pending-swift-6.4-toolchain,"deinit {
// perform the deinitialization
}"
030dfa3cac3b110a4b791f93e40de04d5bd433b0c8f9e5b9ebaa902d1a15a5f1,LanguageGuide/Enumerations.xhtml,LanguageGuide/Enumerations.xhtml#Associated-Values,1,swift.enums.associated-binding|swift.enums.associated-construction|swift.enums.associated-values,mapped-to-canonical-lessons,pending-editorial-validation,pending-swift-6.4-toolchain,"if case .qrCode(let productCode) = productBarcode {
print(""QR code: \(productCode)."")
}"
096b8fed62a87f08a38ecd2164d9c10e9d26c0c4358138248cad7c793e3c93b0,LanguageGuide/Enumerations.xhtml,LanguageGuide/Enumerations.xhtml#Associated-Values,1,swift.enums.associated-binding|swift.enums.associated-construction|swift.enums.associated-values,mapped-to-canonical-lessons,pending-editorial-validation,pending-swift-6.4-toolchain,"switch productBarcode {
case .upc(let numberSystem, let manufacturer, let product, let check):
print(""UPC: \(numberSyste"
616175b89f4ea34241376bb2daeed7a7fc27e550883287abb6f5eb5085a47b2d,LanguageGuide/Enumerations.xhtml,LanguageGuide/Enumerations.xhtml#Associated-Values,1,swift.enums.associated-binding|swift.enums.associated-construction|swift.enums.associated-values,mapped-to-canonical-lessons,pending-editorial-validation,pending-swift-6.4-toolchain,"productBarcode = .qrCode(""ABCDEFGHIJKLMNOP"")"
c6010e6dd3f148b41b98fe1ccddf37e8cd60acc9b5b3ec2feddb539dcc9f13cb,LanguageGuide/Enumerations.xhtml,LanguageGuide/Enumerations.xhtml#Associated-Values,1,swift.enums.associated-binding|swift.enums.associated-construction|swift.enums.associated-values,mapped-to-canonical-lessons,pending-editorial-validation,pending-swift-6.4-toolchain,"enum Barcode {
case upc(Int, Int, Int, Int)
case qrCode(String)
}"
d723575acf0ca7bff2adba6804e812333ba8068706f8951c2d367bbcb9f3d829,LanguageGuide/Enumerations.xhtml,LanguageGuide/Enumerations.xhtml#Associated-Values,1,swift.enums.associated-binding|swift.enums.associated-construction|swift.enums.associated-values,mapped-to-canonical-lessons,pending-editorial-validation,pending-swift-6.4-toolchain,"switch productBarcode {
case let .upc(numberSystem, manufacturer, product, check):
print(""UPC : \(numberSystem), \(manuf"
f4eabc5d4176d41591c22ccd3ae6808ddc4157ea8a49178269f222cfb703cc5d,LanguageGuide/Enumerations.xhtml,LanguageGuide/Enumerations.xhtml#Associated-Values,1,swift.enums.associated-binding|swift.enums.associated-construction|swift.enums.associated-values,mapped-to-canonical-lessons,pending-editorial-validation,pending-swift-6.4-toolchain,"var productBarcode = Barcode.upc(8, 85909, 51226, 3)"
232030c51f3e5379e9554dcb040a1f7da1cdfe14094b8ec9405c0075b133056e,LanguageGuide/Enumerations.xhtml,LanguageGuide/Enumerations.xhtml#Enumeration-Syntax,1,swift.enums.inferred-case|swift.enums.syntax,mapped-to-canonical-lessons,pending-editorial-validation,pending-swift-6.4-toolchain,directionToHead = .east
5464553dfbf21776f29ee34ed87f5306ef7cfabe60ab7e0a1cd446c23f6bd58a,LanguageGuide/Enumerations.xhtml,LanguageGuide/Enumerations.xhtml#Enumeration-Syntax,1,swift.enums.inferred-case|swift.enums.syntax,mapped-to-canonical-lessons,pending-editorial-validation,pending-swift-6.4-toolchain,"enum Planet {
case mercury, venus, earth, mars, jupiter, saturn, uranus, neptune
}"
9f11f9078acc97b6afa707e514270192b5c3c4f80111ff2c0da64217df21b948,LanguageGuide/Enumerations.xhtml,LanguageGuide/Enumerations.xhtml#Enumeration-Syntax,1,swift.enums.inferred-case|swift.enums.syntax,mapped-to-canonical-lessons,pending-editorial-validation,pending-swift-6.4-toolchain,"enum CompassPoint {
case north
case south
case east
case west
}"
a231f17bf2276c72bdf5442d01646205813522ab6a7bae8981617a63d60ef308,LanguageGuide/Enumerations.xhtml,LanguageGuide/Enumerations.xhtml#Enumeration-Syntax,1,swift.enums.inferred-case|swift.enums.syntax,mapped-to-canonical-lessons,pending-editorial-validation,pending-swift-6.4-toolchain,"enum SomeEnumeration {
// enumeration definition goes here
}"
c09b20a6791f423f71cb9fb73531343b83462df8ec50a9faaf61cbdff949e5f9,LanguageGuide/Enumerations.xhtml,LanguageGuide/Enumerations.xhtml#Enumeration-Syntax,1,swift.enums.inferred-case|swift.enums.syntax,mapped-to-canonical-lessons,pending-editorial-validation,pending-swift-6.4-toolchain,var directionToHead = CompassPoint.west
678dfc69059496ea6ef07227418dc94a34d689514bcc423bd31d03bb1ff1b893,LanguageGuide/Enumerations.xhtml,LanguageGuide/Enumerations.xhtml#Implicitly-Assigned-Raw-Values,1,swift.enums.implicit-int-raw|swift.enums.implicit-string-raw,mapped-to-canonical-lessons,pending-editorial-validation,pending-swift-6.4-toolchain,"enum CompassPoint: String {
case north, south, east, west
}"
cbcda48b175d0a09e96a4a6f5681b10f8e858a4628dec184e24c354dd4b6f137,LanguageGuide/Enumerations.xhtml,LanguageGuide/Enumerations.xhtml#Implicitly-Assigned-Raw-Values,1,swift.enums.implicit-int-raw|swift.enums.implicit-string-raw,mapped-to-canonical-lessons,pending-editorial-validation,pending-swift-6.4-toolchain,"let earthsOrder = Planet.earth.rawValue
// earthsOrder is 3

let sunsetDirection = CompassPoint.west.rawValue
// sunsetD"
db827adaafda1efc857f28f59684a79582691a7965e617e5a1dda70e201ce1cc,LanguageGuide/Enumerations.xhtml,LanguageGuide/Enumerations.xhtml#Implicitly-Assigned-Raw-Values,1,swift.enums.implicit-int-raw|swift.enums.implicit-string-raw,mapped-to-canonical-lessons,pending-editorial-validation,pending-swift-6.4-toolchain,"enum Planet: Int {
case mercury = 1, venus, earth, mars, jupiter, saturn, uranus, neptune
}"
47510fcb33b48897fe64455e8a1907155697612f7aeaed08a053d1eea6056b3b,LanguageGuide/Enumerations.xhtml,LanguageGuide/Enumerations.xhtml#Initializing-from-a-Raw-Value,1,swift.enums.raw-initializer,mapped-to-canonical-lessons,pending-editorial-validation,pending-swift-6.4-toolchain,"let possiblePlanet = Planet(rawValue: 7)
// possiblePlanet is of type Planet? and equals Planet.uranus"
6692c5f551913fc69244097469aba26943d0c99c157aa193d6e4b058207acf1e,LanguageGuide/Enumerations.xhtml,LanguageGuide/Enumerations.xhtml#Initializing-from-a-Raw-Value,1,swift.enums.raw-initializer,mapped-to-canonical-lessons,pending-editorial-validation,pending-swift-6.4-toolchain,"let positionToFind = 11
if let somePlanet = Planet(rawValue: positionToFind) {
switch somePlanet {
case .earth:
print(""M"
2718433da43fc8f6d2f8dd7d42ec2d0a5a2c09ab0f2e0fcfdded188a17de6201,LanguageGuide/Enumerations.xhtml,LanguageGuide/Enumerations.xhtml#Iterating-over-Enumeration-Cases,1,swift.enums.case-iterable,mapped-to-canonical-lessons,pending-editorial-validation,pending-swift-6.4-toolchain,"for beverage in Beverage.allCases {
print(beverage)
}
// coffee
// tea
// juice"
c9693ebc0ac5df3a686283ac0e3d63e8204d19ee8035a36d9c6f771a68a64569,LanguageGuide/Enumerations.xhtml,LanguageGuide/Enumerations.xhtml#Iterating-over-Enumeration-Cases,1,swift.enums.case-iterable,mapped-to-canonical-lessons,pending-editorial-validation,pending-swift-6.4-toolchain,"enum Beverage: CaseIterable {
case coffee, tea, juice
}
let numberOfChoices = Beverage.allCases.count
print(""\(numberOfC"
58cd37c23449859c37c104bae7465404bae6e7ccc943b8e78b52aa8aef0e0269,LanguageGuide/Enumerations.xhtml,LanguageGuide/Enumerations.xhtml#Matching-Enumeration-Values-with-a-Switch-Statement,1,swift.enums.switch,mapped-to-canonical-lessons,pending-editorial-validation,pending-swift-6.4-toolchain,"directionToHead = .south
switch directionToHead {
case .north:
print(""Lots of planets have a north"")
case .south:
print("
5e0ca5d5215d8880a67c486fb0c3c6fb996a6317e3c9ae5b3e34c8e748f07822,LanguageGuide/Enumerations.xhtml,LanguageGuide/Enumerations.xhtml#Matching-Enumeration-Values-with-a-Switch-Statement,1,swift.enums.switch,mapped-to-canonical-lessons,pending-editorial-validation,pending-swift-6.4-toolchain,"let somePlanet = Planet.earth
switch somePlanet {
case .earth:
print(""Mostly harmless"")
default:
print(""Not a safe place"
dcc1c68d4e9572b14f0a96aea2cb8895e710b85f5f8650a581c1fce246985831,LanguageGuide/Enumerations.xhtml,LanguageGuide/Enumerations.xhtml#Raw-Values,1,swift.enums.raw-character,mapped-to-canonical-lessons,pending-editorial-validation,pending-swift-6.4-toolchain,"enum ASCIIControlCharacter: Character {
case tab = ""\t""
case lineFeed = ""\n""
case carriageReturn = ""\r""
}"
1d735ff4b2abe4f50bfa7d2992f9a27a1a009ea07a1d172ac674441999547e80,LanguageGuide/Enumerations.xhtml,LanguageGuide/Enumerations.xhtml#Recursive-Enumerations,1,swift.enums.recursive-indirect,mapped-to-canonical-lessons,pending-editorial-validation,pending-swift-6.4-toolchain,"func evaluate(_ expression: ArithmeticExpression) -> Int {
switch expression {
case let .number(value):
return value
cas"
a1d2b711247645c01d740ff817eafe9db9bf026b25917fbc301ab8d21865a589,LanguageGuide/Enumerations.xhtml,LanguageGuide/Enumerations.xhtml#Recursive-Enumerations,1,swift.enums.recursive-indirect,mapped-to-canonical-lessons,pending-editorial-validation,pending-swift-6.4-toolchain,"indirect enum ArithmeticExpression {
case number(Int)
case addition(ArithmeticExpression, ArithmeticExpression)
case mul"
d9309ae610ac6350288862189ec27e46925e9c6db2be0b9ea688b183d9089318,LanguageGuide/Enumerations.xhtml,LanguageGuide/Enumerations.xhtml#Recursive-Enumerations,1,swift.enums.recursive-indirect,mapped-to-canonical-lessons,pending-editorial-validation,pending-swift-6.4-toolchain,"let five = ArithmeticExpression.number(5)
let four = ArithmeticExpression.number(4)
let sum = ArithmeticExpression.addit"
fbdcdacc2a4011102c2b52841c9b9a3a71b219f0f998f62cb0c7a0466f735987,LanguageGuide/Enumerations.xhtml,LanguageGuide/Enumerations.xhtml#Recursive-Enumerations,1,swift.enums.recursive-indirect,mapped-to-canonical-lessons,pending-editorial-validation,pending-swift-6.4-toolchain,"enum ArithmeticExpression {
case number(Int)
indirect case addition(ArithmeticExpression, ArithmeticExpression)
indirect"
22ee345c653144cd46a472f52641305629efe78a743f979cdea5efb55805090b,LanguageGuide/ErrorHandling.xhtml,LanguageGuide/ErrorHandling.xhtml#Converting-Errors-to-Optional-Values,1,swift.errors.try-optional,mapped-to-canonical-lessons,pending-editorial-validation,pending-swift-6.4-toolchain,"func someThrowingFunction() throws -> Int {
// ...
}

let x = try? someThrowingFunction()

let y: Int?
do {
y = try some"
2aaba6797aa2bdc0f8b454be37f887c0bf72f59c16ee9ff119d1a482edba4289,LanguageGuide/ErrorHandling.xhtml,LanguageGuide/ErrorHandling.xhtml#Converting-Errors-to-Optional-Values,1,swift.errors.try-optional,mapped-to-canonical-lessons,pending-editorial-validation,pending-swift-6.4-toolchain,"func fetchData() -> Data? {
if let data = try? fetchDataFromDisk() { return data }
if let data = try? fetchDataFromServe"
6cbd5c8c0f72c8473e09f06d5573c35af43e50f67415ab47dfb0d08314d4c1ee,LanguageGuide/ErrorHandling.xhtml,LanguageGuide/ErrorHandling.xhtml#Disabling-Error-Propagation,1,swift.errors.try-force,mapped-to-canonical-lessons,pending-editorial-validation,pending-swift-6.4-toolchain,"let photo = try! loadImage(atPath: ""./Resources/John Appleseed.jpg"")"
2f3ef8860579129f204d3fdbe422c3e30fc4e6c879a2285ff593ddb55ec0186f,LanguageGuide/ErrorHandling.xhtml,LanguageGuide/ErrorHandling.xhtml#Handling-Errors-Using-Do-Catch,1,swift.errors.do-catch,mapped-to-canonical-lessons,pending-editorial-validation,pending-swift-6.4-toolchain,"func eat(item: String) throws {
do {
try vendingMachine.vend(itemNamed: item)
} catch VendingMachineError.invalidSelecti"
2fd47dd01cd6184386318bfd628c4f395811cd7448feb815d21a3ad022a3587e,LanguageGuide/ErrorHandling.xhtml,LanguageGuide/ErrorHandling.xhtml#Handling-Errors-Using-Do-Catch,1,swift.errors.do-catch,mapped-to-canonical-lessons,pending-editorial-validation,pending-swift-6.4-toolchain,"func nourish(with item: String) throws {
do {
try vendingMachine.vend(itemNamed: item)
} catch is VendingMachineError {
"
818edd287434063cf8f24d914b031b4c1e4a363d4cc5eefc1e1ba104b6de777b,LanguageGuide/ErrorHandling.xhtml,LanguageGuide/ErrorHandling.xhtml#Handling-Errors-Using-Do-Catch,1,swift.errors.do-catch,mapped-to-canonical-lessons,pending-editorial-validation,pending-swift-6.4-toolchain,"var vendingMachine = VendingMachine()
vendingMachine.coinsDeposited = 8
do {
try buyFavoriteSnack(person: ""Alice"", vendi"
a399944f6815d1aba92512f2d3bd7a276e7c4259b17435911570d74cc1ae6a0e,LanguageGuide/ErrorHandling.xhtml|ReferenceManual/Statements.xhtml,LanguageGuide/ErrorHandling.xhtml#Handling-Errors-Using-Do-Catch|ReferenceManual/Statements.xhtml#Do-Statement,2,swift.errors.do-catch,mapped-to-canonical-lessons,pending-editorial-validation,pending-swift-6.4-toolchain,"do {
try expression
statements
} catch pattern 1 {
statements
} catch pattern 2 where condition {
statements
} catch pat"
0265172b3aed4eb7d71368c33f2a1757216c100ab062296b30a96a47c2383636,LanguageGuide/ErrorHandling.xhtml,LanguageGuide/ErrorHandling.xhtml#Propagating-Errors-Using-Throwing-Functions,1,swift.errors.throwing-declaration,mapped-to-canonical-lessons,pending-editorial-validation,pending-swift-6.4-toolchain,"struct PurchasedSnack {
let name: String
init(name: String, vendingMachine: VendingMachine) throws {
try vendingMachine."
2fcf064fd42ebbf72b4363fa4a1f3ba042d0bde1719a0595f342cc328fea223a,LanguageGuide/ErrorHandling.xhtml,LanguageGuide/ErrorHandling.xhtml#Propagating-Errors-Using-Throwing-Functions,1,swift.errors.throwing-declaration,mapped-to-canonical-lessons,pending-editorial-validation,pending-swift-6.4-toolchain,"let favoriteSnacks = [
""Alice"": ""Chips"",
""Bob"": ""Licorice"",
""Eve"": ""Pretzels"",
]
func buyFavoriteSnack(person: String, v"
39847163cd24e64fdd746582604bb17a60f21d76bb1e5c699084d0e76a0e4cab,LanguageGuide/ErrorHandling.xhtml,LanguageGuide/ErrorHandling.xhtml#Propagating-Errors-Using-Throwing-Functions,1,swift.errors.throwing-declaration,mapped-to-canonical-lessons,pending-editorial-validation,pending-swift-6.4-toolchain,"struct Item {
var price: Int
var count: Int
}

class VendingMachine {
var inventory = [
""Candy Bar"": Item(price: 12, cou"
c8f9609e12bbe9973d91af402e4fc8cf894c6cfca3a3546a35e9d495f95c0e1c,LanguageGuide/ErrorHandling.xhtml,LanguageGuide/ErrorHandling.xhtml#Propagating-Errors-Using-Throwing-Functions,1,swift.errors.throwing-declaration,mapped-to-canonical-lessons,pending-editorial-validation,pending-swift-6.4-toolchain,"func canThrowErrors() throws -> String

func cannotThrowErrors() -> String"
0975ab984284f7c8b4f9fbf5ecdca254f2b691b1d6ed464a1c178bef19a85994,LanguageGuide/ErrorHandling.xhtml,LanguageGuide/ErrorHandling.xhtml#Representing-and-Throwing-Errors,1,swift.errors.throw,mapped-to-canonical-lessons,pending-editorial-validation,pending-swift-6.4-toolchain,throw VendingMachineError.insufficientFunds(coinsNeeded: 5)
b7463f3bcf7accee99efc2aa6460a5853d4d141f866bd46298a443ca3d07ded5,LanguageGuide/ErrorHandling.xhtml,LanguageGuide/ErrorHandling.xhtml#Representing-and-Throwing-Errors,1,swift.errors.throw,mapped-to-canonical-lessons,pending-editorial-validation,pending-swift-6.4-toolchain,"enum VendingMachineError: Error {
case invalidSelection
case insufficientFunds(coinsNeeded: Int)
case outOfStock
}"
4fc104930eb0f3546d31760f64917efaa8e00b2ad5ce2c2b2e2a11979aa1bbcb,LanguageGuide/ErrorHandling.xhtml,LanguageGuide/ErrorHandling.xhtml#Specifying-Cleanup-Actions,1,swift.errors.defer,mapped-to-canonical-lessons,pending-editorial-validation,pending-swift-6.4-toolchain,"func processFile(filename: String) throws {
if exists(filename) {
let file = open(filename)
defer {
close(file)
}
while "
5988bcd4cb4f85ee346a8cb64a987133713f301e4e43f61434a90e8214f36ebe,LanguageGuide/ErrorHandling.xhtml,LanguageGuide/ErrorHandling.xhtml#Specifying-the-Error-Type,1,swift.errors.typed-throws,mapped-to-canonical-lessons,pending-editorial-validation,pending-swift-6.4-toolchain,"func nonThrowingFunction() throws(Never) {
// ...
}"
67cae1f3863d5ee3c37a9f518e279ca4c7768d7c6cfef6a90a6c0b1362c3a07c,LanguageGuide/ErrorHandling.xhtml,LanguageGuide/ErrorHandling.xhtml#Specifying-the-Error-Type,1,swift.errors.typed-throws,mapped-to-canonical-lessons,pending-editorial-validation,pending-swift-6.4-toolchain,"func summarize(_ ratings: [Int]) throws(StatisticsError) {
guard !ratings.isEmpty else { throw .noRatings }

var counts "
87e497c86fc587b8d2ea6fde247cfdbc2d06b62b13c1568dbc73f9110fe1bd01,LanguageGuide/ErrorHandling.xhtml,LanguageGuide/ErrorHandling.xhtml#Specifying-the-Error-Type,1,swift.errors.typed-throws,mapped-to-canonical-lessons,pending-editorial-validation,pending-swift-6.4-toolchain,"func someThrowingFunction() throws(any Error) {
let ratings = [1, 2, 3, 2, 2, 1]
try summarize(ratings)
}"
aa83b25204cd64edd6ef49f492b50bffeb93318a5039a5a42eab67a224c4a987,LanguageGuide/ErrorHandling.xhtml,LanguageGuide/ErrorHandling.xhtml#Specifying-the-Error-Type,1,swift.errors.typed-throws,mapped-to-canonical-lessons,pending-editorial-validation,pending-swift-6.4-toolchain,"let ratings = []
do {
try summarize(ratings)
} catch {
switch error {
case .noRatings:
print(""No ratings available"")
cas"
c6c8fe7076ddfc0da710bed5b0c1fd66b56430ab45ded3e622e10776a2bbfd82,LanguageGuide/ErrorHandling.xhtml,LanguageGuide/ErrorHandling.xhtml#Specifying-the-Error-Type,1,swift.errors.typed-throws,mapped-to-canonical-lessons,pending-editorial-validation,pending-swift-6.4-toolchain,"func someThrowingFunction() throws {
let ratings = [1, 2, 3, 2, 2, 1]
try summarize(ratings)
}"
e5e06b9a490b0142ddb61729c5d1078143840a86caa8605dcaa7ee77d4cf0a00,LanguageGuide/ErrorHandling.xhtml,LanguageGuide/ErrorHandling.xhtml#Specifying-the-Error-Type,1,swift.errors.typed-throws,mapped-to-canonical-lessons,pending-editorial-validation,pending-swift-6.4-toolchain,"let ratings = []
do throws(StatisticsError) {
try summarize(ratings)
} catch {
switch error {
case .noRatings:
print(""No"
f863318f3a43a9654feebfa4a523e805792a62df7bf2d013c635965670ce1846,LanguageGuide/ErrorHandling.xhtml,LanguageGuide/ErrorHandling.xhtml#Specifying-the-Error-Type,1,swift.errors.typed-throws,mapped-to-canonical-lessons,pending-editorial-validation,pending-swift-6.4-toolchain,"enum StatisticsError: Error {
case noRatings
case invalidRating(Int)
}"
e758b4638d6ee4682b83c15ea16d2b1b5d6752eec55c238687a7a3da3a322de5,LanguageGuide/Extensions.xhtml,LanguageGuide/Extensions.xhtml#Computed-Properties,1,swift.extensions.computed-property,mapped-to-canonical-lessons,pending-editorial-validation,pending-swift-6.4-toolchain,"extension Double {
var km: Double { return self * 1_000.0 }
var m: Double { return self }
var cm: Double { return self /"
eca4061b720a93804378864bbb7e6a1f27ca68a99fc9696f79b9faf566624e4d,LanguageGuide/Extensions.xhtml,LanguageGuide/Extensions.xhtml#Computed-Properties,1,swift.extensions.computed-property,mapped-to-canonical-lessons,pending-editorial-validation,pending-swift-6.4-toolchain,"let aMarathon = 42.km + 195.m
print(""A marathon is \(aMarathon) meters long"")
// Prints ""A marathon is 42195.0 meters lo"
1ea7eafad757888eec7fabcf9a91b29a5ed30345dba0630c81fcdf8d2946231e,LanguageGuide/Extensions.xhtml,LanguageGuide/Extensions.xhtml#Extension-Syntax,1,swift.extensions.syntax,mapped-to-canonical-lessons,pending-editorial-validation,pending-swift-6.4-toolchain,"extension SomeType {
// new functionality to add to SomeType goes here
}"
b02a9a7bd93837dd96785a688a0d56f3b149497d92f54ee35c2503176f08346b,LanguageGuide/Extensions.xhtml,LanguageGuide/Extensions.xhtml#Extension-Syntax,1,swift.extensions.syntax,mapped-to-canonical-lessons,pending-editorial-validation,pending-swift-6.4-toolchain,"extension SomeType: SomeProtocol, AnotherProtocol {
// implementation of protocol requirements goes here
}"
27e54b50f85d4b4e59ab189f5974e6c0f21341381a35635f41438dc82117b929,LanguageGuide/Extensions.xhtml,LanguageGuide/Extensions.xhtml#Initializers,1,swift.extensions.initializer,mapped-to-canonical-lessons,pending-editorial-validation,pending-swift-6.4-toolchain,"extension Rect {
init(center: Point, size: Size) {
let originX = center.x - (size.width / 2)
let originY = center.y - (s"
3db5bb6b73bebd635b0f8dab126641af27216ccaaf227b682b3e9e458b91e263,LanguageGuide/Extensions.xhtml,LanguageGuide/Extensions.xhtml#Initializers,1,swift.extensions.initializer,mapped-to-canonical-lessons,pending-editorial-validation,pending-swift-6.4-toolchain,"let defaultRect = Rect()
let memberwiseRect = Rect(origin: Point(x: 2.0, y: 2.0),
size: Size(width: 5.0, height: 5.0))"
a4a6940adbbe021d8b19d570e28eb96d535e811618043dfec4e52cadf81796f4,LanguageGuide/Extensions.xhtml,LanguageGuide/Extensions.xhtml#Initializers,1,swift.extensions.initializer,mapped-to-canonical-lessons,pending-editorial-validation,pending-swift-6.4-toolchain,"struct Size {
var width = 0.0, height = 0.0
}
struct Point {
var x = 0.0, y = 0.0
}
struct Rect {
var origin = Point()
v"
81f832fa44c502eb955f6aaaac5451ba354e2a97c8ba360fd8793250fa57f69f,LanguageGuide/Extensions.xhtml|LanguageGuide/Initialization.xhtml,LanguageGuide/Extensions.xhtml#Initializers|LanguageGuide/Initialization.xhtml#Initializer-Delegation-for-Value-Types,2,swift.extensions.initializer|swift.initialization.value-delegation,mapped-to-canonical-lessons,pending-editorial-validation,pending-swift-6.4-toolchain,"let centerRect = Rect(center: Point(x: 4.0, y: 4.0),
size: Size(width: 3.0, height: 3.0))
// centerRect's origin is (2.5"
379553d0d290509cc4e97c49c855827927ea96e90ae42d367094422935a88fa4,LanguageGuide/Extensions.xhtml,LanguageGuide/Extensions.xhtml#Methods,1,swift.extensions.method,mapped-to-canonical-lessons,pending-editorial-validation,pending-swift-6.4-toolchain,"extension Int {
func repetitions(task: () -> Void) {
for _ in 0..<self {
task()
}
}
}"
b6bf640baf842f5ba942ac82a667d4c1ad4aea9c99bbe4a79215652eced45585,LanguageGuide/Extensions.xhtml,LanguageGuide/Extensions.xhtml#Methods,1,swift.extensions.method,mapped-to-canonical-lessons,pending-editorial-validation,pending-swift-6.4-toolchain,"3.repetitions {
print(""Hello!"")
}
// Hello!
// Hello!
// Hello!"
675db897151c55a739acdff45804b548cb61750135b551c0d2ac63cc8dad5c02,LanguageGuide/Extensions.xhtml,LanguageGuide/Extensions.xhtml#Mutating-Instance-Methods,1,swift.extensions.mutating,mapped-to-canonical-lessons,pending-editorial-validation,pending-swift-6.4-toolchain,"extension Int {
mutating func square() {
self = self * self
}
}
var someInt = 3
someInt.square()
// someInt is now 9"
55fae9e9fd89533432eeb7be0357df7c88f324d9b3c201f0e8f4765209971118,LanguageGuide/Extensions.xhtml,LanguageGuide/Extensions.xhtml#Nested-Types,1,swift.extensions.nested,mapped-to-canonical-lessons,pending-editorial-validation,pending-swift-6.4-toolchain,"extension Int {
enum Kind {
case negative, zero, positive
}
var kind: Kind {
switch self {
case 0:
return .zero
case let"
ad75e8a4c76ad8f10f617ee22d5336be64cf2455ec3de271a06933646c4eb7db,LanguageGuide/Extensions.xhtml,LanguageGuide/Extensions.xhtml#Nested-Types,1,swift.extensions.nested,mapped-to-canonical-lessons,pending-editorial-validation,pending-swift-6.4-toolchain,"func printIntegerKinds(_ numbers: [Int]) {
for number in numbers {
switch number.kind {
case .negative:
print(""- "", term"
f3b62a700798afc45a56fbe09612cf7190c4ace894652ff7b45c444ee6852eb4,LanguageGuide/Extensions.xhtml,LanguageGuide/Extensions.xhtml#Subscripts,1,swift.extensions.subscript,mapped-to-canonical-lessons,pending-editorial-validation,pending-swift-6.4-toolchain,"extension Int {
subscript(digitIndex: Int) -> Int {
var decimalBase = 1
for _ in 0..<digitIndex {
decimalBase *= 10
}
re"
f9b45926551119af0ed56146ec3265eaca05d529219a0ce1dd292cb581bbcd18,LanguageGuide/Extensions.xhtml,LanguageGuide/Extensions.xhtml#Subscripts,1,swift.extensions.subscript,mapped-to-canonical-lessons,pending-editorial-validation,pending-swift-6.4-toolchain,"746381295[9]
// returns 0, as if you had requested:
0746381295[9]"
a3bd87b3a42b93413d0c1266e408b6c9b2033ef5738c5efc7d4f1a632f8a98fc,LanguageGuide/Functions.xhtml,LanguageGuide/Functions.xhtml#Default-Parameter-Values,1,swift.functions.default-parameter,mapped-to-canonical-lessons,pending-editorial-validation,pending-swift-6.4-toolchain,"func someFunction(parameterWithoutDefault: Int, parameterWithDefault: Int = 12) {
// If you omit the second argument whe"
23535c85e701beae8da1cdde670fdb42193c4a0c781076a86c9072029c476933,LanguageGuide/Functions.xhtml,LanguageGuide/Functions.xhtml#Defining-and-Calling-Functions,1,swift.functions.define-call,mapped-to-canonical-lessons,pending-editorial-validation,pending-swift-6.4-toolchain,"print(greet(person: ""Anna""))
// Prints ""Hello, Anna!""
print(greet(person: ""Brian""))
// Prints ""Hello, Brian!"""
6fcc38656a7c42b1d155bac880a14ad0eedc2f71582688049f90dd4bc0a6aa49,LanguageGuide/Functions.xhtml,LanguageGuide/Functions.xhtml#Defining-and-Calling-Functions,1,swift.functions.define-call,mapped-to-canonical-lessons,pending-editorial-validation,pending-swift-6.4-toolchain,"func greet(person: String) -> String {
let greeting = ""Hello, "" + person + ""!""
return greeting
}"
c73898207a9a6df01a5506379c7a80177833dc5a72496b60dce08ab6b4f7e7fd,LanguageGuide/Functions.xhtml,LanguageGuide/Functions.xhtml#Defining-and-Calling-Functions,1,swift.functions.define-call,mapped-to-canonical-lessons,pending-editorial-validation,pending-swift-6.4-toolchain,"func greetAgain(person: String) -> String {
return ""Hello again, "" + person + ""!""
}
print(greetAgain(person: ""Anna""))
//"
5bc2e2a33f10608074c48feb44811bf2422bdffe92f3e9e9c1bc7027a316451a,LanguageGuide/Functions.xhtml,LanguageGuide/Functions.xhtml#Function-Argument-Labels-and-Parameter-Names,1,swift.functions.argument-label,mapped-to-canonical-lessons,pending-editorial-validation,pending-swift-6.4-toolchain,"func someFunction(firstParameterName: Int, secondParameterName: Int) {
// In the function body, firstParameterName and s"
88169ce4a85fcd5cea14a0e4f17a7935c9246ef2c2545e65bf952ef6fc9651bf,LanguageGuide/Functions.xhtml,LanguageGuide/Functions.xhtml#Function-Types,1,swift.functions.function-type,mapped-to-canonical-lessons,pending-editorial-validation,pending-swift-6.4-toolchain,"func addTwoInts(_ a: Int, _ b: Int) -> Int {
return a + b
}
func multiplyTwoInts(_ a: Int, _ b: Int) -> Int {
return a *"
a8ccce6b04b4ce53080f49da28eeca5f8a675cdb63f273ff46d3ff6f9b648b2e,LanguageGuide/Functions.xhtml,LanguageGuide/Functions.xhtml#Function-Types,1,swift.functions.function-type,mapped-to-canonical-lessons,pending-editorial-validation,pending-swift-6.4-toolchain,"func printHelloWorld() {
print(""hello, world"")
}"
456d65d33a79bb41ef958d78a4a1b3e98969a0ffe53d0b2cb8c1aa25c8820ff0,LanguageGuide/Functions.xhtml,LanguageGuide/Functions.xhtml#Function-Types-as-Parameter-Types,1,swift.functions.function-parameter,mapped-to-canonical-lessons,pending-editorial-validation,pending-swift-6.4-toolchain,"func printMathResult(_ mathFunction: (Int, Int) -> Int, _ a: Int, _ b: Int) {
print(""Result: \(mathFunction(a, b))"")
}
p"
4611e6f37c50f615fb00b1033da77dd5923ae5901103c3a1842882d0e7f7dacd,LanguageGuide/Functions.xhtml,LanguageGuide/Functions.xhtml#Function-Types-as-Return-Types,1,swift.functions.function-return,mapped-to-canonical-lessons,pending-editorial-validation,pending-swift-6.4-toolchain,"func chooseStepFunction(backward: Bool) -> (Int) -> Int {
return backward ? stepBackward : stepForward
}"
623909220db24ae10e3b9a82b2c183bb5fa156e64a2b6e0a991351806cde00b7,LanguageGuide/Functions.xhtml,LanguageGuide/Functions.xhtml#Function-Types-as-Return-Types,1,swift.functions.function-return,mapped-to-canonical-lessons,pending-editorial-validation,pending-swift-6.4-toolchain,"func stepForward(_ input: Int) -> Int {
return input + 1
}
func stepBackward(_ input: Int) -> Int {
return input - 1
}"
9d39c5a9e847ec2800bd040be11fe0605988fd970cc9fdbfeb58f760bb87d85d,LanguageGuide/Functions.xhtml,LanguageGuide/Functions.xhtml#Function-Types-as-Return-Types,1,swift.functions.function-return,mapped-to-canonical-lessons,pending-editorial-validation,pending-swift-6.4-toolchain,"var currentValue = 3
let moveNearerToZero = chooseStepFunction(backward: currentValue > 0)
// moveNearerToZero now refer"
e8411358a6ad3cd11acb013feeba8804846e5ad88fe3280939f95ad5fe4492d1,LanguageGuide/Functions.xhtml,LanguageGuide/Functions.xhtml#Function-Types-as-Return-Types,1,swift.functions.function-return,mapped-to-canonical-lessons,pending-editorial-validation,pending-swift-6.4-toolchain,"print(""Counting to zero:"")
// Counting to zero:
while currentValue != 0 {
print(""\(currentValue)... "")
currentValue = mo"
33bad3b85447922d705667010fd700c171f0bb17a0d5bfb69ca20931bf2e8fd2,LanguageGuide/Functions.xhtml,LanguageGuide/Functions.xhtml#Functions-With-Multiple-Parameters,1,swift.functions.multiple-parameters,mapped-to-canonical-lessons,pending-editorial-validation,pending-swift-6.4-toolchain,"func greet(person: String, alreadyGreeted: Bool) -> String {
if alreadyGreeted {
return greetAgain(person: person)
} els"
b52c8e99e4384fc75940f97303820254c9aa020205e9b3c41f492a7daf3bd777,LanguageGuide/Functions.xhtml,LanguageGuide/Functions.xhtml#Functions-With-an-Implicit-Return,1,swift.functions.implicit-return,mapped-to-canonical-lessons,pending-editorial-validation,pending-swift-6.4-toolchain,"func greeting(for person: String) -> String {
""Hello, "" + person + ""!""
}
print(greeting(for: ""Dave""))
// Prints ""Hello, "
93a3e26f510fe868d4d214766922f78d2432a12345bf9f7ae9aa2e0c0cc61499,LanguageGuide/Functions.xhtml,LanguageGuide/Functions.xhtml#Functions-Without-Parameters,1,swift.functions.no-parameters,mapped-to-canonical-lessons,pending-editorial-validation,pending-swift-6.4-toolchain,"func sayHelloWorld() -> String {
return ""hello, world""
}
print(sayHelloWorld())
// Prints ""hello, world""."
301f11c3daeded04f77b732b16aba4f32c9735367b134a5d0d051b582f50ca3e,LanguageGuide/Functions.xhtml,LanguageGuide/Functions.xhtml#Functions-Without-Return-Values,1,swift.functions.void-return,mapped-to-canonical-lessons,pending-editorial-validation,pending-swift-6.4-toolchain,"func printAndCount(string: String) -> Int {
print(string)
return string.count
}
func printWithoutCounting(string: String"
8ec5eb069f4bfc27a3cbf06cb68a5cd59b03aa1f405c1204798ad8c659d85d5f,LanguageGuide/Functions.xhtml,LanguageGuide/Functions.xhtml#Functions-Without-Return-Values,1,swift.functions.void-return,mapped-to-canonical-lessons,pending-editorial-validation,pending-swift-6.4-toolchain,"func greet(person: String) {
print(""Hello, \(person)!"")
}
greet(person: ""Dave"")
// Prints ""Hello, Dave!"""
461ed714295d8289a0e294f61ecc0204c14f7975a4f2e9890c53515f393b3a18,LanguageGuide/Functions.xhtml,LanguageGuide/Functions.xhtml#Functions-with-Multiple-Return-Values,1,swift.functions.tuple-return,mapped-to-canonical-lessons,pending-editorial-validation,pending-swift-6.4-toolchain,"let bounds = minMax(array: [8, -6, 2, 109, 3, 71])
print(""min is \(bounds.min) and max is \(bounds.max)"")
// Prints ""min"
56a830570398cb1726bb8aeb8a792e2b5c861124923a1d1fd5c7dd914581e601,LanguageGuide/Functions.xhtml,LanguageGuide/Functions.xhtml#Functions-with-Multiple-Return-Values,1,swift.functions.tuple-return,mapped-to-canonical-lessons,pending-editorial-validation,pending-swift-6.4-toolchain,"func minMax(array: [Int]) -> (min: Int, max: Int) {
var currentMin = array[0]
var currentMax = array[0]
for value in arr"
4df8da5e8ac8c8a92c460bf1c478e014c6f6b23bf07c1c95f809ab2baca5dca3,LanguageGuide/Functions.xhtml|LanguageGuide/Generics.xhtml,LanguageGuide/Functions.xhtml#In-Out-Parameters|LanguageGuide/Generics.xhtml#The-Problem-that-Generics-Solve,2,swift.functions.inout-call|swift.functions.inout-parameter|swift.generics.problem,mapped-to-canonical-lessons,pending-editorial-validation,pending-swift-6.4-toolchain,"func swapTwoInts(_ a: inout Int, _ b: inout Int) {
let temporaryA = a
a = b
b = temporaryA
}"
f7d0d2e76c2a3a3d21effc87723ca67db102bc9a418f17d13fa42c9f4533197b,LanguageGuide/Functions.xhtml|LanguageGuide/Generics.xhtml,LanguageGuide/Functions.xhtml#In-Out-Parameters|LanguageGuide/Generics.xhtml#The-Problem-that-Generics-Solve,2,swift.functions.inout-call|swift.functions.inout-parameter|swift.generics.problem,mapped-to-canonical-lessons,pending-editorial-validation,pending-swift-6.4-toolchain,"var someInt = 3
var anotherInt = 107
swapTwoInts(&someInt, &anotherInt)
print(""someInt is now \(someInt), and anotherInt"
8a355fd583c6c1f13e8bd856f6c4bc0e9a10710068a815de26b7f8b825bf72b0,LanguageGuide/Functions.xhtml,LanguageGuide/Functions.xhtml#Nested-Functions,1,swift.functions.nested,mapped-to-canonical-lessons,pending-editorial-validation,pending-swift-6.4-toolchain,"func chooseStepFunction(backward: Bool) -> (Int) -> Int {
func stepForward(input: Int) -> Int { return input + 1 }
func "
e7217a81e8030f51f477eb54f7a0b14bde04bdabf3ec2dfac021f8e93e9af811,LanguageGuide/Functions.xhtml,LanguageGuide/Functions.xhtml#Omitting-Argument-Labels,1,swift.functions.omit-label,mapped-to-canonical-lessons,pending-editorial-validation,pending-swift-6.4-toolchain,"func someFunction(_ firstParameterName: Int, secondParameterName: Int) {
// In the function body, firstParameterName and"
710f0089c415b4504aa0170fddc45aa1eef936838d60a77a488632ade3a53172,LanguageGuide/Functions.xhtml,LanguageGuide/Functions.xhtml#Optional-Tuple-Return-Types,1,swift.functions.optional-tuple-return,mapped-to-canonical-lessons,pending-editorial-validation,pending-swift-6.4-toolchain,"if let bounds = minMax(array: [8, -6, 2, 109, 3, 71]) {
print(""min is \(bounds.min) and max is \(bounds.max)"")
}
// Prin"
7373461890941019d27d6a8cb8d0411e46de037ea8a33ff5f976dfc236cc912e,LanguageGuide/Functions.xhtml,LanguageGuide/Functions.xhtml#Optional-Tuple-Return-Types,1,swift.functions.optional-tuple-return,mapped-to-canonical-lessons,pending-editorial-validation,pending-swift-6.4-toolchain,"func minMax(array: [Int]) -> (min: Int, max: Int)? {
if array.isEmpty { return nil }
var currentMin = array[0]
var curre"
126f0f5107dce5d4bc1818e54dc4ec8236ac55d8a6850bcb997cd521aec3e7cb,LanguageGuide/Functions.xhtml,LanguageGuide/Functions.xhtml#Specifying-Argument-Labels,1,swift.functions.argument-label,mapped-to-canonical-lessons,pending-editorial-validation,pending-swift-6.4-toolchain,"func someFunction(argumentLabel parameterName: Int) {
// In the function body, parameterName refers to the argument valu"
7a4920cf0a7cb2e126e59e065a0ba1d73d8d7deaa5b26c82aa6c6043b344a160,LanguageGuide/Functions.xhtml,LanguageGuide/Functions.xhtml#Specifying-Argument-Labels,1,swift.functions.argument-label,mapped-to-canonical-lessons,pending-editorial-validation,pending-swift-6.4-toolchain,"func greet(person: String, from hometown: String) -> String {
return ""Hello \(person)! Glad you could visit from \(homet"
70de3a7ccbf2ad4373ea678c2889fd238f48ff884f3498fabe667d34a482c7fb,LanguageGuide/Functions.xhtml,LanguageGuide/Functions.xhtml#Using-Function-Types,1,swift.functions.function-value,mapped-to-canonical-lessons,pending-editorial-validation,pending-swift-6.4-toolchain,"var mathFunction: (Int, Int) -> Int = addTwoInts"
75a4ea0db476db83bec9b2a00620b4e82157858c06efc91613c98ec878879385,LanguageGuide/Functions.xhtml,LanguageGuide/Functions.xhtml#Using-Function-Types,1,swift.functions.function-value,mapped-to-canonical-lessons,pending-editorial-validation,pending-swift-6.4-toolchain,"let anotherMathFunction = addTwoInts
// anotherMathFunction is inferred to be of type (Int, Int) -> Int"
8af6375f345ecae49dfb57d79a389b9b1320b6be4c2b9aa9ff2cca3ecd472c55,LanguageGuide/Functions.xhtml,LanguageGuide/Functions.xhtml#Using-Function-Types,1,swift.functions.function-value,mapped-to-canonical-lessons,pending-editorial-validation,pending-swift-6.4-toolchain,"mathFunction = multiplyTwoInts
print(""Result: \(mathFunction(2, 3))"")
// Prints ""Result: 6""."
dc41e4ba0e4ad1f5b059add4b2e8d6274bd93657199fafb8085c08ee4aec4510,LanguageGuide/Functions.xhtml,LanguageGuide/Functions.xhtml#Using-Function-Types,1,swift.functions.function-value,mapped-to-canonical-lessons,pending-editorial-validation,pending-swift-6.4-toolchain,"print(""Result: \(mathFunction(2, 3))"")
// Prints ""Result: 5""."
b4fc82d88e190dcf82eba40e389e94b346597c53e8d2106f853cc46423a1839b,LanguageGuide/Functions.xhtml,LanguageGuide/Functions.xhtml#Variadic-Parameters,1,swift.functions.variadic,mapped-to-canonical-lessons,pending-editorial-validation,pending-swift-6.4-toolchain,"func arithmeticMean(_ numbers: Double...) -> Double {
var total: Double = 0
for number in numbers {
total += number
}
re"
c91049ee3b0e0f0e91d3e28b3e66547652fd63d308e107a2b1533553de11231f,LanguageGuide/Generics.xhtml,LanguageGuide/Generics.xhtml#Adding-Constraints-to-an-Associated-Type,1,swift.generics.associated-constraint,mapped-to-canonical-lessons,pending-editorial-validation,pending-swift-6.4-toolchain,"protocol Container {
associatedtype Item: Equatable
mutating func append(_ item: Item)
var count: Int { get }
subscript("
4a1c0c68e6f64c572b609fb56c952d0ac8eef5c698959b172c0985e5581fab6f,LanguageGuide/Generics.xhtml,LanguageGuide/Generics.xhtml#Associated-Types-in-Action,1,swift.generics.associated-type,mapped-to-canonical-lessons,pending-editorial-validation,pending-swift-6.4-toolchain,"struct Stack<Element>: Container {
// original Stack<Element> implementation
var items: [Element] = []
mutating func pus"
b72bda818aad7fc530f3ce04d404111b274f58a1740f9f76a92c302dc0f8a3e6,LanguageGuide/Generics.xhtml,LanguageGuide/Generics.xhtml#Associated-Types-in-Action,1,swift.generics.associated-type,mapped-to-canonical-lessons,pending-editorial-validation,pending-swift-6.4-toolchain,"struct IntStack: Container {
// original IntStack implementation
var items: [Int] = []
mutating func push(_ item: Int) {"
ecab58efa641ecb59bec5591bc7e6f024dddfa2c05b7655c4c9dda9713b1b919,LanguageGuide/Generics.xhtml,LanguageGuide/Generics.xhtml#Associated-Types-in-Action,1,swift.generics.associated-type,mapped-to-canonical-lessons,pending-editorial-validation,pending-swift-6.4-toolchain,"protocol Container {
associatedtype Item
mutating func append(_ item: Item)
var count: Int { get }
subscript(i: Int) -> "
7ac9c2449a3371607de8cb5d67241d2428d0432d8573c5caac4209ccf40f2b6c,LanguageGuide/Generics.xhtml,LanguageGuide/Generics.xhtml#Associated-Types-with-a-Generic-Where-Clause,1,swift.generics.associated-where,mapped-to-canonical-lessons,pending-editorial-validation,pending-swift-6.4-toolchain,protocol ComparableContainer: Container where Item: Comparable { }
f0cf13d0f67896ec9b288d61ddcf8c6c6e1ff9d5b1aceeed0c623ba2b917403d,LanguageGuide/Generics.xhtml,LanguageGuide/Generics.xhtml#Associated-Types-with-a-Generic-Where-Clause,1,swift.generics.associated-where,mapped-to-canonical-lessons,pending-editorial-validation,pending-swift-6.4-toolchain,"protocol Container {
associatedtype Item
mutating func append(_ item: Item)
var count: Int { get }
subscript(i: Int) -> "
897d613a27fb2f86fa516a258bd636adf2b7bb89fae62f4362e2a6ee1b7cd677,LanguageGuide/Generics.xhtml,LanguageGuide/Generics.xhtml#Contextual-Where-Clauses,1,swift.generics.contextual-where,mapped-to-canonical-lessons,pending-editorial-validation,pending-swift-6.4-toolchain,"extension Container {
func average() -> Double where Item == Int {
var sum = 0.0
for index in 0..<count {
sum += Double("
f491f7748754d7c63c1d739fa32ca83ac2529c4b1a5b18e6cadfe111b5a7169c,LanguageGuide/Generics.xhtml,LanguageGuide/Generics.xhtml#Contextual-Where-Clauses,1,swift.generics.contextual-where,mapped-to-canonical-lessons,pending-editorial-validation,pending-swift-6.4-toolchain,"extension Container where Item == Int {
func average() -> Double {
var sum = 0.0
for index in 0..<count {
sum += Double("
54d296c48df20878887fe2d11e0d3dbf2fe203bbc57619a457a29eaf90050cb0,LanguageGuide/Generics.xhtml,LanguageGuide/Generics.xhtml#Extending-a-Generic-Type,1,swift.generics.extension,mapped-to-canonical-lessons,pending-editorial-validation,pending-swift-6.4-toolchain,"extension Stack {
var topItem: Element? {
return items.isEmpty ? nil : items[items.count - 1]
}
}"
a7081e74a4710bc49e84c08c457ad987eda960664b59bf9a4eb3a5688748ee1b,LanguageGuide/Generics.xhtml,LanguageGuide/Generics.xhtml#Extending-a-Generic-Type,1,swift.generics.extension,mapped-to-canonical-lessons,pending-editorial-validation,pending-swift-6.4-toolchain,"if let topItem = stackOfStrings.topItem {
print(""The top item on the stack is \(topItem)."")
}
// Prints ""The top item on"
b4d10cb07e078ae1a5ce45d3cbd7ab5eed697a3c255771fb5265189cd6f6f890,LanguageGuide/Generics.xhtml,LanguageGuide/Generics.xhtml#Extending-an-Existing-Type-to-Specify-an-Associated-Type,1,swift.generics.existing-associated,mapped-to-canonical-lessons,pending-editorial-validation,pending-swift-6.4-toolchain,extension Array: Container {}
5cba70e17872362498b5f25eeb7f600e7b35f164c101827fe0072f3ec1038dc2,LanguageGuide/Generics.xhtml,LanguageGuide/Generics.xhtml#Extensions-with-a-Generic-Where-Clause,1,swift.generics.where-extension,mapped-to-canonical-lessons,pending-editorial-validation,pending-swift-6.4-toolchain,"extension Stack where Element: Equatable {
func isTop(_ item: Element) -> Bool {
guard let topItem = items.last else {
r"
66d0177539368cd05ed085b57b787bf9ca90c06b290d89e0d000452d82a4bd6c,LanguageGuide/Generics.xhtml,LanguageGuide/Generics.xhtml#Extensions-with-a-Generic-Where-Clause,1,swift.generics.where-extension,mapped-to-canonical-lessons,pending-editorial-validation,pending-swift-6.4-toolchain,"extension Container where Item: Equatable {
func startsWith(_ item: Item) -> Bool {
return count >= 1 && self[0] == item"
6d4b12740e8573abf8defb82183d3be846d57a125efa51131d25b2cda6eaebc5,LanguageGuide/Generics.xhtml,LanguageGuide/Generics.xhtml#Extensions-with-a-Generic-Where-Clause,1,swift.generics.where-extension,mapped-to-canonical-lessons,pending-editorial-validation,pending-swift-6.4-toolchain,"if [9, 9, 9].startsWith(42) {
print(""Starts with 42."")
} else {
print(""Starts with something else."")
}
// Prints ""Starts"
96e19d5b88cbe87376e5799cf6a045f782015730d1442de46014a7566f728f56,LanguageGuide/Generics.xhtml,LanguageGuide/Generics.xhtml#Extensions-with-a-Generic-Where-Clause,1,swift.generics.where-extension,mapped-to-canonical-lessons,pending-editorial-validation,pending-swift-6.4-toolchain,"extension Container where Item == Double {
func average() -> Double {
var sum = 0.0
for index in 0..<count {
sum += self"
a1874c89b6dddc5d7edbd88366397c4c9776dd0c18420d7c172f50cbab0015b4,LanguageGuide/Generics.xhtml,LanguageGuide/Generics.xhtml#Extensions-with-a-Generic-Where-Clause,1,swift.generics.where-extension,mapped-to-canonical-lessons,pending-editorial-validation,pending-swift-6.4-toolchain,"struct NotEquatable { }
var notEquatableStack = Stack<NotEquatable>()
let notEquatableValue = NotEquatable()
notEquatabl"
d20b7d709564e22233520827406e91ca2f3e36a9672635b314e5bc31df635cf8,LanguageGuide/Generics.xhtml,LanguageGuide/Generics.xhtml#Extensions-with-a-Generic-Where-Clause,1,swift.generics.where-extension,mapped-to-canonical-lessons,pending-editorial-validation,pending-swift-6.4-toolchain,"if stackOfStrings.isTop(""tres"") {
print(""Top element is tres."")
} else {
print(""Top element is something else."")
}
// Pr"
2b06e1efa2b12a2756b7ed983da64be94096bab1167d84aa8c83b4e4a3227f3e,LanguageGuide/Generics.xhtml,LanguageGuide/Generics.xhtml#Generic-Functions,1,swift.generics.function,mapped-to-canonical-lessons,pending-editorial-validation,pending-swift-6.4-toolchain,"func swapTwoValues<T>(_ a: inout T, _ b: inout T) {
let temporaryA = a
a = b
b = temporaryA
}"
b8f34e3eede0a4218b0658540183310c7d05fe48098058e1177b85e2b6384bae,LanguageGuide/Generics.xhtml,LanguageGuide/Generics.xhtml#Generic-Functions,1,swift.generics.function,mapped-to-canonical-lessons,pending-editorial-validation,pending-swift-6.4-toolchain,"func swapTwoInts(_ a: inout Int, _ b: inout Int)
func swapTwoValues<T>(_ a: inout T, _ b: inout T)"
c4ea4cbd63976af9e3c25a76d046bd418684c5c83a71c5938691bd82540c41f5,LanguageGuide/Generics.xhtml,LanguageGuide/Generics.xhtml#Generic-Functions,1,swift.generics.function,mapped-to-canonical-lessons,pending-editorial-validation,pending-swift-6.4-toolchain,"var someInt = 3
var anotherInt = 107
swapTwoValues(&someInt, &anotherInt)
// someInt is now 107, and anotherInt is now 3"
8d472cf415bbc3a78b8dde218b3d67e9cdb8f3766f24c8d1daaa5431cff6d0d6,LanguageGuide/Generics.xhtml,LanguageGuide/Generics.xhtml#Generic-Subscripts,1,swift.generics.subscript,mapped-to-canonical-lessons,pending-editorial-validation,pending-swift-6.4-toolchain,"extension Container {
subscript<Indices: Sequence>(indices: Indices) -> [Item]
where Indices.Iterator.Element == Int {
v"
4d55ae88c3e4f63d2e3cadb8a195ba8230507fc86a2418eaedffdd04a189adb4,LanguageGuide/Generics.xhtml,LanguageGuide/Generics.xhtml#Generic-Types,1,swift.generics.type,mapped-to-canonical-lessons,pending-editorial-validation,pending-swift-6.4-toolchain,"var stackOfStrings = Stack<String>()
stackOfStrings.push(""uno"")
stackOfStrings.push(""dos"")
stackOfStrings.push(""tres"")
s"
b44cc8d3dd8af27e472b51b448ac2a1b8dbdd8ced3f3cbf70e7da974c15c29c3,LanguageGuide/Generics.xhtml,LanguageGuide/Generics.xhtml#Generic-Types,1,swift.generics.type,mapped-to-canonical-lessons,pending-editorial-validation,pending-swift-6.4-toolchain,"struct Stack<Element> {
var items: [Element] = []
mutating func push(_ item: Element) {
items.append(item)
}
mutating fu"
ce873a048da2750c1a0bbecaa4fbb48c617a57f3328166160b790c0da8f35048,LanguageGuide/Generics.xhtml,LanguageGuide/Generics.xhtml#Generic-Types,1,swift.generics.type,mapped-to-canonical-lessons,pending-editorial-validation,pending-swift-6.4-toolchain,"struct IntStack {
var items: [Int] = []
mutating func push(_ item: Int) {
items.append(item)
}
mutating func pop() -> In"
ee6d8d41444260fbacec7acf107bd29c260f85688a2973d863791f6a6442e968,LanguageGuide/Generics.xhtml,LanguageGuide/Generics.xhtml#Generic-Types,1,swift.generics.type,mapped-to-canonical-lessons,pending-editorial-validation,pending-swift-6.4-toolchain,"let fromTheTop = stackOfStrings.pop()
// fromTheTop is equal to ""cuatro"", and the stack now contains 3 strings"
2bd6dcc6ea4cdd65320096ab0b2aa1d7b85379c24d5d7267b15db890c25e0082,LanguageGuide/Generics.xhtml,LanguageGuide/Generics.xhtml#Generic-Where-Clauses,1,swift.generics.where,mapped-to-canonical-lessons,pending-editorial-validation,pending-swift-6.4-toolchain,"var stackOfStrings = Stack<String>()
stackOfStrings.push(""uno"")
stackOfStrings.push(""dos"")
stackOfStrings.push(""tres"")

"
77651e2b168a719e34460e1ab1302becf1e281981cc2047633a1d290db4ab0c2,LanguageGuide/Generics.xhtml,LanguageGuide/Generics.xhtml#Generic-Where-Clauses,1,swift.generics.where,mapped-to-canonical-lessons,pending-editorial-validation,pending-swift-6.4-toolchain,"func allItemsMatch<C1: Container, C2: Container>
(_ someContainer: C1, _ anotherContainer: C2) -> Bool
where C1.Item == "
6b75fe356907e6d765834757bf510a9ce45a8ae7062bf63fad9eb594d2c6a3b4,LanguageGuide/Generics.xhtml,LanguageGuide/Generics.xhtml#Implicit-Constraints,1,swift.generics.implicit-copyable,mapped-to-canonical-lessons,pending-editorial-validation,pending-swift-6.4-toolchain,"function someFunction<MyType> { ... }
function someFunction<MyType: Copyable> { ... }"
f2c44d2a0d0af3ec5621ba8ffc2027c0e3b1aa3110a0c10e1cea530eccec9468,LanguageGuide/Generics.xhtml,LanguageGuide/Generics.xhtml#Implicit-Constraints,1,swift.generics.implicit-copyable,mapped-to-canonical-lessons,pending-editorial-validation,pending-swift-6.4-toolchain,"func f<MyType>(x: inout MyType) {
let x1 = x // The value of x1 is a copy of x's value.
let x2 = x // The value of x2 is"
fe2773e2a90ed2d374fe5762197ad63643f73f4d500443a140f6f9d97ae7dbcf,LanguageGuide/Generics.xhtml,LanguageGuide/Generics.xhtml#The-Problem-that-Generics-Solve,1,swift.generics.problem,mapped-to-canonical-lessons,pending-editorial-validation,pending-swift-6.4-toolchain,"func swapTwoStrings(_ a: inout String, _ b: inout String) {
let temporaryA = a
a = b
b = temporaryA
}

func swapTwoDoubl"
b4154b8009bfdb7456ffd56a5acb69f9215c0c9356afbbfb2389ef1878b4fbaa,LanguageGuide/Generics.xhtml,LanguageGuide/Generics.xhtml#Type-Constraint-Syntax,1,swift.generics.constraint-syntax,mapped-to-canonical-lessons,pending-editorial-validation,pending-swift-6.4-toolchain,"func someFunction<T: SomeClass, U: SomeProtocol>(someT: T, someU: U) {
// function body goes here
}"
30052e0e3c1ac3ff2e4ca763caf3e1dd12f6d93fdb8047a0827fc92350040c98,LanguageGuide/Generics.xhtml,LanguageGuide/Generics.xhtml#Type-Constraints-in-Action,1,swift.generics.constraint-action,mapped-to-canonical-lessons,pending-editorial-validation,pending-swift-6.4-toolchain,"func findIndex(ofString valueToFind: String, in array: [String]) -> Int? {
for (index, value) in array.enumerated() {
if"
42b64b1883a86f645a1b8942b421d3abfd17aaebe73ef4508b98e3656d2c9f79,LanguageGuide/Generics.xhtml,LanguageGuide/Generics.xhtml#Type-Constraints-in-Action,1,swift.generics.constraint-action,mapped-to-canonical-lessons,pending-editorial-validation,pending-swift-6.4-toolchain,"func findIndex<T: Equatable>(of valueToFind: T, in array:[T]) -> Int? {
for (index, value) in array.enumerated() {
if va"
7d3881f5e85a0a05ff9fc32603078bc234214a71dc724b1a6d715ab4f26b042b,LanguageGuide/Generics.xhtml,LanguageGuide/Generics.xhtml#Type-Constraints-in-Action,1,swift.generics.constraint-action,mapped-to-canonical-lessons,pending-editorial-validation,pending-swift-6.4-toolchain,"func findIndex<T>(of valueToFind: T, in array:[T]) -> Int? {
for (index, value) in array.enumerated() {
if value == valu"
cd2b5fcc7b4d7fa8fd646e14c8d94e4053c3b181696262612df1c7eaea3aad81,LanguageGuide/Generics.xhtml,LanguageGuide/Generics.xhtml#Type-Constraints-in-Action,1,swift.generics.constraint-action,mapped-to-canonical-lessons,pending-editorial-validation,pending-swift-6.4-toolchain,"let doubleIndex = findIndex(of: 9.3, in: [3.14159, 0.1, 0.25])
// doubleIndex is an optional Int with no value, because "
ec561ed6069d236b3bb7d9948ae1a75f65cc4f508a7d663f4f3830f1518449f6,LanguageGuide/Generics.xhtml,LanguageGuide/Generics.xhtml#Type-Constraints-in-Action,1,swift.generics.constraint-action,mapped-to-canonical-lessons,pending-editorial-validation,pending-swift-6.4-toolchain,"let strings = [""cat"", ""dog"", ""llama"", ""parakeet"", ""terrapin""]
if let foundIndex = findIndex(ofString: ""llama"", in: strin"
05a8f8325cba2b3ee885d3aac5bd4d152012a44d9f7eff0ee8e9ecf59ca73929,LanguageGuide/Generics.xhtml,LanguageGuide/Generics.xhtml#Using-a-Protocol-in-Its-Associated-Types-Constraints,1,swift.generics.protocol-associated-constraint,mapped-to-canonical-lessons,pending-editorial-validation,pending-swift-6.4-toolchain,"extension Stack: SuffixableContainer {
func suffix(_ size: Int) -> Stack {
var result = Stack()
for index in (count-size"
555939dca8c01b046e6e7c3168a904ec89b9bb0ce4c752a6b690024665a450bc,LanguageGuide/Generics.xhtml,LanguageGuide/Generics.xhtml#Using-a-Protocol-in-Its-Associated-Types-Constraints,1,swift.generics.protocol-associated-constraint,mapped-to-canonical-lessons,pending-editorial-validation,pending-swift-6.4-toolchain,"extension IntStack: SuffixableContainer {
func suffix(_ size: Int) -> Stack<Int> {
var result = Stack<Int>()
for index i"
64e0f2f304ef2cd2077c060f6ff4d1d7b0181fb13982ccc8f67a1edc09221528,LanguageGuide/Generics.xhtml,LanguageGuide/Generics.xhtml#Using-a-Protocol-in-Its-Associated-Types-Constraints,1,swift.generics.protocol-associated-constraint,mapped-to-canonical-lessons,pending-editorial-validation,pending-swift-6.4-toolchain,"protocol SuffixableContainer: Container {
associatedtype Suffix: SuffixableContainer where Suffix.Item == Item
func suff"
2468520a0a36eb9b09c23bc88cbcc4dce96dcfcdf97ebec599625fff96b1e094,LanguageGuide/Inheritance.xhtml,LanguageGuide/Inheritance.xhtml#Defining-a-Base-Class,1,swift.inheritance.base-class,mapped-to-canonical-lessons,pending-editorial-validation,pending-swift-6.4-toolchain,"print(""Vehicle: \(someVehicle.description)"")
// Vehicle: traveling at 0.0 miles per hour"
59166f4faa303edabc17fa5db025fed786d9e053735d2a2384fb57663ad64f15,LanguageGuide/Inheritance.xhtml,LanguageGuide/Inheritance.xhtml#Defining-a-Base-Class,1,swift.inheritance.base-class,mapped-to-canonical-lessons,pending-editorial-validation,pending-swift-6.4-toolchain,"class Vehicle {
var currentSpeed = 0.0
var description: String {
return ""traveling at \(currentSpeed) miles per hour""
}
"
e4fc8423d409761335ae792346a238d3fe984f6fbed43297d98940d391d98ee7,LanguageGuide/Inheritance.xhtml,LanguageGuide/Inheritance.xhtml#Defining-a-Base-Class,1,swift.inheritance.base-class,mapped-to-canonical-lessons,pending-editorial-validation,pending-swift-6.4-toolchain,let someVehicle = Vehicle()
271fc377951fadd9eec8a7341e7f24c6c9e7de0de32c9232b63a3a9ac302a80c,LanguageGuide/Inheritance.xhtml,LanguageGuide/Inheritance.xhtml#Overriding-Methods,1,swift.inheritance.override-method,mapped-to-canonical-lessons,pending-editorial-validation,pending-swift-6.4-toolchain,"class Train: Vehicle {
override func makeNoise() {
print(""Choo Choo"")
}
}"
eafda44bf0bc9a8e61e14beffcfc33667369261fcc0a53416d6418e31e24b371,LanguageGuide/Inheritance.xhtml,LanguageGuide/Inheritance.xhtml#Overriding-Methods,1,swift.inheritance.override-method,mapped-to-canonical-lessons,pending-editorial-validation,pending-swift-6.4-toolchain,"let train = Train()
train.makeNoise()
// Prints ""Choo Choo""."
17d4e72bcf2cf10882dc125a4d54ec74d952ca81916876953a7a80edf26e6322,LanguageGuide/Inheritance.xhtml,LanguageGuide/Inheritance.xhtml#Overriding-Property-Getters-and-Setters,1,swift.inheritance.override-property,mapped-to-canonical-lessons,pending-editorial-validation,pending-swift-6.4-toolchain,"class Car: Vehicle {
var gear = 1
override var description: String {
return super.description + "" in gear \(gear)""
}
}"
969fd08a1e85db14ced7315834dfffe2285d04ba79d19abd129d7ca02eb05144,LanguageGuide/Inheritance.xhtml,LanguageGuide/Inheritance.xhtml#Overriding-Property-Getters-and-Setters,1,swift.inheritance.override-property,mapped-to-canonical-lessons,pending-editorial-validation,pending-swift-6.4-toolchain,"let car = Car()
car.currentSpeed = 25.0
car.gear = 3
print(""Car: \(car.description)"")
// Car: traveling at 25.0 miles pe"
1d9eeeffc4e15e243c017156f62dab1e2eabf978e0ed82ee010b29be105d9ad4,LanguageGuide/Inheritance.xhtml,LanguageGuide/Inheritance.xhtml#Overriding-Property-Observers,1,swift.inheritance.override-observer,mapped-to-canonical-lessons,pending-editorial-validation,pending-swift-6.4-toolchain,"class AutomaticCar: Car {
override var currentSpeed: Double {
didSet {
gear = Int(currentSpeed / 10.0) + 1
}
}
}"
4b81790de700c9edc8bb8ddac63dcf4ec379386da4096596ccbd67038c3f8862,LanguageGuide/Inheritance.xhtml,LanguageGuide/Inheritance.xhtml#Overriding-Property-Observers,1,swift.inheritance.override-observer,mapped-to-canonical-lessons,pending-editorial-validation,pending-swift-6.4-toolchain,"let automatic = AutomaticCar()
automatic.currentSpeed = 35.0
print(""AutomaticCar: \(automatic.description)"")
// Automati"
081aea4ae71dbd655c33fdbf39591decb24611af914d55c7eaa95250161d6ddd,LanguageGuide/Inheritance.xhtml,LanguageGuide/Inheritance.xhtml#Subclassing,1,swift.inheritance.subclass,mapped-to-canonical-lessons,pending-editorial-validation,pending-swift-6.4-toolchain,"class Bicycle: Vehicle {
var hasBasket = false
}"
3cfc90e579caaed186005cfd077c5ef03762f6b73e1e43dc0753f6d18d89701d,LanguageGuide/Inheritance.xhtml,LanguageGuide/Inheritance.xhtml#Subclassing,1,swift.inheritance.subclass,mapped-to-canonical-lessons,pending-editorial-validation,pending-swift-6.4-toolchain,"let bicycle = Bicycle()
bicycle.hasBasket = true"
5482cb426ce895977d2d0f3730310d5ec4a1ba018bd5cb0f3b9c1af55a8145cb,LanguageGuide/Inheritance.xhtml,LanguageGuide/Inheritance.xhtml#Subclassing,1,swift.inheritance.subclass,mapped-to-canonical-lessons,pending-editorial-validation,pending-swift-6.4-toolchain,"class SomeSubclass: SomeSuperclass {
// subclass definition goes here
}"
76951da8b3fd475eaf4f1962ccf25a10443045f91d02cb8cb0f7674312c50c5b,LanguageGuide/Inheritance.xhtml,LanguageGuide/Inheritance.xhtml#Subclassing,1,swift.inheritance.subclass,mapped-to-canonical-lessons,pending-editorial-validation,pending-swift-6.4-toolchain,"bicycle.currentSpeed = 15.0
print(""Bicycle: \(bicycle.description)"")
// Bicycle: traveling at 15.0 miles per hour"
9b91ce671589a4b1fcab29e2dd596a960ed973d66bae1a38412dedb480b4902a,LanguageGuide/Inheritance.xhtml,LanguageGuide/Inheritance.xhtml#Subclassing,1,swift.inheritance.subclass,mapped-to-canonical-lessons,pending-editorial-validation,pending-swift-6.4-toolchain,"class Tandem: Bicycle {
var currentNumberOfPassengers = 0
}"
d21cd5b9b07490cd786d98c8eda326106a0567b145878b304d52fdcb49fdbb1d,LanguageGuide/Inheritance.xhtml,LanguageGuide/Inheritance.xhtml#Subclassing,1,swift.inheritance.subclass,mapped-to-canonical-lessons,pending-editorial-validation,pending-swift-6.4-toolchain,"let tandem = Tandem()
tandem.hasBasket = true
tandem.currentNumberOfPassengers = 2
tandem.currentSpeed = 22.0
print(""Tan"
dbc13d62cd736e3d7940014093928234c746a397aa9c7ffe7bae00df21245595,LanguageGuide/Initialization.xhtml,LanguageGuide/Initialization.xhtml#Assigning-Constant-Properties-During-Initialization,1,swift.initialization.constant-property,mapped-to-canonical-lessons,pending-editorial-validation,pending-swift-6.4-toolchain,"class SurveyQuestion {
let text: String
var response: String?
init(text: String) {
self.text = text
}
func ask() {
print"
7a17b23c0c66e49e67a899e89f529da4a9e70b400eb2121243d1a12f1d63c058,LanguageGuide/Initialization.xhtml,LanguageGuide/Initialization.xhtml#Default-Initializers,1,swift.initialization.default-init,mapped-to-canonical-lessons,pending-editorial-validation,pending-swift-6.4-toolchain,"class ShoppingListItem {
var name: String?
var quantity = 1
var purchased = false
}
var item = ShoppingListItem()"
1ca2caeaf8d3ce5a2e447d402335eb572c05fcc2b37eb8d370d11a1cede0a606,LanguageGuide/Initialization.xhtml,LanguageGuide/Initialization.xhtml#Default-Property-Values,1,swift.initialization.default-value,mapped-to-canonical-lessons,pending-editorial-validation,pending-swift-6.4-toolchain,"struct Fahrenheit {
var temperature = 32.0
}"
063d8d7e53937b25c24c4e5dc638ed14d956bf186c9cef214910cae100306ee4,LanguageGuide/Initialization.xhtml,LanguageGuide/Initialization.xhtml#Designated-and-Convenience-Initializers-in-Action,1,swift.initialization.convenience|swift.initialization.super-delegation,mapped-to-canonical-lessons,pending-editorial-validation,pending-swift-6.4-toolchain,"class Food {
var name: String
init(name: String) {
self.name = name
}
convenience init() {
self.init(name: ""[Unnamed]"")
"
5e115baa009e149723e307d292ab6ea602f4ec68e842eaac289edbdab421f787,LanguageGuide/Initialization.xhtml,LanguageGuide/Initialization.xhtml#Designated-and-Convenience-Initializers-in-Action,1,swift.initialization.convenience|swift.initialization.super-delegation,mapped-to-canonical-lessons,pending-editorial-validation,pending-swift-6.4-toolchain,"class ShoppingListItem: RecipeIngredient {
var purchased = false
var description: String {
var output = ""\(quantity) x \"
6e094fd058ee2cf65d512dce1775d8c9528e0d9b223f810df27bc606a2ea4dc2,LanguageGuide/Initialization.xhtml,LanguageGuide/Initialization.xhtml#Designated-and-Convenience-Initializers-in-Action,1,swift.initialization.convenience|swift.initialization.super-delegation,mapped-to-canonical-lessons,pending-editorial-validation,pending-swift-6.4-toolchain,"let oneMysteryItem = RecipeIngredient()
let oneBacon = RecipeIngredient(name: ""Bacon"")
let sixEggs = RecipeIngredient(na"
bacf04388f7b38c37191753c488dd1e8067359691898a524412eb2e897ef1c33,LanguageGuide/Initialization.xhtml,LanguageGuide/Initialization.xhtml#Designated-and-Convenience-Initializers-in-Action,1,swift.initialization.convenience|swift.initialization.super-delegation,mapped-to-canonical-lessons,pending-editorial-validation,pending-swift-6.4-toolchain,"let namedMeat = Food(name: ""Bacon"")
// namedMeat's name is ""Bacon"""
e61bac69210bbc0a265978391099e44e62f8fdf61b2a0485b5d062e0cc10e357,LanguageGuide/Initialization.xhtml,LanguageGuide/Initialization.xhtml#Designated-and-Convenience-Initializers-in-Action,1,swift.initialization.convenience|swift.initialization.super-delegation,mapped-to-canonical-lessons,pending-editorial-validation,pending-swift-6.4-toolchain,"let mysteryMeat = Food()
// mysteryMeat's name is ""[Unnamed]"""
e6455c15d1892443fa08731f2beb95850eb65a7717db558a047e8ba4e25333b1,LanguageGuide/Initialization.xhtml,LanguageGuide/Initialization.xhtml#Designated-and-Convenience-Initializers-in-Action,1,swift.initialization.convenience|swift.initialization.super-delegation,mapped-to-canonical-lessons,pending-editorial-validation,pending-swift-6.4-toolchain,"class RecipeIngredient: Food {
var quantity: Int
init(name: String, quantity: Int) {
self.quantity = quantity
super.init"
f8d468641fd70ea54b4fa4f913690f5cd0790f7dc53f4341772a0b0ca88a1499,LanguageGuide/Initialization.xhtml,LanguageGuide/Initialization.xhtml#Designated-and-Convenience-Initializers-in-Action,1,swift.initialization.convenience|swift.initialization.super-delegation,mapped-to-canonical-lessons,pending-editorial-validation,pending-swift-6.4-toolchain,"var breakfastList = [
ShoppingListItem(),
ShoppingListItem(name: ""Bacon""),
ShoppingListItem(name: ""Eggs"", quantity: 6),
"
0e393f01cf28ecb8107fb5a0eca89431d51e178cdf0c69d182be4b8cbc2b77e9,LanguageGuide/Initialization.xhtml,LanguageGuide/Initialization.xhtml#Failable-Initializers,1,swift.initialization.failable,mapped-to-canonical-lessons,pending-editorial-validation,pending-swift-6.4-toolchain,"let wholeNumber: Double = 12345.0
let pi = 3.14159

if let valueMaintained = Int(exactly: wholeNumber) {
print(""\(wholeN"
a591ae5ddeb40a087a1dc574ad42aad6df53977e07a26a8a34f38fed25201870,LanguageGuide/Initialization.xhtml,LanguageGuide/Initialization.xhtml#Failable-Initializers,1,swift.initialization.failable,mapped-to-canonical-lessons,pending-editorial-validation,pending-swift-6.4-toolchain,"struct Animal {
let species: String
init?(species: String) {
if species.isEmpty { return nil }
self.species = species
}
"
a8b1beeffdd3037114ff932cc32b8d59762ac182c03206476b6365a648eb0e89,LanguageGuide/Initialization.xhtml,LanguageGuide/Initialization.xhtml#Failable-Initializers,1,swift.initialization.failable,mapped-to-canonical-lessons,pending-editorial-validation,pending-swift-6.4-toolchain,"let someCreature = Animal(species: ""Giraffe"")
// someCreature is of type Animal?, not Animal

if let giraffe = someCreat"
dd1280c232c2a5654db18e7bdfcfb7fff6d64fe97beb5ba070dbed86db919c0d,LanguageGuide/Initialization.xhtml,LanguageGuide/Initialization.xhtml#Failable-Initializers,1,swift.initialization.failable,mapped-to-canonical-lessons,pending-editorial-validation,pending-swift-6.4-toolchain,"let anonymousCreature = Animal(species: """")
// anonymousCreature is of type Animal?, not Animal

if anonymousCreature =="
beb1ca5991243dd567a97f9e4e3baa119723d95a772f46e6c2b73ba6b0aa97b4,LanguageGuide/Initialization.xhtml,LanguageGuide/Initialization.xhtml#Failable-Initializers-for-Enumerations,1,swift.initialization.failable-enum,mapped-to-canonical-lessons,pending-editorial-validation,pending-swift-6.4-toolchain,"let fahrenheitUnit = TemperatureUnit(symbol: ""F"")
if fahrenheitUnit != nil {
print(""This is a defined temperature unit, "
e743f971c86e7d98f1f6c0617c255b38ac9514737cff71701f6dee94e69ad881,LanguageGuide/Initialization.xhtml,LanguageGuide/Initialization.xhtml#Failable-Initializers-for-Enumerations,1,swift.initialization.failable-enum,mapped-to-canonical-lessons,pending-editorial-validation,pending-swift-6.4-toolchain,"enum TemperatureUnit {
case kelvin, celsius, fahrenheit
init?(symbol: Character) {
switch symbol {
case ""K"":
self = .kel"
14545caa00f0519ff8e2e7ba9ca88a397c08af0bc6b1c9356c43bf8feecec162,LanguageGuide/Initialization.xhtml,LanguageGuide/Initialization.xhtml#Failable-Initializers-for-Enumerations-with-Raw-Values,1,swift.initialization.raw-failable,mapped-to-canonical-lessons,pending-editorial-validation,pending-swift-6.4-toolchain,"enum TemperatureUnit: Character {
case kelvin = ""K"", celsius = ""C"", fahrenheit = ""F""
}

let fahrenheitUnit = Temperature"
dadd2d29caf063e9e2afcbce253ab4e12fd557893481fd46a385fd9c22bc4990,LanguageGuide/Initialization.xhtml,LanguageGuide/Initialization.xhtml#Initialization-Parameters,1,swift.initialization.parameter,mapped-to-canonical-lessons,pending-editorial-validation,pending-swift-6.4-toolchain,"struct Celsius {
var temperatureInCelsius: Double
init(fromFahrenheit fahrenheit: Double) {
temperatureInCelsius = (fahr"
13c53ba34af075072afc14e5e0ee402f93f0ec03625f1e691dc808f76fc776b3,LanguageGuide/Initialization.xhtml,LanguageGuide/Initialization.xhtml#Initializer-Delegation-for-Value-Types,1,swift.initialization.value-delegation,mapped-to-canonical-lessons,pending-editorial-validation,pending-swift-6.4-toolchain,"let originRect = Rect(origin: Point(x: 2.0, y: 2.0),
size: Size(width: 5.0, height: 5.0))
// originRect's origin is (2.0"
322467fbdf5a852ab68954f4c4a691a129e3329a3d3879218181f59086883b41,LanguageGuide/Initialization.xhtml,LanguageGuide/Initialization.xhtml#Initializer-Delegation-for-Value-Types,1,swift.initialization.value-delegation,mapped-to-canonical-lessons,pending-editorial-validation,pending-swift-6.4-toolchain,"struct Rect {
var origin = Point()
var size = Size()
init() {}
init(origin: Point, size: Size) {
self.origin = origin
se"
a284e5b6823ac05a063eb03ac3d28d0a6475987a374153d2751c0c2c92434168,LanguageGuide/Initialization.xhtml,LanguageGuide/Initialization.xhtml#Initializer-Delegation-for-Value-Types,1,swift.initialization.value-delegation,mapped-to-canonical-lessons,pending-editorial-validation,pending-swift-6.4-toolchain,"struct Size {
var width = 0.0, height = 0.0
}
struct Point {
var x = 0.0, y = 0.0
}"
b4cd75918932d9c31b060f35e18e6374b591150b51017b96ea370307f13559e4,LanguageGuide/Initialization.xhtml,LanguageGuide/Initialization.xhtml#Initializer-Delegation-for-Value-Types,1,swift.initialization.value-delegation,mapped-to-canonical-lessons,pending-editorial-validation,pending-swift-6.4-toolchain,"let basicRect = Rect()
// basicRect's origin is (0.0, 0.0) and its size is (0.0, 0.0)"
0b6708b46f27083af3bb007469bc47064f13fa1e60841cdf8c0b564fc93bbf72,LanguageGuide/Initialization.xhtml,LanguageGuide/Initialization.xhtml#Initializer-Inheritance-and-Overriding,1,swift.initialization.override-init,mapped-to-canonical-lessons,pending-editorial-validation,pending-swift-6.4-toolchain,"let hoverboard = Hoverboard(color: ""silver"")
print(""Hoverboard: \(hoverboard.description)"")
// Hoverboard: 0 wheel(s) in"
71b557dd4006778172ad5df4a4f08eb8626537cc694dd665a0e5f1b785885f8d,LanguageGuide/Initialization.xhtml,LanguageGuide/Initialization.xhtml#Initializer-Inheritance-and-Overriding,1,swift.initialization.override-init,mapped-to-canonical-lessons,pending-editorial-validation,pending-swift-6.4-toolchain,"class Bicycle: Vehicle {
override init() {
super.init()
numberOfWheels = 2
}
}"
9b02d14755b6471b21f9b650b17875b66070f0cdd6b05ef83c637726c55987ea,LanguageGuide/Initialization.xhtml,LanguageGuide/Initialization.xhtml#Initializer-Inheritance-and-Overriding,1,swift.initialization.override-init,mapped-to-canonical-lessons,pending-editorial-validation,pending-swift-6.4-toolchain,"let vehicle = Vehicle()
print(""Vehicle: \(vehicle.description)"")
// Vehicle: 0 wheel(s)"
a7c00fcba0cf91d399c7e7831d2a8edecc2d6a4666554ed1f3fa1339533dbb41,LanguageGuide/Initialization.xhtml,LanguageGuide/Initialization.xhtml#Initializer-Inheritance-and-Overriding,1,swift.initialization.override-init,mapped-to-canonical-lessons,pending-editorial-validation,pending-swift-6.4-toolchain,"class Vehicle {
var numberOfWheels = 0
var description: String {
return ""\(numberOfWheels) wheel(s)""
}
}"
ade3b1946155e6c4ddd611318382e0d3a5743bd64590c96d5a590bb8494a4834,LanguageGuide/Initialization.xhtml,LanguageGuide/Initialization.xhtml#Initializer-Inheritance-and-Overriding,1,swift.initialization.override-init,mapped-to-canonical-lessons,pending-editorial-validation,pending-swift-6.4-toolchain,"let bicycle = Bicycle()
print(""Bicycle: \(bicycle.description)"")
// Bicycle: 2 wheel(s)"
b748e976622983fda870c8835e3bc89fb01f53abc9f45aefc0f5f6fdd042c27c,LanguageGuide/Initialization.xhtml,LanguageGuide/Initialization.xhtml#Initializer-Inheritance-and-Overriding,1,swift.initialization.override-init,mapped-to-canonical-lessons,pending-editorial-validation,pending-swift-6.4-toolchain,"class Hoverboard: Vehicle {
var color: String
init(color: String) {
self.color = color
// super.init() implicitly called"
d56ff648dfca5e07f247201b089696423e19030f868fb016ed0e7b93899cd75c,LanguageGuide/Initialization.xhtml,LanguageGuide/Initialization.xhtml#Initializer-Parameters-Without-Argument-Labels,1,swift.initialization.no-label,mapped-to-canonical-lessons,pending-editorial-validation,pending-swift-6.4-toolchain,"struct Celsius {
var temperatureInCelsius: Double
init(fromFahrenheit fahrenheit: Double) {
temperatureInCelsius = (fahr"
3ead4be7ad2b00ee3266f8ba250ffd4a76430a0e7d39a280ae1b5a68c6b2c4ad,LanguageGuide/Initialization.xhtml,LanguageGuide/Initialization.xhtml#Initializers,1,swift.initialization.basic,mapped-to-canonical-lessons,pending-editorial-validation,pending-swift-6.4-toolchain,"struct Fahrenheit {
var temperature: Double
init() {
temperature = 32.0
}
}
var f = Fahrenheit()
print(""The default temp"
c9f6a35d77992d20ff11343dff4c787ffbd612c13b31c8c32e3dfbd51c79b427,LanguageGuide/Initialization.xhtml,LanguageGuide/Initialization.xhtml#Initializers,1,swift.initialization.basic,mapped-to-canonical-lessons,pending-editorial-validation,pending-swift-6.4-toolchain,"init() {
// perform some initialization here
}"
0ac0667fddde407b50c3dcb50a23578f448e90e00f42123e4d8723e81baa2935,LanguageGuide/Initialization.xhtml,LanguageGuide/Initialization.xhtml#Memberwise-Initializers-for-Structure-Types,1,swift.initialization.memberwise-defaults,mapped-to-canonical-lessons,pending-editorial-validation,pending-swift-6.4-toolchain,"let zeroByTwo = Size(height: 2.0)
print(zeroByTwo.width, zeroByTwo.height)
// Prints ""0.0 2.0"".

let zeroByZero = Size()"
37b62ac76133ce1b1eaf9ed2ebb4e137cd4fd177fab1bfe640c8a34b0680dea9,LanguageGuide/Initialization.xhtml,LanguageGuide/Initialization.xhtml#Memberwise-Initializers-for-Structure-Types,1,swift.initialization.memberwise-defaults,mapped-to-canonical-lessons,pending-editorial-validation,pending-swift-6.4-toolchain,"struct Size {
var width = 0.0, height = 0.0
}
let twoByTwo = Size(width: 2.0, height: 2.0)"
eb9ef3618fc4d8d97d6047bd1cab585fdb6ed14246d0e5bcd97f888cc90d009d,LanguageGuide/Initialization.xhtml,LanguageGuide/Initialization.xhtml#Optional-Property-Types,1,swift.initialization.optional-property,mapped-to-canonical-lessons,pending-editorial-validation,pending-swift-6.4-toolchain,"class SurveyQuestion {
var text: String
var response: String?
init(text: String) {
self.text = text
}
func ask() {
print"
48772d77fababd11d850aaa1922b3d661d751f451cc98a7e1748447a67ce9724,LanguageGuide/Initialization.xhtml,LanguageGuide/Initialization.xhtml#Overriding-a-Failable-Initializer,1,swift.initialization.override-failable,mapped-to-canonical-lessons,pending-editorial-validation,pending-swift-6.4-toolchain,"class UntitledDocument: Document {
override init() {
super.init(name: ""[Untitled]"")!
}
}"
610c21103f9bd2ff57d33892938132206301cd463e0c15f78f2b80f65287bd72,LanguageGuide/Initialization.xhtml,LanguageGuide/Initialization.xhtml#Overriding-a-Failable-Initializer,1,swift.initialization.override-failable,mapped-to-canonical-lessons,pending-editorial-validation,pending-swift-6.4-toolchain,"class AutomaticallyNamedDocument: Document {
override init() {
super.init()
self.name = ""[Untitled]""
}
override init(nam"
7c46cca48e48993d5c45d8b8f1b31ce899ff2d290323b737f463e163fbf1e112,LanguageGuide/Initialization.xhtml,LanguageGuide/Initialization.xhtml#Overriding-a-Failable-Initializer,1,swift.initialization.override-failable,mapped-to-canonical-lessons,pending-editorial-validation,pending-swift-6.4-toolchain,"class Document {
var name: String?
// this initializer creates a document with a nil name value
init() {}
// this initia"
22dfdbf1e3c95f0857c8b32a898904984cd2f06da881e0b97f217b9213cdc7e3,LanguageGuide/Initialization.xhtml,LanguageGuide/Initialization.xhtml#Parameter-Names-and-Argument-Labels,1,swift.initialization.argument-label,mapped-to-canonical-lessons,pending-editorial-validation,pending-swift-6.4-toolchain,"let magenta = Color(red: 1.0, green: 0.0, blue: 1.0)
let halfGray = Color(white: 0.5)"
9f965602dc79fb7b7194a00fc4b577cd90abe6bd706333e4afd4caa2f58f2c52,LanguageGuide/Initialization.xhtml,LanguageGuide/Initialization.xhtml#Parameter-Names-and-Argument-Labels,1,swift.initialization.argument-label,mapped-to-canonical-lessons,pending-editorial-validation,pending-swift-6.4-toolchain,"struct Color {
let red, green, blue: Double
init(red: Double, green: Double, blue: Double) {
self.red = red
self.green ="
ac81813cc8359ccd3af1a35443808e95f8ca6bc7d96497b1c3592f288dae2b39,LanguageGuide/Initialization.xhtml,LanguageGuide/Initialization.xhtml#Parameter-Names-and-Argument-Labels,1,swift.initialization.argument-label,mapped-to-canonical-lessons,pending-editorial-validation,pending-swift-6.4-toolchain,"let veryGreen = Color(0.0, 1.0, 0.0)
// this reports a compile-time error - argument labels are required"
098b4b649e25bc109c67983d4c8ae1c0d227e8fbab2f1363d74f09d22e49d979,LanguageGuide/Initialization.xhtml,LanguageGuide/Initialization.xhtml#Propagation-of-Initialization-Failure,1,swift.initialization.failure-propagation,mapped-to-canonical-lessons,pending-editorial-validation,pending-swift-6.4-toolchain,"if let twoSocks = CartItem(name: ""sock"", quantity: 2) {
print(""Item: \(twoSocks.name), quantity: \(twoSocks.quantity)"")
"
4ddf03272b881198fb39e60903b1df0935a88b14813c6e7e94bfbd7078ad6c96,LanguageGuide/Initialization.xhtml,LanguageGuide/Initialization.xhtml#Propagation-of-Initialization-Failure,1,swift.initialization.failure-propagation,mapped-to-canonical-lessons,pending-editorial-validation,pending-swift-6.4-toolchain,"class Product {
let name: String
init?(name: String) {
if name.isEmpty { return nil }
self.name = name
}
}

class CartIt"
e64aa36e5fa218d730ecf652a6e76c52d3e50078e3f083e0a09ecbe5fdf7a088,LanguageGuide/Initialization.xhtml,LanguageGuide/Initialization.xhtml#Propagation-of-Initialization-Failure,1,swift.initialization.failure-propagation,mapped-to-canonical-lessons,pending-editorial-validation,pending-swift-6.4-toolchain,"if let zeroShirts = CartItem(name: ""shirt"", quantity: 0) {
print(""Item: \(zeroShirts.name), quantity: \(zeroShirts.quant"
f475b81e963d31e401b285b8aa86c3fa1a239271809e5b1be0557ec169729292,LanguageGuide/Initialization.xhtml,LanguageGuide/Initialization.xhtml#Propagation-of-Initialization-Failure,1,swift.initialization.failure-propagation,mapped-to-canonical-lessons,pending-editorial-validation,pending-swift-6.4-toolchain,"if let oneUnnamed = CartItem(name: """", quantity: 1) {
print(""Item: \(oneUnnamed.name), quantity: \(oneUnnamed.quantity)"""
00a826ad9662a08868ef0902ce69dd3411c2aba91a56244cfb89400d090c34e9,LanguageGuide/Initialization.xhtml,LanguageGuide/Initialization.xhtml#Required-Initializers,1,swift.initialization.required,mapped-to-canonical-lessons,pending-editorial-validation,pending-swift-6.4-toolchain,"class SomeClass {
required init() {
// initializer implementation goes here
}
}"
4a7e4140301c09a9963a9120e8d3febe6c2716be806e74f45795d38b8d4d1412,LanguageGuide/Initialization.xhtml,LanguageGuide/Initialization.xhtml#Required-Initializers,1,swift.initialization.required,mapped-to-canonical-lessons,pending-editorial-validation,pending-swift-6.4-toolchain,"class SomeSubclass: SomeClass {
required init() {
// subclass implementation of the required initializer goes here
}
}"
2bd50e42002597fc71bc77e01dd68c56849d2d7d4c87a5a32aba01d814f2873f,LanguageGuide/Initialization.xhtml,LanguageGuide/Initialization.xhtml#Setting-a-Default-Property-Value-with-a-Closure-or-Function,1,swift.initialization.closure-default,mapped-to-canonical-lessons,pending-editorial-validation,pending-swift-6.4-toolchain,"let board = Chessboard()
print(board.squareIsBlackAt(row: 0, column: 1))
// Prints ""true"".
print(board.squareIsBlackAt(r"
9b0199ce03f0ae387aa416eb95ea43e50d2883755c8916325e8b256c5d3b92e8,LanguageGuide/Initialization.xhtml,LanguageGuide/Initialization.xhtml#Setting-a-Default-Property-Value-with-a-Closure-or-Function,1,swift.initialization.closure-default,mapped-to-canonical-lessons,pending-editorial-validation,pending-swift-6.4-toolchain,"class SomeClass {
let someProperty: SomeType = {
// create a default value for someProperty inside this closure
// someV"
ece9b5730cfffb7bae39bf510f7503cf400b875afc04d2082cbc8fac5f2d1758,LanguageGuide/Initialization.xhtml,LanguageGuide/Initialization.xhtml#Setting-a-Default-Property-Value-with-a-Closure-or-Function,1,swift.initialization.closure-default,mapped-to-canonical-lessons,pending-editorial-validation,pending-swift-6.4-toolchain,"struct Chessboard {
let boardColors: [Bool] = {
var temporaryBoard: [Bool] = []
var isBlack = false
for i in 1...8 {
for"
638816378120e19e55bec164f13005c65b458de753b976150dd104fa70bc1b31,LanguageGuide/Initialization.xhtml|ReferenceManual/Declarations.xhtml,LanguageGuide/Initialization.xhtml#Syntax-for-Designated-and-Convenience-Initializers|ReferenceManual/Declarations.xhtml#Initializer-Declaration,2,swift.initialization.basic|swift.initialization.convenience,mapped-to-canonical-lessons,pending-editorial-validation,pending-swift-6.4-toolchain,"convenience init(parameters) {
statements
}"
9de799a636ac93a15ec8e3f267f9328ff2422d65d42229bab63c4e13b64be017,LanguageGuide/Initialization.xhtml|ReferenceManual/Declarations.xhtml,LanguageGuide/Initialization.xhtml#Syntax-for-Designated-and-Convenience-Initializers|ReferenceManual/Declarations.xhtml#Initializer-Declaration,2,swift.initialization.basic|swift.initialization.convenience,mapped-to-canonical-lessons,pending-editorial-validation,pending-swift-6.4-toolchain,"init(parameters) {
statements
}"
32816c091ca3922463db9ea2e60c5868912bbaf5a71993246e95f12f813f775c,LanguageGuide/Macros.xhtml,LanguageGuide/Macros.xhtml#Attached-Macros,1,swift.macros.attached,mapped-to-canonical-lessons,pending-editorial-validation,pending-swift-6.4-toolchain,"struct SundaeToppings {
private enum Options: Int {
case nuts
case cherry
case fudge
}

typealias RawValue = Int
var raw"
376aa41c48c4fb560d0dc24ba810da0600edc5e4739a84220a17bac95de9f9cc,LanguageGuide/Macros.xhtml,LanguageGuide/Macros.xhtml#Attached-Macros,1,swift.macros.attached,mapped-to-canonical-lessons,pending-editorial-validation,pending-swift-6.4-toolchain,"struct SundaeToppings: OptionSet {
let rawValue: Int
static let nuts = SundaeToppings(rawValue: 1 << 0)
static let cherr"
f4760b16cbc079934ae751e303716c67800ab3157764b29afc3d16d1f2fff27b,LanguageGuide/Macros.xhtml,LanguageGuide/Macros.xhtml#Attached-Macros,1,swift.macros.attached,mapped-to-canonical-lessons,pending-editorial-validation,pending-swift-6.4-toolchain,"@OptionSet<Int>
struct SundaeToppings {
private enum Options: Int {
case nuts
case cherry
case fudge
}
}"
9c095332da1df86ae8be082540687d50f14b117e651daa974b3e79a9bdb3ac64,LanguageGuide/Macros.xhtml,LanguageGuide/Macros.xhtml#Developing-and-Debugging-Macros,1,swift.macros.debugging,mapped-to-canonical-lessons,pending-editorial-validation,pending-swift-6.4-toolchain,"let source: SourceFileSyntax =
""""""
let abcd = #fourCharacterCode(""ABCD"")
""""""

let file = BasicMacroExpansionContext.Know"
11f67fcf84615c257d8b6cd59e024cbde7b1dd54085a6865671b4a3e47a25986,LanguageGuide/Macros.xhtml,LanguageGuide/Macros.xhtml#Freestanding-Macros,1,swift.macros.freestanding,mapped-to-canonical-lessons,pending-editorial-validation,pending-swift-6.4-toolchain,"func myFunction() {
print(""Currently running \(#function)"")
#warning(""Something's wrong"")
}"
0242ae54c42269f384b19500c215b72b1ceddb7fa5ea155be519d976e65cc9b7,LanguageGuide/Macros.xhtml,LanguageGuide/Macros.xhtml#Implementing-a-Macro,1,swift.macros.implementation,mapped-to-canonical-lessons,pending-editorial-validation,pending-swift-6.4-toolchain,"targets: [
// Macro implementation that performs the source transformations.
.macro(
name: ""MyProjectMacros"",
dependenci"
1bfbd676aeb6aa6376b0fc4458e9e758df890dfdf560c154f78ddc5b8e3a6473,LanguageGuide/Macros.xhtml,LanguageGuide/Macros.xhtml#Implementing-a-Macro,1,swift.macros.implementation,mapped-to-canonical-lessons,pending-editorial-validation,pending-swift-6.4-toolchain,"import SwiftSyntax
import SwiftSyntaxMacros

public struct FourCharacterCode: ExpressionMacro {
public static func expan"
9909e431fdf2759276ffb559970013a482fb71e9e77369b9281f37c4e32a3d74,LanguageGuide/Macros.xhtml,LanguageGuide/Macros.xhtml#Implementing-a-Macro,1,swift.macros.implementation,mapped-to-canonical-lessons,pending-editorial-validation,pending-swift-6.4-toolchain,"import SwiftCompilerPlugin

@main
struct MyProjectMacros: CompilerPlugin {
var providingMacros: [Macro.Type] = [FourChar"
cc648dfb29a081fdec549a4bb9483817ec25778962a26497b198fd6c38b7aadf,LanguageGuide/Macros.xhtml,LanguageGuide/Macros.xhtml#Implementing-a-Macro,1,swift.macros.implementation,mapped-to-canonical-lessons,pending-editorial-validation,pending-swift-6.4-toolchain,"dependencies: [
.package(url: ""https://github.com/swiftlang/swift-syntax"", from: ""509.0.0"")
],"
cd153bf2fe3e1c0b057e52ab2af46b6794ce8f4523def509138decae106532df,LanguageGuide/Macros.xhtml,LanguageGuide/Macros.xhtml#Implementing-a-Macro,1,swift.macros.implementation,mapped-to-canonical-lessons,pending-editorial-validation,pending-swift-6.4-toolchain,"// swift-tools-version: 5.9

import PackageDescription
import CompilerPluginSupport

let package = Package(
name: ""MyPac"
000a83bf1df26fb7056fdb40a6c6f7397e91de212035dab15a7ee9d039d80202,LanguageGuide/Macros.xhtml,LanguageGuide/Macros.xhtml#Macro-Declarations,1,swift.macros.declaration|swift.macros.external,mapped-to-canonical-lessons,pending-editorial-validation,pending-swift-6.4-toolchain,"@attached(member, names: named(RawValue), named(rawValue),
named(`init`), arbitrary)
@attached(extension, conformances: "
892808aacc39521db6d4b5aded93c20b7276e8860f4f50a63116230ce9832d9f,LanguageGuide/Macros.xhtml,LanguageGuide/Macros.xhtml#Macro-Declarations,1,swift.macros.declaration|swift.macros.external,mapped-to-canonical-lessons,pending-editorial-validation,pending-swift-6.4-toolchain,"@attached(member)
@attached(extension, conformances: OptionSet)
public macro OptionSet<RawType>() =
#externalMacro(modul"
ae354cbe16656b9628d6ed6a312c0046b409eee369b78576a2252b3cc512df42,LanguageGuide/Macros.xhtml,LanguageGuide/Macros.xhtml#Macro-Declarations,1,swift.macros.declaration|swift.macros.external,mapped-to-canonical-lessons,pending-editorial-validation,pending-swift-6.4-toolchain,"public macro OptionSet<RawType>() =
#externalMacro(module: ""SwiftMacros"", type: ""OptionSetMacro"")"
fcfb6d5d7d791ee6288a6d637e1313853d54bcbb040c6b3b848066560b07b0ab,LanguageGuide/Macros.xhtml,LanguageGuide/Macros.xhtml#Macro-Declarations,1,swift.macros.declaration|swift.macros.external,mapped-to-canonical-lessons,pending-editorial-validation,pending-swift-6.4-toolchain,"@freestanding(expression)
public macro line<T: ExpressibleByIntegerLiteral>() -> T =
/* ... location of the macro implem"
31e5ece6b4516ef9d374ca58bc39168c127524d7aa5626fd52660b0d97c3d4c0,LanguageGuide/Macros.xhtml,LanguageGuide/Macros.xhtml#Macro-Expansion,1,swift.macros.expansion,mapped-to-canonical-lessons,pending-editorial-validation,pending-swift-6.4-toolchain,"let magicNumber = #fourCharacterCode(""ABCD"")"
9b5becb38798b9bbc4d04c00f99c011d5d0bc63d30d99558f1990d71ad966f54,LanguageGuide/Macros.xhtml,LanguageGuide/Macros.xhtml#Macro-Expansion,1,swift.macros.expansion,mapped-to-canonical-lessons,pending-editorial-validation,pending-swift-6.4-toolchain,let magicNumber = 1145258561 as UInt32
b4a1e380d4e974a9ed46b61ced4e39cd2cc32259f3a9b8b0512dcd4d909b77df,LanguageGuide/MemorySafety.xhtml,LanguageGuide/MemorySafety.xhtml#Characteristics-of-Memory-Access,1,swift.memory.characteristics,mapped-to-canonical-lessons,pending-editorial-validation,pending-swift-6.4-toolchain,"func oneMore(than number: Int) -> Int {
return number + 1
}

var myNumber = 1
myNumber = oneMore(than: myNumber)
print(m"
0bfef5bf0a2fd3e4b2ee2031da7dce71a08bdea20831397a2ed1ba805ff648e2,LanguageGuide/MemorySafety.xhtml,LanguageGuide/MemorySafety.xhtml#Conflicting-Access-to-In-Out-Parameters,1,swift.memory.inout,mapped-to-canonical-lessons,pending-editorial-validation,pending-swift-6.4-toolchain,"var stepSize = 1

func increment(_ number: inout Int) {
number += stepSize
}

increment(&stepSize)
// Error: Conflicting"
0f6f580aa5a423e69fc999044e912834318cfc15270bceee568e3782453b05e9,LanguageGuide/MemorySafety.xhtml,LanguageGuide/MemorySafety.xhtml#Conflicting-Access-to-In-Out-Parameters,1,swift.memory.inout,mapped-to-canonical-lessons,pending-editorial-validation,pending-swift-6.4-toolchain,"func balance(_ x: inout Int, _ y: inout Int) {
let sum = x + y
x = sum / 2
y = sum - x
}
var playerOneScore = 42
var pla"
723e2c7ee7ae6aff16403c5d59742f79a1d0f1cc50f1c04cb3249aba982de73c,LanguageGuide/MemorySafety.xhtml,LanguageGuide/MemorySafety.xhtml#Conflicting-Access-to-In-Out-Parameters,1,swift.memory.inout,mapped-to-canonical-lessons,pending-editorial-validation,pending-swift-6.4-toolchain,"// Make an explicit copy.
var copyOfStepSize = stepSize
increment(&copyOfStepSize)

// Update the original.
stepSize = c"
31d250633e8d29cb1416b3c9ef4222b1fb048dda73d1b0fd3f42658f96f9a303,LanguageGuide/MemorySafety.xhtml,LanguageGuide/MemorySafety.xhtml#Conflicting-Access-to-Properties,1,swift.memory.properties,mapped-to-canonical-lessons,pending-editorial-validation,pending-swift-6.4-toolchain,"var holly = Player(name: ""Holly"", health: 10, energy: 10)
balance(&holly.health, &holly.energy) // Error"
c609a7c8ac50370392ebc5c271134882a560e77f0588b45f537263de30bd7760,LanguageGuide/MemorySafety.xhtml,LanguageGuide/MemorySafety.xhtml#Conflicting-Access-to-Properties,1,swift.memory.properties,mapped-to-canonical-lessons,pending-editorial-validation,pending-swift-6.4-toolchain,"func someFunction() {
var oscar = Player(name: ""Oscar"", health: 10, energy: 10)
balance(&oscar.health, &oscar.energy) //"
dedea234d34893e7ab7bf401470eeb63aeaa139a845b028054aaf71893698256,LanguageGuide/MemorySafety.xhtml,LanguageGuide/MemorySafety.xhtml#Conflicting-Access-to-Properties,1,swift.memory.properties,mapped-to-canonical-lessons,pending-editorial-validation,pending-swift-6.4-toolchain,"var playerInformation = (health: 10, energy: 20)
balance(&playerInformation.health, &playerInformation.energy)
// Error:"
41a8d40795a3dbbe6337882a7615dcb84d8eda460a8cdf561e888eb161221ed8,LanguageGuide/MemorySafety.xhtml,LanguageGuide/MemorySafety.xhtml#Conflicting-Access-to-self-in-Methods,1,swift.memory.self,mapped-to-canonical-lessons,pending-editorial-validation,pending-swift-6.4-toolchain,"oscar.shareHealth(with: &oscar)
// Error: Conflicting accesses to oscar."
7676de2772523537d59c7b137b1f271f8df0775ee2c433f977d33261bbf954c6,LanguageGuide/MemorySafety.xhtml,LanguageGuide/MemorySafety.xhtml#Conflicting-Access-to-self-in-Methods,1,swift.memory.self,mapped-to-canonical-lessons,pending-editorial-validation,pending-swift-6.4-toolchain,"extension Player {
mutating func shareHealth(with teammate: inout Player) {
balance(&teammate.health, &health)
}
}

var "
ba77a85a6a529391332b2283bf2f32ca8c3478fa891ae406f52171029c3ee9de,LanguageGuide/MemorySafety.xhtml,LanguageGuide/MemorySafety.xhtml#Conflicting-Access-to-self-in-Methods,1,swift.memory.self,mapped-to-canonical-lessons,pending-editorial-validation,pending-swift-6.4-toolchain,"struct Player {
var name: String
var health: Int
var energy: Int

static let maxHealth = 10
mutating func restoreHealth("
2676ef42af2bf3204417cba6956dc01bb34d92ffedb187de3e298ba279c7373b,LanguageGuide/MemorySafety.xhtml,LanguageGuide/MemorySafety.xhtml#Understanding-Conflicting-Access-to-Memory,1,swift.memory.conflict,mapped-to-canonical-lessons,pending-editorial-validation,pending-swift-6.4-toolchain,"// A write access to the memory where one is stored.
var one = 1

// A read access from the memory where one is stored.
"
bc1db1d076658e634285614b38045acd71b66d551d4744aad3ab0e5fd926997a,LanguageGuide/Methods.xhtml,LanguageGuide/Methods.xhtml#Assigning-to-self-Within-a-Mutating-Method,1,swift.methods.assign-self,mapped-to-canonical-lessons,pending-editorial-validation,pending-swift-6.4-toolchain,"enum TriStateSwitch {
case off, low, high
mutating func next() {
switch self {
case .off:
self = .low
case .low:
self = "
5659bf397de3b8b0ffd2d4a57e5aca735badb2d2b9d41aef0aad1fb869152294,LanguageGuide/Methods.xhtml|ReferenceManual/Expressions.xhtml,LanguageGuide/Methods.xhtml#Assigning-to-self-Within-a-Mutating-Method|ReferenceManual/Expressions.xhtml#Self-Expression,2,swift.methods.assign-self|swift.methods.self,mapped-to-canonical-lessons,pending-editorial-validation,pending-swift-6.4-toolchain,"struct Point {
var x = 0.0, y = 0.0
mutating func moveBy(x deltaX: Double, y deltaY: Double) {
self = Point(x: x + delta"
659c14fd9e6b724ffe7c2cf1f2829bc8eb9342ed39b2a51593c7e11f4b3a37ba,LanguageGuide/Methods.xhtml,LanguageGuide/Methods.xhtml#Instance-Methods,1,swift.methods.instance,mapped-to-canonical-lessons,pending-editorial-validation,pending-swift-6.4-toolchain,"class Counter {
var count = 0
func increment() {
count += 1
}
func increment(by amount: Int) {
count += amount
}
func re"
d59ad72c0592d96e74950328ac0cb08cfab35b1cba503a0a771eb2611fa7b57b,LanguageGuide/Methods.xhtml,LanguageGuide/Methods.xhtml#Instance-Methods,1,swift.methods.instance,mapped-to-canonical-lessons,pending-editorial-validation,pending-swift-6.4-toolchain,"let counter = Counter()
// the initial counter value is 0
counter.increment()
// the counter's value is now 1
counter.in"
193848518ba120ab0ba909ad983afa8711a452394cef8acfca349b00b1f2b9e1,LanguageGuide/Methods.xhtml,LanguageGuide/Methods.xhtml#Modifying-Value-Types-from-Within-Instance-Methods,1,swift.methods.mutating,mapped-to-canonical-lessons,pending-editorial-validation,pending-swift-6.4-toolchain,"let fixedPoint = Point(x: 3.0, y: 3.0)
fixedPoint.moveBy(x: 2.0, y: 3.0)
// this will report an error"
ab6148e53469f86f9b57fd4f62bb8fc4df480846747d0a39d73b36f59a05c8cd,LanguageGuide/Methods.xhtml,LanguageGuide/Methods.xhtml#Modifying-Value-Types-from-Within-Instance-Methods,1,swift.methods.mutating,mapped-to-canonical-lessons,pending-editorial-validation,pending-swift-6.4-toolchain,"struct Point {
var x = 0.0, y = 0.0
mutating func moveBy(x deltaX: Double, y deltaY: Double) {
x += deltaX
y += deltaY
}"
2f8ad3f84ec5860c9f3d1c1f59a1cf0c98eb73d111aaf7ed1046cef438a63137,LanguageGuide/Methods.xhtml,LanguageGuide/Methods.xhtml#The-self-Property,1,swift.methods.self,mapped-to-canonical-lessons,pending-editorial-validation,pending-swift-6.4-toolchain,"struct Point {
var x = 0.0, y = 0.0
func isToTheRightOf(x: Double) -> Bool {
return self.x > x
}
}
let somePoint = Point"
5b675f3105dbd307b3e99176238a2a6b4e22daea609db3c8dfc9473616b3062a,LanguageGuide/Methods.xhtml,LanguageGuide/Methods.xhtml#The-self-Property,1,swift.methods.self,mapped-to-canonical-lessons,pending-editorial-validation,pending-swift-6.4-toolchain,"func increment() {
self.count += 1
}"
062665d18e889df96139678a844d99810abe6d615a7d2c72e3b06a54b86d80a7,LanguageGuide/Methods.xhtml,LanguageGuide/Methods.xhtml#Type-Methods,1,swift.methods.type,mapped-to-canonical-lessons,pending-editorial-validation,pending-swift-6.4-toolchain,"struct LevelTracker {
static var highestUnlockedLevel = 1
var currentLevel = 1

static func unlock(_ level: Int) {
if le"
1d291a3a774288c0e8f782f92612c0e4cc48db3fded335fdde4323d09a859c71,LanguageGuide/Methods.xhtml,LanguageGuide/Methods.xhtml#Type-Methods,1,swift.methods.type,mapped-to-canonical-lessons,pending-editorial-validation,pending-swift-6.4-toolchain,"var player = Player(name: ""Argyrios"")
player.complete(level: 1)
print(""highest unlocked level is now \(LevelTracker.high"
441c6637e69ab830856f27e632998fc7f876be98900a0ba570c0ed32b885e10b,LanguageGuide/Methods.xhtml,LanguageGuide/Methods.xhtml#Type-Methods,1,swift.methods.type,mapped-to-canonical-lessons,pending-editorial-validation,pending-swift-6.4-toolchain,"class SomeClass {
class func someTypeMethod() {
// type method implementation goes here
}
}
SomeClass.someTypeMethod()"
4aaf802a8e427dd3be15c6d68a9719f2e993ed63ac1b050c3df40bc45933ba34,LanguageGuide/Methods.xhtml,LanguageGuide/Methods.xhtml#Type-Methods,1,swift.methods.type,mapped-to-canonical-lessons,pending-editorial-validation,pending-swift-6.4-toolchain,"class Player {
var tracker = LevelTracker()
let playerName: String
func complete(level: Int) {
LevelTracker.unlock(level"
7131500166668402e74dd157542062b32efb497bc9aded7969c9bf3c7e9fc0e2,LanguageGuide/Methods.xhtml,LanguageGuide/Methods.xhtml#Type-Methods,1,swift.methods.type,mapped-to-canonical-lessons,pending-editorial-validation,pending-swift-6.4-toolchain,"player = Player(name: ""Beto"")
if player.tracker.advance(to: 6) {
print(""player is now on level 6"")
} else {
print(""level"
300daa1a0780887678e75df39232c9222bac2762793fdc760f7bc52fa23c2991,LanguageGuide/NestedTypes.xhtml,LanguageGuide/NestedTypes.xhtml#Nested-Types-in-Action,1,swift.nested-types.declare,mapped-to-canonical-lessons,pending-editorial-validation,pending-swift-6.4-toolchain,"struct BlackjackCard {
// nested Suit enumeration
enum Suit: Character {
case spades = ""♠"", hearts = ""♡"", diamonds = ""♢"""
a90c94b918c35a20d0fe52c6c1b3976d797908d1b49baed25f6a41ada6df4ca4,LanguageGuide/NestedTypes.xhtml,LanguageGuide/NestedTypes.xhtml#Nested-Types-in-Action,1,swift.nested-types.declare,mapped-to-canonical-lessons,pending-editorial-validation,pending-swift-6.4-toolchain,"let theAceOfSpades = BlackjackCard(rank: .ace, suit: .spades)
print(""theAceOfSpades: \(theAceOfSpades.description)"")
// "
2d2832c4e57b710bf8c5037abf5bff209df6a3366cffd05ed18c9002be22b573,LanguageGuide/NestedTypes.xhtml,LanguageGuide/NestedTypes.xhtml#Referring-to-Nested-Types,1,swift.nested-types.reference,mapped-to-canonical-lessons,pending-editorial-validation,pending-swift-6.4-toolchain,"let heartsSymbol = BlackjackCard.Suit.hearts.rawValue
// heartsSymbol is ""♡"""
7f842770e429808f18d6da028de7c7ba4c1b07f7055889a791e3622011bb8059,LanguageGuide/OpaqueTypes.xhtml,LanguageGuide/OpaqueTypes.xhtml#Boxed-Protocol-Types,1,swift.opaque.boxed,mapped-to-canonical-lessons,pending-editorial-validation,pending-swift-6.4-toolchain,"struct VerticalShapes: Shape {
var shapes: [any Shape]
func draw() -> String {
return shapes.map { $0.draw() }.joined(se"
e2b0bcee14ea4f3a7a13cee5d275d7e61e7d214d51acd8a92d69d8d5f5904397,LanguageGuide/OpaqueTypes.xhtml,LanguageGuide/OpaqueTypes.xhtml#Boxed-Protocol-Types,1,swift.opaque.boxed,mapped-to-canonical-lessons,pending-editorial-validation,pending-swift-6.4-toolchain,"if let downcastTriangle = vertical.shapes[0] as? Triangle {
print(downcastTriangle.size)
}
// Prints ""5""."
29e3e53925739a34456abe2d345d87b8de02fb0c28aa8d434953d27fbe06c9ed,LanguageGuide/OpaqueTypes.xhtml,LanguageGuide/OpaqueTypes.xhtml#Differences-Between-Opaque-Types-and-Boxed-Protocol-Types,1,swift.opaque.difference,mapped-to-canonical-lessons,pending-editorial-validation,pending-swift-6.4-toolchain,"let protoFlippedTriangle = protoFlip(smallTriangle)
let sameThing = protoFlip(smallTriangle)
protoFlippedTriangle == sam"
3cdc63f3121d1be8f278184ce9c1e4bb8f8249716b7188cd9a016c5109eace92,LanguageGuide/OpaqueTypes.xhtml,LanguageGuide/OpaqueTypes.xhtml#Differences-Between-Opaque-Types-and-Boxed-Protocol-Types,1,swift.opaque.difference,mapped-to-canonical-lessons,pending-editorial-validation,pending-swift-6.4-toolchain,"// Error: Protocol with associated types can't be used as a return type.
func makeProtocolContainer<T>(item: T) -> Conta"
864d12d68ac338e0312265f6b82e36b76dc558b283b0e812a6aad13668be120d,LanguageGuide/OpaqueTypes.xhtml,LanguageGuide/OpaqueTypes.xhtml#Differences-Between-Opaque-Types-and-Boxed-Protocol-Types,1,swift.opaque.difference,mapped-to-canonical-lessons,pending-editorial-validation,pending-swift-6.4-toolchain,"protocol Container {
associatedtype Item
var count: Int { get }
subscript(i: Int) -> Item { get }
}
extension Array: Con"
8e9f4e0ae88b336ed519a76db88d6b216dc97305b72371b6955541d91bbb86c9,LanguageGuide/OpaqueTypes.xhtml,LanguageGuide/OpaqueTypes.xhtml#Differences-Between-Opaque-Types-and-Boxed-Protocol-Types,1,swift.opaque.difference,mapped-to-canonical-lessons,pending-editorial-validation,pending-swift-6.4-toolchain,"func protoFlip<T: Shape>(_ shape: T) -> Shape {
return FlippedShape(shape: shape)
}"
db6599275c7d5c4b7441f958b508b49296279b9af60698cb82d717dee4cc7ad7,LanguageGuide/OpaqueTypes.xhtml,LanguageGuide/OpaqueTypes.xhtml#Differences-Between-Opaque-Types-and-Boxed-Protocol-Types,1,swift.opaque.difference,mapped-to-canonical-lessons,pending-editorial-validation,pending-swift-6.4-toolchain,"func protoFlip<T: Shape>(_ shape: T) -> Shape {
if shape is Square {
return shape
}

return FlippedShape(shape: shape)
}"
f67ce1d1a896503989c4774b217238f262c95f9cf833400fe854e7793511f986,LanguageGuide/OpaqueTypes.xhtml,LanguageGuide/OpaqueTypes.xhtml#Differences-Between-Opaque-Types-and-Boxed-Protocol-Types,1,swift.opaque.difference,mapped-to-canonical-lessons,pending-editorial-validation,pending-swift-6.4-toolchain,"func makeOpaqueContainer<T>(item: T) -> some Container {
return [item]
}
let opaqueContainer = makeOpaqueContainer(item:"
45dc19ea4ccd21a362d49eb2b1dbdea46e2a582ca56475b479ad786fc0380db6,LanguageGuide/OpaqueTypes.xhtml,LanguageGuide/OpaqueTypes.xhtml#Opaque-Parameter-Types,1,swift.opaque.parameter,mapped-to-canonical-lessons,pending-editorial-validation,pending-swift-6.4-toolchain,"func drawTwiceGeneric<SomeShape: Shape>(_ shape: SomeShape) -> String {
let drawn = shape.draw()
return drawn + ""\n"" + d"
8374828b98033531496608b8cd004eba2159a8cd06de0383fc9fbb1f836fdc19,LanguageGuide/OpaqueTypes.xhtml,LanguageGuide/OpaqueTypes.xhtml#Opaque-Parameter-Types,1,swift.opaque.parameter,mapped-to-canonical-lessons,pending-editorial-validation,pending-swift-6.4-toolchain,"func combine(shape s1: some Shape, with s2: some Shape) -> String {
return s1.draw() + ""\n"" + s2.draw()
}

combine(small"
0bce9dbba9084b3fdf525eee46ffef880e00547209f47d611fb0642b18f77a13,LanguageGuide/OpaqueTypes.xhtml,LanguageGuide/OpaqueTypes.xhtml#Returning-an-Opaque-Type,1,swift.opaque.return,mapped-to-canonical-lessons,pending-editorial-validation,pending-swift-6.4-toolchain,"func `repeat`<T: Shape>(shape: T, count: Int) -> some Collection {
return Array<T>(repeating: shape, count: count)
}"
43a4f4d327404f639c524e9f1e806a4198fe5f7d62993ceeaf272af770acc7a5,LanguageGuide/OpaqueTypes.xhtml,LanguageGuide/OpaqueTypes.xhtml#Returning-an-Opaque-Type,1,swift.opaque.return,mapped-to-canonical-lessons,pending-editorial-validation,pending-swift-6.4-toolchain,"func invalidFlip<T: Shape>(_ shape: T) -> some Shape {
if shape is Square {
return shape // Error: Return types don't ma"
4453f74a662e96b2c6a7e384d2a1c6cb991fc46a09da91e40cae2d2823d18939,LanguageGuide/OpaqueTypes.xhtml,LanguageGuide/OpaqueTypes.xhtml#Returning-an-Opaque-Type,1,swift.opaque.return,mapped-to-canonical-lessons,pending-editorial-validation,pending-swift-6.4-toolchain,"struct FlippedShape<T: Shape>: Shape {
var shape: T
func draw() -> String {
if shape is Square {
return shape.draw()
}
l"
5340b16ac8c4517738ff79a40e199c1d24bd0757108c16f4b444e21a66df7f28,LanguageGuide/OpaqueTypes.xhtml,LanguageGuide/OpaqueTypes.xhtml#Returning-an-Opaque-Type,1,swift.opaque.return,mapped-to-canonical-lessons,pending-editorial-validation,pending-swift-6.4-toolchain,"func flip<T: Shape>(_ shape: T) -> some Shape {
return FlippedShape(shape: shape)
}
func join<T: Shape, U: Shape>(_ top:"
58a0afbb663ddc45713ce2573b6843f25afa6ba1134d4a850b5dbaa08e886c93,LanguageGuide/OpaqueTypes.xhtml,LanguageGuide/OpaqueTypes.xhtml#Returning-an-Opaque-Type,1,swift.opaque.return,mapped-to-canonical-lessons,pending-editorial-validation,pending-swift-6.4-toolchain,"struct Square: Shape {
var size: Int
func draw() -> String {
let line = String(repeating: ""*"", count: size)
let result ="
82c39d11b85213111d5985ff444df9351de1a3a2b524d1064e60f4c0d2efc933,LanguageGuide/OpaqueTypes.xhtml,LanguageGuide/OpaqueTypes.xhtml#Returning-an-Opaque-Type,1,swift.opaque.return,mapped-to-canonical-lessons,pending-editorial-validation,pending-swift-6.4-toolchain,"func max<T>(_ x: T, _ y: T) -> T where T: Comparable { ... }"
0aea57fb07bb081b7509819a7cd03c0cd90f10c04a4ddef271e226b18dc7d7ec,LanguageGuide/OpaqueTypes.xhtml,LanguageGuide/OpaqueTypes.xhtml#The-Problem-that-Opaque-Types-Solve,1,swift.opaque.problem,mapped-to-canonical-lessons,pending-editorial-validation,pending-swift-6.4-toolchain,"struct FlippedShape<T: Shape>: Shape {
var shape: T
func draw() -> String {
let lines = shape.draw().split(separator: ""\"
0e2f3364104149c82787eec917ef341373d2aec486ad0c4ac8a7fc707b58bdfa,LanguageGuide/OpaqueTypes.xhtml,LanguageGuide/OpaqueTypes.xhtml#The-Problem-that-Opaque-Types-Solve,1,swift.opaque.problem,mapped-to-canonical-lessons,pending-editorial-validation,pending-swift-6.4-toolchain,"protocol Shape {
func draw() -> String
}

struct Triangle: Shape {
var size: Int
func draw() -> String {
var result: [St"
52b98a1fd783fe913956a050531b55336488ffe3e92e3fd24fe140e3ab26a01e,LanguageGuide/OpaqueTypes.xhtml,LanguageGuide/OpaqueTypes.xhtml#The-Problem-that-Opaque-Types-Solve,1,swift.opaque.problem,mapped-to-canonical-lessons,pending-editorial-validation,pending-swift-6.4-toolchain,"struct JoinedShape<T: Shape, U: Shape>: Shape {
var top: T
var bottom: U
func draw() -> String {
return top.draw() + ""\n"
060d326baf188d655fddcae9c2376b8beaf11cebd9b783eac01f5bcadc7aaa5c,LanguageGuide/OptionalChaining.xhtml,LanguageGuide/OptionalChaining.xhtml#Accessing-Properties-Through-Optional-Chaining,1,swift.optional-chaining.property,mapped-to-canonical-lessons,pending-editorial-validation,pending-swift-6.4-toolchain,"let someAddress = Address()
someAddress.buildingNumber = ""29""
someAddress.street = ""Acacia Road""
john.residence?.address"
b7b9558d96db3d2411d148cc55e5b7f8005180ccaacf0f4cc9847d0720e08367,LanguageGuide/OptionalChaining.xhtml,LanguageGuide/OptionalChaining.xhtml#Accessing-Properties-Through-Optional-Chaining,1,swift.optional-chaining.property,mapped-to-canonical-lessons,pending-editorial-validation,pending-swift-6.4-toolchain,"let john = Person()
if let roomCount = john.residence?.numberOfRooms {
print(""John's residence has \(roomCount) room(s)."
ceb6c514a4b0b96710cf9410515e7bd489aea8b212072230f0f9ab3f5024c49b,LanguageGuide/OptionalChaining.xhtml,LanguageGuide/OptionalChaining.xhtml#Accessing-Properties-Through-Optional-Chaining,1,swift.optional-chaining.property,mapped-to-canonical-lessons,pending-editorial-validation,pending-swift-6.4-toolchain,"func createAddress() -> Address {
print(""Function was called."")

let someAddress = Address()
someAddress.buildingNumber "
01105825ed0a5438aa3578099ca4894fb9188444652df18f791b92206ae0601a,LanguageGuide/OptionalChaining.xhtml,LanguageGuide/OptionalChaining.xhtml#Accessing-Subscripts-Through-Optional-Chaining,1,swift.optional-chaining.subscript,mapped-to-canonical-lessons,pending-editorial-validation,pending-swift-6.4-toolchain,"john.residence?[0] = Room(name: ""Bathroom"")"
286ba690b2b4abd5b8619833c9c1125e5ab45dd5815d045a1c0171e0503ca4bd,LanguageGuide/OptionalChaining.xhtml,LanguageGuide/OptionalChaining.xhtml#Accessing-Subscripts-Through-Optional-Chaining,1,swift.optional-chaining.subscript,mapped-to-canonical-lessons,pending-editorial-validation,pending-swift-6.4-toolchain,"let johnsHouse = Residence()
johnsHouse.rooms.append(Room(name: ""Living Room""))
johnsHouse.rooms.append(Room(name: ""Kitc"
5a2687b1659ddc6475450b04ee48871c2772c758a8aeff9d1a5737a54e251585,LanguageGuide/OptionalChaining.xhtml,LanguageGuide/OptionalChaining.xhtml#Accessing-Subscripts-Through-Optional-Chaining,1,swift.optional-chaining.subscript,mapped-to-canonical-lessons,pending-editorial-validation,pending-swift-6.4-toolchain,"if let firstRoomName = john.residence?[0].name {
print(""The first room name is \(firstRoomName)."")
} else {
print(""Unabl"
8c0f318fb0df70ea867566714322644e163d639d8247be049747188d569ee6f5,LanguageGuide/OptionalChaining.xhtml,LanguageGuide/OptionalChaining.xhtml#Accessing-Subscripts-of-Optional-Type,1,swift.optional-chaining.optional-subscript,mapped-to-canonical-lessons,pending-editorial-validation,pending-swift-6.4-toolchain,"var testScores = [""Dave"": [86, 82, 84], ""Bev"": [79, 94, 81]]
testScores[""Dave""]?[0] = 91
testScores[""Bev""]?[0] += 1
test"
4f69ff0869cffeb8656e5f83f63743aeeea8e22b5bd1bb0a903cb501ab365312,LanguageGuide/OptionalChaining.xhtml,LanguageGuide/OptionalChaining.xhtml#Calling-Methods-Through-Optional-Chaining,1,swift.optional-chaining.method,mapped-to-canonical-lessons,pending-editorial-validation,pending-swift-6.4-toolchain,"func printNumberOfRooms() {
print(""The number of rooms is \(numberOfRooms)"")
}"
723e3a9618f01d0eca4e9d7a2c3621dad726833eb6cc0668b395c9b604dbbb99,LanguageGuide/OptionalChaining.xhtml,LanguageGuide/OptionalChaining.xhtml#Calling-Methods-Through-Optional-Chaining,1,swift.optional-chaining.method,mapped-to-canonical-lessons,pending-editorial-validation,pending-swift-6.4-toolchain,"if (john.residence?.address = someAddress) != nil {
print(""It was possible to set the address."")
} else {
print(""It was "
94faf7fd30a94102a0aaeeadc164ce1cadef14839a8c3fab3def3eb4728ddd9c,LanguageGuide/OptionalChaining.xhtml,LanguageGuide/OptionalChaining.xhtml#Calling-Methods-Through-Optional-Chaining,1,swift.optional-chaining.method,mapped-to-canonical-lessons,pending-editorial-validation,pending-swift-6.4-toolchain,"if john.residence?.printNumberOfRooms() != nil {
print(""It was possible to print the number of rooms."")
} else {
print("""
6fae861fa5bba5016f0f6856f91ab28ee16f4571c0bc8d8e2eed9fc59dc818f5,LanguageGuide/OptionalChaining.xhtml,LanguageGuide/OptionalChaining.xhtml#Chaining-on-Methods-with-Optional-Return-Values,1,swift.optional-chaining.optional-return,mapped-to-canonical-lessons,pending-editorial-validation,pending-swift-6.4-toolchain,"if let buildingIdentifier = john.residence?.address?.buildingIdentifier() {
print(""John's building identifier is \(build"
ee53b06d96537c11420507bd4645f3f1346bd60b89cca372c7d6bf685642d447,LanguageGuide/OptionalChaining.xhtml,LanguageGuide/OptionalChaining.xhtml#Chaining-on-Methods-with-Optional-Return-Values,1,swift.optional-chaining.optional-return,mapped-to-canonical-lessons,pending-editorial-validation,pending-swift-6.4-toolchain,"if let beginsWithThe =
john.residence?.address?.buildingIdentifier()?.hasPrefix(""The"") {
if beginsWithThe {
print(""John'"
09b52aa6fb5a453120d7a6fd3cbfffdc06eca852b6ac50f5dfea72f1440dfe47,LanguageGuide/OptionalChaining.xhtml,LanguageGuide/OptionalChaining.xhtml#Defining-Model-Classes-for-Optional-Chaining,1,swift.optional-chaining.model,mapped-to-canonical-lessons,pending-editorial-validation,pending-swift-6.4-toolchain,"class Room {
let name: String
init(name: String) { self.name = name }
}"
2b408ffd83c12f696be16fbe0240818668e867724a29f9779464942d3247318f,LanguageGuide/OptionalChaining.xhtml,LanguageGuide/OptionalChaining.xhtml#Defining-Model-Classes-for-Optional-Chaining,1,swift.optional-chaining.model,mapped-to-canonical-lessons,pending-editorial-validation,pending-swift-6.4-toolchain,"class Person {
var residence: Residence?
}"
5ac0d3f37d752c44b8814f54c69561e8b955f4a0a976da5bfc49039050ed07e3,LanguageGuide/OptionalChaining.xhtml,LanguageGuide/OptionalChaining.xhtml#Defining-Model-Classes-for-Optional-Chaining,1,swift.optional-chaining.model,mapped-to-canonical-lessons,pending-editorial-validation,pending-swift-6.4-toolchain,"class Residence {
var rooms: [Room] = []
var numberOfRooms: Int {
return rooms.count
}
subscript(i: Int) -> Room {
get {"
66e6f44ee10f5820dc516601ab425196b4b93c5d9f3566a2597e2cf6e9c2fab0,LanguageGuide/OptionalChaining.xhtml,LanguageGuide/OptionalChaining.xhtml#Defining-Model-Classes-for-Optional-Chaining,1,swift.optional-chaining.model,mapped-to-canonical-lessons,pending-editorial-validation,pending-swift-6.4-toolchain,"class Address {
var buildingName: String?
var buildingNumber: String?
var street: String?
func buildingIdentifier() -> S"
8f1a38fece8ccc63408ed1c2ea4e272580352cb802199da7935b027a739df614,LanguageGuide/OptionalChaining.xhtml,LanguageGuide/OptionalChaining.xhtml#Linking-Multiple-Levels-of-Chaining,1,swift.optional-chaining.multilevel,mapped-to-canonical-lessons,pending-editorial-validation,pending-swift-6.4-toolchain,"if let johnsStreet = john.residence?.address?.street {
print(""John's street name is \(johnsStreet)."")
} else {
print(""Un"
af28819c0155b952f77ec9d15c80adfcaa4981b2635479d2563850f5caee8083,LanguageGuide/OptionalChaining.xhtml,LanguageGuide/OptionalChaining.xhtml#Linking-Multiple-Levels-of-Chaining,1,swift.optional-chaining.multilevel,mapped-to-canonical-lessons,pending-editorial-validation,pending-swift-6.4-toolchain,"let johnsAddress = Address()
johnsAddress.buildingName = ""The Larches""
johnsAddress.street = ""Laurel Street""
john.reside"
6380f057d5df5d6a023bb76da7b38278480bb15197d46f3edf8f37d23e6f1868,LanguageGuide/OptionalChaining.xhtml,LanguageGuide/OptionalChaining.xhtml#Optional-Chaining-as-an-Alternative-to-Forced-Unwrapping,1,swift.optional-chaining.alternative,mapped-to-canonical-lessons,pending-editorial-validation,pending-swift-6.4-toolchain,"let roomCount = john.residence!.numberOfRooms
// this triggers a runtime error"
6cf56f2bd2a2f922a4b97487c7f7ee59e5aca6bfc5aa067b274d7dfc7887ab72,LanguageGuide/OptionalChaining.xhtml,LanguageGuide/OptionalChaining.xhtml#Optional-Chaining-as-an-Alternative-to-Forced-Unwrapping,1,swift.optional-chaining.alternative,mapped-to-canonical-lessons,pending-editorial-validation,pending-swift-6.4-toolchain,"if let roomCount = john.residence?.numberOfRooms {
print(""John's residence has \(roomCount) room(s)."")
} else {
print(""U"
762c78b29495bb6818f6989297831aa2c251992b4759ddc32df763718f397e3c,LanguageGuide/OptionalChaining.xhtml,LanguageGuide/OptionalChaining.xhtml#Optional-Chaining-as-an-Alternative-to-Forced-Unwrapping,1,swift.optional-chaining.alternative,mapped-to-canonical-lessons,pending-editorial-validation,pending-swift-6.4-toolchain,"class Person {
var residence: Residence?
}

class Residence {
var numberOfRooms = 1
}"
939ea34995ea545f9baf2afa1a4bd7951770736c97814b15ab99dd6e1da181c5,LanguageGuide/OptionalChaining.xhtml,LanguageGuide/OptionalChaining.xhtml#Optional-Chaining-as-an-Alternative-to-Forced-Unwrapping,1,swift.optional-chaining.alternative,mapped-to-canonical-lessons,pending-editorial-validation,pending-swift-6.4-toolchain,"if let roomCount = john.residence?.numberOfRooms {
print(""John's residence has \(roomCount) room(s)."")
} else {
print(""U"
a1c3e258f1c7ac903eed4a66480320803420cf6f379acd615962dfecea7faded,LanguageGuide/OptionalChaining.xhtml,LanguageGuide/OptionalChaining.xhtml#Optional-Chaining-as-an-Alternative-to-Forced-Unwrapping,1,swift.optional-chaining.alternative,mapped-to-canonical-lessons,pending-editorial-validation,pending-swift-6.4-toolchain,john.residence = Residence()
f8f0976ba34e8004047b5c9846dbd9d0828e6c75cece6ea59a46637a2c1d0f4c,LanguageGuide/OptionalChaining.xhtml,LanguageGuide/OptionalChaining.xhtml#Optional-Chaining-as-an-Alternative-to-Forced-Unwrapping,1,swift.optional-chaining.alternative,mapped-to-canonical-lessons,pending-editorial-validation,pending-swift-6.4-toolchain,let john = Person()
df0aed4eb9ec005f7ab57b47cd0e90e9b509290d5d75b64a1bf36b79b0c7b977,LanguageGuide/Properties.xhtml,LanguageGuide/Properties.xhtml#Computed-Properties,1,swift.properties.computed,mapped-to-canonical-lessons,pending-editorial-validation,pending-swift-6.4-toolchain,"struct Point {
var x = 0.0, y = 0.0
}
struct Size {
var width = 0.0, height = 0.0
}
struct Rect {
var origin = Point()
v"
5b16410623b32dd357028213c1d963cd47f3caa065dee46869f3d5b1887dcce6,LanguageGuide/Properties.xhtml,LanguageGuide/Properties.xhtml#Global-and-Local-Variables,1,swift.properties.global-local,mapped-to-canonical-lessons,pending-editorial-validation,pending-swift-6.4-toolchain,"func someFunction() {
@SmallNumber var myNumber: Int = 0

myNumber = 10
// now myNumber is 10

myNumber = 24
// now myNu"
88ad524817f788d3d46d91472c25d1aefe421b151ac654d9c82b160cd3c7ef1e,LanguageGuide/Properties.xhtml,LanguageGuide/Properties.xhtml#Lazy-Stored-Properties,1,swift.properties.lazy,mapped-to-canonical-lessons,pending-editorial-validation,pending-swift-6.4-toolchain,"class DataImporter {
/*
DataImporter is a class to import data from an external file.
The class is assumed to take a non"
fa89cde246c692c0ebc1184cee880e0a40023cc339c1aa2923e128e7e816c21b,LanguageGuide/Properties.xhtml,LanguageGuide/Properties.xhtml#Lazy-Stored-Properties,1,swift.properties.lazy,mapped-to-canonical-lessons,pending-editorial-validation,pending-swift-6.4-toolchain,"print(manager.importer.filename)
// the DataImporter instance for the importer property has now been created
// Prints """
a4ebee0a7d96ec3c5e4aa30ff7a9d577ecdf9d9521c172b639200e0957551333,LanguageGuide/Properties.xhtml,LanguageGuide/Properties.xhtml#Projecting-a-Value-From-a-Property-Wrapper,1,swift.properties.projected-value,mapped-to-canonical-lessons,pending-editorial-validation,pending-swift-6.4-toolchain,"enum Size {
case small, large
}

struct SizedRectangle {
@SmallNumber var height: Int
@SmallNumber var width: Int

mutat"
b10d2e7c74fa441159c0ce4c3d23745080a901cf5743815e9cc77c4a8afb082c,LanguageGuide/Properties.xhtml,LanguageGuide/Properties.xhtml#Projecting-a-Value-From-a-Property-Wrapper,1,swift.properties.projected-value,mapped-to-canonical-lessons,pending-editorial-validation,pending-swift-6.4-toolchain,"@propertyWrapper
struct SmallNumber {
private var number: Int
private(set) var projectedValue: Bool

var wrappedValue: I"
ff003c95e4a8a4ab63f4d56a952cc2843fd28fdff5687edd854524876ff26c3b,LanguageGuide/Properties.xhtml,LanguageGuide/Properties.xhtml#Property-Observers,1,swift.properties.observers,mapped-to-canonical-lessons,pending-editorial-validation,pending-swift-6.4-toolchain,"class StepCounter {
var totalSteps: Int = 0 {
willSet(newTotalSteps) {
print(""About to set totalSteps to \(newTotalSteps"
22fb300964025c145770f0b54f01528b943a7b40c96c87499a69ce7744101e81,LanguageGuide/Properties.xhtml,LanguageGuide/Properties.xhtml#Property-Wrappers,1,swift.properties.wrapper,mapped-to-canonical-lessons,pending-editorial-validation,pending-swift-6.4-toolchain,"@propertyWrapper
struct TwelveOrLess {
private var number = 0
var wrappedValue: Int {
get { return number }
set { number"
76de494f443cb3618ddb4fa3c32ff888879cf52eebd4879b05d8b7ab250a43be,LanguageGuide/Properties.xhtml,LanguageGuide/Properties.xhtml#Property-Wrappers,1,swift.properties.wrapper,mapped-to-canonical-lessons,pending-editorial-validation,pending-swift-6.4-toolchain,"struct SmallRectangle {
@TwelveOrLess var height: Int
@TwelveOrLess var width: Int
}

var rectangle = SmallRectangle()
p"
b710034570b13e0a3cfb1d4ecfd56852469bd56ee71da67aabbfeb9ee8cf452b,LanguageGuide/Properties.xhtml,LanguageGuide/Properties.xhtml#Property-Wrappers,1,swift.properties.wrapper,mapped-to-canonical-lessons,pending-editorial-validation,pending-swift-6.4-toolchain,"struct SmallRectangle {
private var _height = TwelveOrLess()
private var _width = TwelveOrLess()
var height: Int {
get {"
7d0aad3ee72653fc0f0e363f7ebb0bc192b7564a2da0dd8cd2332abb6054189b,LanguageGuide/Properties.xhtml,LanguageGuide/Properties.xhtml#Querying-and-Setting-Type-Properties,1,swift.properties.type-access,mapped-to-canonical-lessons,pending-editorial-validation,pending-swift-6.4-toolchain,"print(SomeStructure.storedTypeProperty)
// Prints ""Some value.""
SomeStructure.storedTypeProperty = ""Another value.""
prin"
83839e6d99ddc08b8a01a2dbe305493850ad0a1bad037efd0eb84d26fb98e83e,LanguageGuide/Properties.xhtml,LanguageGuide/Properties.xhtml#Querying-and-Setting-Type-Properties,1,swift.properties.type-access,mapped-to-canonical-lessons,pending-editorial-validation,pending-swift-6.4-toolchain,"struct AudioChannel {
static let thresholdLevel = 10
static var maxInputLevelForAllChannels = 0
var currentLevel: Int = "
942557743fe3da17942e27b86c97d7a1b6c70024a9db6eed0b329da897170df0,LanguageGuide/Properties.xhtml,LanguageGuide/Properties.xhtml#Querying-and-Setting-Type-Properties,1,swift.properties.type-access,mapped-to-canonical-lessons,pending-editorial-validation,pending-swift-6.4-toolchain,"var leftChannel = AudioChannel()
var rightChannel = AudioChannel()"
96e5d027853b03d9a4b0fecc656c1370867f99f704ba5d53906e5319e249f9f1,LanguageGuide/Properties.xhtml,LanguageGuide/Properties.xhtml#Querying-and-Setting-Type-Properties,1,swift.properties.type-access,mapped-to-canonical-lessons,pending-editorial-validation,pending-swift-6.4-toolchain,"leftChannel.currentLevel = 7
print(leftChannel.currentLevel)
// Prints ""7"".
print(AudioChannel.maxInputLevelForAllChanne"
a2ca04c2dda30c39999bfa9d9962873a682862a9c9a5a5ea999b2a649cd0d904,LanguageGuide/Properties.xhtml,LanguageGuide/Properties.xhtml#Querying-and-Setting-Type-Properties,1,swift.properties.type-access,mapped-to-canonical-lessons,pending-editorial-validation,pending-swift-6.4-toolchain,"rightChannel.currentLevel = 11
print(rightChannel.currentLevel)
// Prints ""10"".
print(AudioChannel.maxInputLevelForAllCh"
6756d1e242085bc57de24c96e32714702547a3061d94f586e56b97b0077f4a7e,LanguageGuide/Properties.xhtml,LanguageGuide/Properties.xhtml#Read-Only-Computed-Properties,1,swift.properties.read-only,mapped-to-canonical-lessons,pending-editorial-validation,pending-swift-6.4-toolchain,"struct Cuboid {
var width = 0.0, height = 0.0, depth = 0.0
var volume: Double {
return width * height * depth
}
}
let fo"
56603041f75420b735cd74242c488133f1cce6d35a4bec8f5dccaad1619cd093,LanguageGuide/Properties.xhtml,LanguageGuide/Properties.xhtml#Setting-Initial-Values-for-Wrapped-Properties,1,swift.properties.wrapper-initial-value,mapped-to-canonical-lessons,pending-editorial-validation,pending-swift-6.4-toolchain,"struct MixedRectangle {
@SmallNumber var height: Int = 1
@SmallNumber(maximum: 9) var width: Int = 2
}

var mixedRectang"
709607e2212909e054c86a8a48ac6c7fa10d2d8709cb180afd6db878ead750a8,LanguageGuide/Properties.xhtml,LanguageGuide/Properties.xhtml#Setting-Initial-Values-for-Wrapped-Properties,1,swift.properties.wrapper-initial-value,mapped-to-canonical-lessons,pending-editorial-validation,pending-swift-6.4-toolchain,"struct UnitRectangle {
@SmallNumber var height: Int = 1
@SmallNumber var width: Int = 1
}

var unitRectangle = UnitRecta"
86d49950c94b884bf3a3ad51af14712483eaf73489b444fb4cab0af6c31ddf4c,LanguageGuide/Properties.xhtml,LanguageGuide/Properties.xhtml#Setting-Initial-Values-for-Wrapped-Properties,1,swift.properties.wrapper-initial-value,mapped-to-canonical-lessons,pending-editorial-validation,pending-swift-6.4-toolchain,"@propertyWrapper
struct SmallNumber {
private var maximum: Int
private var number: Int

var wrappedValue: Int {
get { re"
b6abe4db8fe265dbfc00957a1e954d7ad563b575c52ba9b6172072ba3cf2b02a,LanguageGuide/Properties.xhtml,LanguageGuide/Properties.xhtml#Setting-Initial-Values-for-Wrapped-Properties,1,swift.properties.wrapper-initial-value,mapped-to-canonical-lessons,pending-editorial-validation,pending-swift-6.4-toolchain,"struct ZeroRectangle {
@SmallNumber var height: Int
@SmallNumber var width: Int
}

var zeroRectangle = ZeroRectangle()
p"
c2687bf492aff18512a74df9fe5b3543061b92a70fc7f49858741c616cc2ebe0,LanguageGuide/Properties.xhtml,LanguageGuide/Properties.xhtml#Setting-Initial-Values-for-Wrapped-Properties,1,swift.properties.wrapper-initial-value,mapped-to-canonical-lessons,pending-editorial-validation,pending-swift-6.4-toolchain,"struct NarrowRectangle {
@SmallNumber(wrappedValue: 2, maximum: 5) var height: Int
@SmallNumber(wrappedValue: 3, maximum"
6d1e058718b39176eb4edeb997196b749f870304f214a8dc0ba260eb9e978230,LanguageGuide/Properties.xhtml,LanguageGuide/Properties.xhtml#Shorthand-Getter-Declaration,1,swift.properties.shorthand-getter,mapped-to-canonical-lessons,pending-editorial-validation,pending-swift-6.4-toolchain,"struct CompactRect {
var origin = Point()
var size = Size()
var center: Point {
get {
Point(x: origin.x + (size.width / "
61a6ae3dd55ccef366d6818d11a0c3ce5548fac7da400c7bef60b56160ccccf2,LanguageGuide/Properties.xhtml,LanguageGuide/Properties.xhtml#Shorthand-Setter-Declaration,1,swift.properties.shorthand-setter,mapped-to-canonical-lessons,pending-editorial-validation,pending-swift-6.4-toolchain,"struct AlternativeRect {
var origin = Point()
var size = Size()
var center: Point {
get {
let centerX = origin.x + (size"
1f00833f9ca6d2dc0b157bee8d825da8702e783bbb472a9c9fbc93be1aec39cf,LanguageGuide/Properties.xhtml,LanguageGuide/Properties.xhtml#Stored-Properties,1,swift.properties.stored,mapped-to-canonical-lessons,pending-editorial-validation,pending-swift-6.4-toolchain,"struct FixedLengthRange {
var firstValue: Int
let length: Int
}
var rangeOfThreeItems = FixedLengthRange(firstValue: 0, "
8f1a6b18c38b93ad8573b3019e840521d8d854be4fea0858719a9770e2c910f5,LanguageGuide/Properties.xhtml,LanguageGuide/Properties.xhtml#Stored-Properties-of-Constant-Structure-Instances,1,swift.properties.constant-struct,mapped-to-canonical-lessons,pending-editorial-validation,pending-swift-6.4-toolchain,"let rangeOfFourItems = FixedLengthRange(firstValue: 0, length: 4)
// this range represents integer values 0, 1, 2, and 3"
f21cfe7f1b1a70ae1d46c1292b2bd9c8ec309e3e99cbd06c73643ccc5927f8fa,LanguageGuide/Properties.xhtml,LanguageGuide/Properties.xhtml#Type-Property-Syntax,1,swift.properties.type-syntax,mapped-to-canonical-lessons,pending-editorial-validation,pending-swift-6.4-toolchain,"struct SomeStructure {
static var storedTypeProperty = ""Some value.""
static var computedTypeProperty: Int {
return 1
}
}"
365fdb810c00d4d2e0b9b39a32ebe2e9d53fcf7097761302b1da01476a9f8ae3,LanguageGuide/Protocols.xhtml,LanguageGuide/Protocols.xhtml#Adding-Constraints-to-Protocol-Extensions,1,swift.protocols.constrained-extension,mapped-to-canonical-lessons,pending-editorial-validation,pending-swift-6.4-toolchain,"print(equalNumbers.allEqual())
// Prints ""true"".
print(differentNumbers.allEqual())
// Prints ""false""."
e0a0c19096cf4be3111b820f28b82ae74c4b4cf5bea8a64bcb4d41f7a71298a1,LanguageGuide/Protocols.xhtml,LanguageGuide/Protocols.xhtml#Adding-Constraints-to-Protocol-Extensions,1,swift.protocols.constrained-extension,mapped-to-canonical-lessons,pending-editorial-validation,pending-swift-6.4-toolchain,"extension Collection where Element: Equatable {
func allEqual() -> Bool {
for element in self {
if element != self.first"
feb498640cf83ae8917b3e4a31937b610947cc10680d20e076ddd3937958b613,LanguageGuide/Protocols.xhtml,LanguageGuide/Protocols.xhtml#Adding-Constraints-to-Protocol-Extensions,1,swift.protocols.constrained-extension,mapped-to-canonical-lessons,pending-editorial-validation,pending-swift-6.4-toolchain,"let equalNumbers = [100, 100, 100, 100, 100]
let differentNumbers = [100, 100, 200, 100, 200]"
5113667a4880605cb0fbcc88038f2cf5d78d2623fa51b9e018be9daab60e1c2e,LanguageGuide/Protocols.xhtml,LanguageGuide/Protocols.xhtml#Adding-Protocol-Conformance-with-an-Extension,1,swift.protocols.extension-conformance,mapped-to-canonical-lessons,pending-editorial-validation,pending-swift-6.4-toolchain,"extension Dice: TextRepresentable {
var textualDescription: String {
return ""A \(sides)-sided dice""
}
}"
57c57f73d06c3b9ce9888a9fa5e25e7e6d61a640cb2610786bececf2a873b628,LanguageGuide/Protocols.xhtml,LanguageGuide/Protocols.xhtml#Adding-Protocol-Conformance-with-an-Extension,1,swift.protocols.extension-conformance,mapped-to-canonical-lessons,pending-editorial-validation,pending-swift-6.4-toolchain,"let d12 = Dice(sides: 12, generator: LinearCongruentialGenerator())
print(d12.textualDescription)
// Prints ""A 12-sided "
cbe72472704c38ebb20d13d9d0485a22ccb543625f474e96edc55f1b895cf321,LanguageGuide/Protocols.xhtml,LanguageGuide/Protocols.xhtml#Adding-Protocol-Conformance-with-an-Extension,1,swift.protocols.extension-conformance,mapped-to-canonical-lessons,pending-editorial-validation,pending-swift-6.4-toolchain,"extension SnakesAndLadders: TextRepresentable {
var textualDescription: String {
return ""A game of Snakes and Ladders wi"
e46bfcb1b8a1eb6f36e628786bc691b2ad87f24f24a4f4612a2a622633e39363,LanguageGuide/Protocols.xhtml,LanguageGuide/Protocols.xhtml#Adding-Protocol-Conformance-with-an-Extension,1,swift.protocols.extension-conformance,mapped-to-canonical-lessons,pending-editorial-validation,pending-swift-6.4-toolchain,"protocol TextRepresentable {
var textualDescription: String { get }
}"
06fbf417024cc94e091bf6dc0dd9bcd5eaa1a6bd1ceff673794c1d4b3c3988ca,LanguageGuide/Protocols.xhtml,LanguageGuide/Protocols.xhtml#Adopting-a-Protocol-Using-a-Synthesized-Implementation,1,swift.protocols.synthesized,mapped-to-canonical-lessons,pending-editorial-validation,pending-swift-6.4-toolchain,"struct Vector3D: Equatable {
var x = 0.0, y = 0.0, z = 0.0
}

let twoThreeFour = Vector3D(x: 2.0, y: 3.0, z: 4.0)
let an"
7bde81587aa461ac390e6e48f0dc1e214ec23a24da2a031229217592036caa7e,LanguageGuide/Protocols.xhtml,LanguageGuide/Protocols.xhtml#Adopting-a-Protocol-Using-a-Synthesized-Implementation,1,swift.protocols.synthesized,mapped-to-canonical-lessons,pending-editorial-validation,pending-swift-6.4-toolchain,"enum SkillLevel: Comparable {
case beginner
case intermediate
case expert(stars: Int)
}
var levels = [SkillLevel.interme"
44d464b5068143a276adc44af35d81ef1434d879d71fc4742d17ea68adc648be,LanguageGuide/Protocols.xhtml,LanguageGuide/Protocols.xhtml#Checking-for-Protocol-Conformance,1,swift.protocols.runtime-check,mapped-to-canonical-lessons,pending-editorial-validation,pending-swift-6.4-toolchain,"class Animal {
var legs: Int
init(legs: Int) { self.legs = legs }
}"
c792f02e3d3492206be9429482d1f8ee6457007c10b5a9a34bc01b99e14fc827,LanguageGuide/Protocols.xhtml,LanguageGuide/Protocols.xhtml#Checking-for-Protocol-Conformance,1,swift.protocols.runtime-check,mapped-to-canonical-lessons,pending-editorial-validation,pending-swift-6.4-toolchain,"protocol HasArea {
var area: Double { get }
}"
f29cf4052d9e10249ee7759ea1c7d7faa81205fbec8799e304153dfc28f7c1be,LanguageGuide/Protocols.xhtml,LanguageGuide/Protocols.xhtml#Checking-for-Protocol-Conformance,1,swift.protocols.runtime-check,mapped-to-canonical-lessons,pending-editorial-validation,pending-swift-6.4-toolchain,"let objects: [AnyObject] = [
Circle(radius: 2.0),
Country(area: 243_610),
Animal(legs: 4)
]"
f5ae0c98e2d05b1775d79365da66892a27a1e9c9c13a4a9a3017e9f750c740dd,LanguageGuide/Protocols.xhtml,LanguageGuide/Protocols.xhtml#Checking-for-Protocol-Conformance,1,swift.protocols.runtime-check,mapped-to-canonical-lessons,pending-editorial-validation,pending-swift-6.4-toolchain,"for object in objects {
if let objectWithArea = object as? HasArea {
print(""Area is \(objectWithArea.area)"")
} else {
pr"
fdbdf50ce856ba261ca7a13920a86e64b8c972f4ffd0142e3a9ee1ccb880371f,LanguageGuide/Protocols.xhtml,LanguageGuide/Protocols.xhtml#Checking-for-Protocol-Conformance,1,swift.protocols.runtime-check,mapped-to-canonical-lessons,pending-editorial-validation,pending-swift-6.4-toolchain,"class Circle: HasArea {
let pi = 3.1415927
var radius: Double
var area: Double { return pi * radius * radius }
init(radi"
4e5845325faf2bfb592b019ceda0b15897f917d8a0b9e39798e78583a9092766,LanguageGuide/Protocols.xhtml,LanguageGuide/Protocols.xhtml#Class-Implementations-of-Protocol-Initializer-Requirements,1,swift.protocols.required-class-init,mapped-to-canonical-lessons,pending-editorial-validation,pending-swift-6.4-toolchain,"protocol SomeProtocol {
init()
}

class SomeSuperClass {
init() {
// initializer implementation goes here
}
}

class Som"
c7f85851e0b38b709f8b5745060b8a824caf9cb663e51bab8d22ada21ccb1b69,LanguageGuide/Protocols.xhtml,LanguageGuide/Protocols.xhtml#Class-Implementations-of-Protocol-Initializer-Requirements,1,swift.protocols.required-class-init,mapped-to-canonical-lessons,pending-editorial-validation,pending-swift-6.4-toolchain,"class SomeClass: SomeProtocol {
required init(someParameter: Int) {
// initializer implementation goes here
}
}"
0512d7472ea1094840d438466677053dec2ef18c6df6a23060c00087dc9aa7f3,LanguageGuide/Protocols.xhtml,LanguageGuide/Protocols.xhtml#Class-Only-Protocols,1,swift.protocols.class-only,mapped-to-canonical-lessons,pending-editorial-validation,pending-swift-6.4-toolchain,"protocol SomeClassOnlyProtocol: AnyObject, SomeInheritedProtocol {
// class-only protocol definition goes here
}"
9880a0f97a6da2e6f79f59528c109a12fa2a650f059cd3c6d1c2249bc467d687,LanguageGuide/Protocols.xhtml,LanguageGuide/Protocols.xhtml#Collections-of-Protocol-Types,1,swift.protocols.collection-existentials,mapped-to-canonical-lessons,pending-editorial-validation,pending-swift-6.4-toolchain,"for thing in things {
print(thing.textualDescription)
}
// A game of Snakes and Ladders with 25 squares
// A 12-sided di"
debd12869356049fdbc6dd3617ebc8a1ae0b8d838bb2f7ffd960600898da4968,LanguageGuide/Protocols.xhtml,LanguageGuide/Protocols.xhtml#Collections-of-Protocol-Types,1,swift.protocols.collection-existentials,mapped-to-canonical-lessons,pending-editorial-validation,pending-swift-6.4-toolchain,"let things: [TextRepresentable] = [game, d12, simonTheHamster]"
49449c06815a30ade5173df88717128961121eb8de5d0b33d3efecf4d3c874a5,LanguageGuide/Protocols.xhtml,LanguageGuide/Protocols.xhtml#Conditionally-Conforming-to-a-Protocol,1,swift.protocols.conditional-conformance,mapped-to-canonical-lessons,pending-editorial-validation,pending-swift-6.4-toolchain,"extension Array: TextRepresentable where Element: TextRepresentable {
var textualDescription: String {
let itemsAsText ="
32c50380e821ee32e9f54c2c80076016bb932883c7893b6c81ff66271723b1f7,LanguageGuide/Protocols.xhtml,LanguageGuide/Protocols.xhtml#Declaring-Protocol-Adoption-with-an-Extension,1,swift.protocols.declare-adoption,mapped-to-canonical-lessons,pending-editorial-validation,pending-swift-6.4-toolchain,"let simonTheHamster = Hamster(name: ""Simon"")
let somethingTextRepresentable: TextRepresentable = simonTheHamster
print(s"
d056f1c864b87b3fe8695008a4d97aa801e388bd02b334fdeb0fbce8cd11c235,LanguageGuide/Protocols.xhtml,LanguageGuide/Protocols.xhtml#Declaring-Protocol-Adoption-with-an-Extension,1,swift.protocols.declare-adoption,mapped-to-canonical-lessons,pending-editorial-validation,pending-swift-6.4-toolchain,"struct Hamster {
var name: String
var textualDescription: String {
return ""A hamster named \(name)""
}
}
extension Hamste"
3858b48526f67cbe4887111851de1c2202d27523ecae9e7d3b251eff3b5d12c8,LanguageGuide/Protocols.xhtml,LanguageGuide/Protocols.xhtml#Delegation,1,swift.protocols.delegation,mapped-to-canonical-lessons,pending-editorial-validation,pending-swift-6.4-toolchain,"class DiceGame {
let sides: Int
let generator = LinearCongruentialGenerator()
weak var delegate: Delegate?

init(sides: "
39243ca03196399f10a1e0a83d5a854115c3a0ce5dc11190cf92051dffdf1dab,LanguageGuide/Protocols.xhtml,LanguageGuide/Protocols.xhtml#Delegation,1,swift.protocols.delegation,mapped-to-canonical-lessons,pending-editorial-validation,pending-swift-6.4-toolchain,"class DiceGameTracker: DiceGame.Delegate {
var playerScore1 = 0
var playerScore2 = 0
func gameDidStart(_ game: DiceGame)"
eafb0d36cecdecc902a647b3201335d89892565821ed599b4c5eddb52d638ad6,LanguageGuide/Protocols.xhtml,LanguageGuide/Protocols.xhtml#Delegation,1,swift.protocols.delegation,mapped-to-canonical-lessons,pending-editorial-validation,pending-swift-6.4-toolchain,"let tracker = DiceGameTracker()
let game = DiceGame(sides: 6)
game.delegate = tracker
game.play(rounds: 3)
// Started a "
e8f1ca1321901c6fcf330ee6ac9c78a4ddc07dbff32108f079a5d4db2fc2e79f,LanguageGuide/Protocols.xhtml,LanguageGuide/Protocols.xhtml#Implicit-Conformance-to-a-Protocol,1,swift.protocols.implicit,mapped-to-canonical-lessons,pending-editorial-validation,pending-swift-6.4-toolchain,"struct FileDescriptor: ~Sendable {
let rawValue: Int
}"
f91e641306f2b93b2d6a667d1008157e46d7d4122236878af0693ac3c9a3bc41,LanguageGuide/Protocols.xhtml,LanguageGuide/Protocols.xhtml#Implicit-Conformance-to-a-Protocol,1,swift.protocols.implicit,mapped-to-canonical-lessons,pending-editorial-validation,pending-swift-6.4-toolchain,"@available(*, unavailable)
extension FileDescriptor: Sendable { }"
958964cb00932699e46cbf5eb63eb0e1a6f1948ed4653eefaa12c61de59dc73a,LanguageGuide/Protocols.xhtml,LanguageGuide/Protocols.xhtml#Initializer-Requirements,1,swift.protocols.initializer-requirement,mapped-to-canonical-lessons,pending-editorial-validation,pending-swift-6.4-toolchain,"protocol SomeProtocol {
init(someParameter: Int)
}"
1cd2ad27bff2b8cf80f99d1a300efc859a45e946913027fe3df04f948b155089,LanguageGuide/Protocols.xhtml,LanguageGuide/Protocols.xhtml#Method-Requirements,1,swift.protocols.method-requirement,mapped-to-canonical-lessons,pending-editorial-validation,pending-swift-6.4-toolchain,"class LinearCongruentialGenerator: RandomNumberGenerator {
var lastRandom = 42.0
let m = 139968.0
let a = 3877.0
let c ="
2c313a0064484564a01661b4a9a1029253188968f842b6ff980ba0b0002e047a,LanguageGuide/Protocols.xhtml,LanguageGuide/Protocols.xhtml#Method-Requirements,1,swift.protocols.method-requirement,mapped-to-canonical-lessons,pending-editorial-validation,pending-swift-6.4-toolchain,"protocol RandomNumberGenerator {
func random() -> Double
}"
9621b44a9e9e57498419f9b93d1131e5c9ddf09d1089f586836086e6ef4f0143,LanguageGuide/Protocols.xhtml,LanguageGuide/Protocols.xhtml#Method-Requirements,1,swift.protocols.method-requirement,mapped-to-canonical-lessons,pending-editorial-validation,pending-swift-6.4-toolchain,"protocol SomeProtocol {
static func someTypeMethod()
}"
21bc650a318e19dbbb36a6aa78840cf055dd4cb9876fde3e804dc11241a8d8bd,LanguageGuide/Protocols.xhtml,LanguageGuide/Protocols.xhtml#Mutating-Method-Requirements,1,swift.protocols.mutating-requirement,mapped-to-canonical-lessons,pending-editorial-validation,pending-swift-6.4-toolchain,"enum OnOffSwitch: Togglable {
case off, on
mutating func toggle() {
switch self {
case .off:
self = .on
case .on:
self ="
2e6deaaa4d5670805f1700ade9e07b060191ab3cbc1248b158d4a224827a9628,LanguageGuide/Protocols.xhtml,LanguageGuide/Protocols.xhtml#Mutating-Method-Requirements,1,swift.protocols.mutating-requirement,mapped-to-canonical-lessons,pending-editorial-validation,pending-swift-6.4-toolchain,"protocol Togglable {
mutating func toggle()
}"
22bdd91c2e723c7fff898b0e239cd4a58fa4592f9829c87e4e0f7fc252fe08f2,LanguageGuide/Protocols.xhtml,LanguageGuide/Protocols.xhtml#Optional-Protocol-Requirements,1,swift.protocols.optional-requirement,mapped-to-canonical-lessons,pending-editorial-validation,pending-swift-6.4-toolchain,"class ThreeSource: NSObject, CounterDataSource {
let fixedIncrement = 3
}"
3ae29f9aee9d4067eecaa0abce8483ac4232cdebf32e182605096b2faa2d34fb,LanguageGuide/Protocols.xhtml,LanguageGuide/Protocols.xhtml#Optional-Protocol-Requirements,1,swift.protocols.optional-requirement,mapped-to-canonical-lessons,pending-editorial-validation,pending-swift-6.4-toolchain,"class TowardsZeroSource: NSObject, CounterDataSource {
func increment(forCount count: Int) -> Int {
if count == 0 {
retu"
3daf5ede7bf81e5ed9e8b04c53d5939323fdf20050c4aa239d8f8f334ceb8ed5,LanguageGuide/Protocols.xhtml,LanguageGuide/Protocols.xhtml#Optional-Protocol-Requirements,1,swift.protocols.optional-requirement,mapped-to-canonical-lessons,pending-editorial-validation,pending-swift-6.4-toolchain,"counter.count = -4
counter.dataSource = TowardsZeroSource()
for _ in 1...5 {
counter.increment()
print(counter.count)
}
"
8c0fdfde9a4694bd8493fef7128c25a01001136beccacb94ca34e136f886c402,LanguageGuide/Protocols.xhtml,LanguageGuide/Protocols.xhtml#Optional-Protocol-Requirements,1,swift.protocols.optional-requirement,mapped-to-canonical-lessons,pending-editorial-validation,pending-swift-6.4-toolchain,"class Counter {
var count = 0
var dataSource: CounterDataSource?
func increment() {
if let amount = dataSource?.incremen"
8e6318a82e6c1165a9327f994f4a3ff851393f776e909387f4393be010da0a34,LanguageGuide/Protocols.xhtml,LanguageGuide/Protocols.xhtml#Optional-Protocol-Requirements,1,swift.protocols.optional-requirement,mapped-to-canonical-lessons,pending-editorial-validation,pending-swift-6.4-toolchain,"var counter = Counter()
counter.dataSource = ThreeSource()
for _ in 1...4 {
counter.increment()
print(counter.count)
}
/"
e3b0c44298fc1c149afbf4c8996fb92427ae41e4649b934ca495991b7852b855,LanguageGuide/Protocols.xhtml,LanguageGuide/Protocols.xhtml#Optional-Protocol-Requirements,1,swift.protocols.optional-requirement,mapped-to-canonical-lessons,pending-editorial-validation,pending-swift-6.4-toolchain,""
1bbcdce328a54cd6152510f7ec0f4b355ebe6619f1e6aafad2d2ee372d83fe6c,LanguageGuide/Protocols.xhtml,LanguageGuide/Protocols.xhtml#Property-Requirements,1,swift.protocols.property-requirement,mapped-to-canonical-lessons,pending-editorial-validation,pending-swift-6.4-toolchain,"protocol FullyNamed {
var fullName: String { get }
}"
446d4c299f6eeaaf5803380a3aaa9f739b9a357964c41408d0b293f2c1bf42e6,LanguageGuide/Protocols.xhtml,LanguageGuide/Protocols.xhtml#Property-Requirements,1,swift.protocols.property-requirement,mapped-to-canonical-lessons,pending-editorial-validation,pending-swift-6.4-toolchain,"struct Person: FullyNamed {
var fullName: String
}
let john = Person(fullName: ""John Appleseed"")
// john.fullName is ""Jo"
4f4eccfd86c849df2ccdb250fed142a0c6e46b250f60761e8dba30aeaba2a9c6,LanguageGuide/Protocols.xhtml,LanguageGuide/Protocols.xhtml#Property-Requirements,1,swift.protocols.property-requirement,mapped-to-canonical-lessons,pending-editorial-validation,pending-swift-6.4-toolchain,"protocol AnotherProtocol {
static var someTypeProperty: Int { get set }
}"
568fca514e15e39c3a56d1908d925a5228a7c19986bc56fc8153e5d50264d11a,LanguageGuide/Protocols.xhtml,LanguageGuide/Protocols.xhtml#Property-Requirements,1,swift.protocols.property-requirement,mapped-to-canonical-lessons,pending-editorial-validation,pending-swift-6.4-toolchain,"protocol SomeProtocol {
var mustBeSettable: Int { get set }
var doesNotNeedToBeSettable: Int { get }
}"
5ebbd28680bc3694854142bc1ce81c6a0ab37663f3d9ac30eb1470a22e92f3b1,LanguageGuide/Protocols.xhtml,LanguageGuide/Protocols.xhtml#Property-Requirements,1,swift.protocols.property-requirement,mapped-to-canonical-lessons,pending-editorial-validation,pending-swift-6.4-toolchain,"class Starship: FullyNamed {
var prefix: String?
var name: String
init(name: String, prefix: String? = nil) {
self.name "
2fff61ea741d501b23524b697e279195d77844991a838c3e98e1fd59c521be27,LanguageGuide/Protocols.xhtml,LanguageGuide/Protocols.xhtml#Protocol-Composition,1,swift.protocols.composition,mapped-to-canonical-lessons,pending-editorial-validation,pending-swift-6.4-toolchain,"class Location {
var latitude: Double
var longitude: Double
init(latitude: Double, longitude: Double) {
self.latitude = "
f7ba4f926258910940d6b558d4b3e7d7f71b06a999dea4ee746bdb7addf7a14e,LanguageGuide/Protocols.xhtml,LanguageGuide/Protocols.xhtml#Protocol-Composition,1,swift.protocols.composition,mapped-to-canonical-lessons,pending-editorial-validation,pending-swift-6.4-toolchain,"protocol Named {
var name: String { get }
}
protocol Aged {
var age: Int { get }
}
struct Person: Named, Aged {
var name"
2c29316c481b0886f6226eb334090260fb3f9d4719ed534490c5a65c144703ca,LanguageGuide/Protocols.xhtml,LanguageGuide/Protocols.xhtml#Protocol-Extensions,1,swift.protocols.extension,mapped-to-canonical-lessons,pending-editorial-validation,pending-swift-6.4-toolchain,"let generator = LinearCongruentialGenerator()
print(""Here's a random number: \(generator.random())"")
// Prints ""Here's a"
5df61b47fde543fe10ff886ac83c63eb96e2f272f520784ae42b5d43b302bc4e,LanguageGuide/Protocols.xhtml,LanguageGuide/Protocols.xhtml#Protocol-Extensions,1,swift.protocols.extension,mapped-to-canonical-lessons,pending-editorial-validation,pending-swift-6.4-toolchain,"extension RandomNumberGenerator {
func randomBool() -> Bool {
return random() > 0.5
}
}"
0ecf99bb525648da632992f6a4fc2667db0d5c0792839a3109c892be33396c37,LanguageGuide/Protocols.xhtml,LanguageGuide/Protocols.xhtml#Protocol-Inheritance,1,swift.protocols.inheritance,mapped-to-canonical-lessons,pending-editorial-validation,pending-swift-6.4-toolchain,"protocol InheritingProtocol: SomeProtocol, AnotherProtocol {
// protocol definition goes here
}"
5fcadc82fac7d087d065a8c116933b646676f93bcbb7de7a14547556ea17c1fe,LanguageGuide/Protocols.xhtml,LanguageGuide/Protocols.xhtml#Protocol-Inheritance,1,swift.protocols.inheritance,mapped-to-canonical-lessons,pending-editorial-validation,pending-swift-6.4-toolchain,"extension SnakesAndLadders: PrettyTextRepresentable {
var prettyTextualDescription: String {
var output = textualDescrip"
618511a238f1f8215d487032d349169d1240f3b5beebc6fccbc4162c37d608c0,LanguageGuide/Protocols.xhtml,LanguageGuide/Protocols.xhtml#Protocol-Inheritance,1,swift.protocols.inheritance,mapped-to-canonical-lessons,pending-editorial-validation,pending-swift-6.4-toolchain,"protocol PrettyTextRepresentable: TextRepresentable {
var prettyTextualDescription: String { get }
}"
6a4b3dcfd9618679104afcb47cdf0f8b138ba91cef1b71ea3ab04e50fab45455,LanguageGuide/Protocols.xhtml,LanguageGuide/Protocols.xhtml#Protocol-Inheritance,1,swift.protocols.inheritance,mapped-to-canonical-lessons,pending-editorial-validation,pending-swift-6.4-toolchain,"print(game.prettyTextualDescription)
// A game of Snakes and Ladders with 25 squares:
// ○ ○ ▲ ○ ○ ▲ ○ ○ ▲ ▲ ○ ○ ○ ▼ ○ ○"
760828ff039b2357db00b3d49d214a609129fadb0ed3bba8b342bcd9c92d732b,LanguageGuide/Protocols.xhtml,LanguageGuide/Protocols.xhtml#Protocol-Syntax,1,swift.protocols.syntax,mapped-to-canonical-lessons,pending-editorial-validation,pending-swift-6.4-toolchain,"struct SomeStructure: FirstProtocol, AnotherProtocol {
// structure definition goes here
}"
c6d52b708ec0a537a648a5d21798f7138b87654768507d999b56aa2876febd45,LanguageGuide/Protocols.xhtml,LanguageGuide/Protocols.xhtml#Protocol-Syntax,1,swift.protocols.syntax,mapped-to-canonical-lessons,pending-editorial-validation,pending-swift-6.4-toolchain,"protocol SomeProtocol {
// protocol definition goes here
}"
c916c14d0438ea2dde24cc383609c934c24522c2457e5e210271c0c9a2e7d7ae,LanguageGuide/Protocols.xhtml,LanguageGuide/Protocols.xhtml#Protocol-Syntax,1,swift.protocols.syntax,mapped-to-canonical-lessons,pending-editorial-validation,pending-swift-6.4-toolchain,"class SomeClass: SomeSuperclass, FirstProtocol, AnotherProtocol {
// class definition goes here
}"
b3a00d0456394add71c80fdbd066ed9e3ed5466a388623bbae71a7d0d374e0a0,LanguageGuide/Protocols.xhtml,LanguageGuide/Protocols.xhtml#Protocols-that-Have-Only-Semantic-Requirements,1,swift.protocols.semantic,mapped-to-canonical-lessons,pending-editorial-validation,pending-swift-6.4-toolchain,"struct MyStruct: Copyable {
var counter = 12
}

extension MyStruct: BitwiseCopyable { }"
f6a9f15710aa749ab4cf5210dffa47ea5f209e34a635d65b155ccb20d986679b,LanguageGuide/Protocols.xhtml,LanguageGuide/Protocols.xhtml#Providing-Default-Implementations,1,swift.protocols.default-implementation,mapped-to-canonical-lessons,pending-editorial-validation,pending-swift-6.4-toolchain,"extension PrettyTextRepresentable {
var prettyTextualDescription: String {
return textualDescription
}
}"
2549358014671c5b3280a8a9aa4275e4462c5f0ff94e90448b50015c573d6c0c,LanguageGuide/StringsAndCharacters.xhtml,LanguageGuide/StringsAndCharacters.xhtml#Concatenating-Strings-and-Characters,1,swift.operators.string-concatenation|swift.strings.append-character|swift.strings.append-string|swift.strings.multiline-concatenation,mapped-to-canonical-lessons,pending-editorial-validation,pending-swift-6.4-toolchain,"let badStart = """"""
one
two
""""""
let end = """"""
three
""""""
print(badStart + end)
// Prints two lines:
// one
// twothree

le"
7863cf3ae36fc14b2a6365ea09208956cae61b9a65728b67b28875178b639da6,LanguageGuide/StringsAndCharacters.xhtml,LanguageGuide/StringsAndCharacters.xhtml#Concatenating-Strings-and-Characters,1,swift.operators.string-concatenation|swift.strings.append-character|swift.strings.append-string|swift.strings.multiline-concatenation,mapped-to-canonical-lessons,pending-editorial-validation,pending-swift-6.4-toolchain,"var instruction = ""look over""
instruction += string2
// instruction now equals ""look over there"""
ab927e1ac1b8b69e0b072faaf99f5e5a6398dcce167e9bc4c94f0ab4032b4954,LanguageGuide/StringsAndCharacters.xhtml,LanguageGuide/StringsAndCharacters.xhtml#Concatenating-Strings-and-Characters,1,swift.operators.string-concatenation|swift.strings.append-character|swift.strings.append-string|swift.strings.multiline-concatenation,mapped-to-canonical-lessons,pending-editorial-validation,pending-swift-6.4-toolchain,"let exclamationMark: Character = ""!""
welcome.append(exclamationMark)
// welcome now equals ""hello there!"""
d46d2a6894046b69b1c21e8a029761e861a912bb72251bb0e393a97cf30910bc,LanguageGuide/StringsAndCharacters.xhtml,LanguageGuide/StringsAndCharacters.xhtml#Concatenating-Strings-and-Characters,1,swift.operators.string-concatenation|swift.strings.append-character|swift.strings.append-string|swift.strings.multiline-concatenation,mapped-to-canonical-lessons,pending-editorial-validation,pending-swift-6.4-toolchain,"let string1 = ""hello""
let string2 = "" there""
var welcome = string1 + string2
// welcome now equals ""hello there"""
3e939ab5e4fff81d8a676cc45778842c2d06bd4d454f23600feeaba008ab532a,LanguageGuide/StringsAndCharacters.xhtml,LanguageGuide/StringsAndCharacters.xhtml#Counting-Characters,1,swift.strings.character-count|swift.strings.combining-count,mapped-to-canonical-lessons,pending-editorial-validation,pending-swift-6.4-toolchain,"let unusualMenagerie = ""Koala 🐨, Snail 🐌, Penguin 🐧, Dromedary 🐪""
print(""unusualMenagerie has \(unusualMenagerie.count) "
a2643d5ecbae730186a8ea4887a17e9a26b10030cadcfe082216fadb39d39aef,LanguageGuide/StringsAndCharacters.xhtml,LanguageGuide/StringsAndCharacters.xhtml#Counting-Characters,1,swift.strings.character-count|swift.strings.combining-count,mapped-to-canonical-lessons,pending-editorial-validation,pending-swift-6.4-toolchain,"var word = ""cafe""
print(""the number of characters in \(word) is \(word.count)"")
// Prints ""the number of characters in c"
04b28ce835f2ba157931a95357141001e9d431cc4282de98c2661579bf8bfd4b,LanguageGuide/StringsAndCharacters.xhtml,LanguageGuide/StringsAndCharacters.xhtml#Extended-Grapheme-Clusters,1,swift.unicode.flag-character|swift.unicode.grapheme-equivalence,mapped-to-canonical-lessons,pending-editorial-validation,pending-swift-6.4-toolchain,"let regionalIndicatorForUS: Character = ""\u{1F1FA}\u{1F1F8}""
// regionalIndicatorForUS is 🇺🇸"
2fd75e0c8b4bf101e35422b24fac27b6cae277e5660133df6409b15d2a6d033e,LanguageGuide/StringsAndCharacters.xhtml,LanguageGuide/StringsAndCharacters.xhtml#Extended-Grapheme-Clusters,1,swift.unicode.flag-character|swift.unicode.grapheme-equivalence,mapped-to-canonical-lessons,pending-editorial-validation,pending-swift-6.4-toolchain,"let enclosedEAcute: Character = ""\u{E9}\u{20DD}""
// enclosedEAcute is é⃝"
ad0a4020dcee9212efa94237c1a342db1303ea4c638504154fa1ed27c70659bf,LanguageGuide/StringsAndCharacters.xhtml,LanguageGuide/StringsAndCharacters.xhtml#Extended-Grapheme-Clusters,1,swift.unicode.flag-character|swift.unicode.grapheme-equivalence,mapped-to-canonical-lessons,pending-editorial-validation,pending-swift-6.4-toolchain,"let precomposed: Character = ""\u{D55C}"" // 한
let decomposed: Character = ""\u{1112}\u{1161}\u{11AB}"" // ᄒ, ᅡ, ᆫ
// precom"
b94e08717373db5ab50267780680f906662f02a536e76c4b48b02efdc411408b,LanguageGuide/StringsAndCharacters.xhtml,LanguageGuide/StringsAndCharacters.xhtml#Extended-Grapheme-Clusters,1,swift.unicode.flag-character|swift.unicode.grapheme-equivalence,mapped-to-canonical-lessons,pending-editorial-validation,pending-swift-6.4-toolchain,"let eAcute: Character = ""\u{E9}"" // é
let combinedEAcute: Character = ""\u{65}\u{301}"" // e followed by ́
// eAcute is é,"
81aec25688ee116c1c1147c1404ba5b7e75aa59cb9156646de3b51032a5c684f,LanguageGuide/StringsAndCharacters.xhtml,LanguageGuide/StringsAndCharacters.xhtml#Extended-String-Delimiters,1,swift.strings.extended-delimiter,mapped-to-canonical-lessons,pending-editorial-validation,pending-swift-6.4-toolchain,"let threeMoreDoubleQuotationMarks = #""""""
Here are three more double quotes: """"""
""""""#"
b352b9849311c5b879fbd57bdfee160d1b8904b395306d430debe945373889be,LanguageGuide/StringsAndCharacters.xhtml,LanguageGuide/StringsAndCharacters.xhtml#Initializing-an-Empty-String,1,swift.strings.empty-initialization|swift.strings.is-empty,mapped-to-canonical-lessons,pending-editorial-validation,pending-swift-6.4-toolchain,"var emptyString = """" // empty string literal
var anotherEmptyString = String() // initializer syntax
// these two string"
f8c535568d90e35848420693ef554a409979bc01eb811c42d7a78a63dfeb53df,LanguageGuide/StringsAndCharacters.xhtml,LanguageGuide/StringsAndCharacters.xhtml#Initializing-an-Empty-String,1,swift.strings.empty-initialization|swift.strings.is-empty,mapped-to-canonical-lessons,pending-editorial-validation,pending-swift-6.4-toolchain,"if emptyString.isEmpty {
print(""Nothing to see here"")
}
// Prints ""Nothing to see here""."
345279d60542b6890a2384ca5df841728065be44ab95927f9c3588c8e77a6341,LanguageGuide/StringsAndCharacters.xhtml,LanguageGuide/StringsAndCharacters.xhtml#Inserting-and-Removing,1,swift.strings.insert-character|swift.strings.insert-contents|swift.strings.remove-character|swift.strings.remove-subrange,mapped-to-canonical-lessons,pending-editorial-validation,pending-swift-6.4-toolchain,"var welcome = ""hello""
welcome.insert(""!"", at: welcome.endIndex)
// welcome now equals ""hello!""

welcome.insert(contentsO"
49bd1966a7c6497a9628cbdab05402ad94c808ccfdc6d92336f3c3c97e435bd9,LanguageGuide/StringsAndCharacters.xhtml,LanguageGuide/StringsAndCharacters.xhtml#Inserting-and-Removing,1,swift.strings.insert-character|swift.strings.insert-contents|swift.strings.remove-character|swift.strings.remove-subrange,mapped-to-canonical-lessons,pending-editorial-validation,pending-swift-6.4-toolchain,"welcome.remove(at: welcome.index(before: welcome.endIndex))
// welcome now equals ""hello there""

let range = welcome.ind"
2b4cbe99001c88ef4a03110223eb16f16fef0c33aff5af68cbe797fd0c9adacb,LanguageGuide/StringsAndCharacters.xhtml,LanguageGuide/StringsAndCharacters.xhtml#Multiline-String-Literals,1,swift.strings.multiline-literal|swift.strings.multiline-soft-wrap,mapped-to-canonical-lessons,pending-editorial-validation,pending-swift-6.4-toolchain,"let softWrappedQuotation = """"""
The White Rabbit put on his spectacles. ""Where shall I begin, \
please your Majesty?"" he "
976b2d476e677a42c4dc78f9f23d77bf7407e40bbec7328d83434dabaefe2893,LanguageGuide/StringsAndCharacters.xhtml,LanguageGuide/StringsAndCharacters.xhtml#Multiline-String-Literals,1,swift.strings.multiline-literal|swift.strings.multiline-soft-wrap,mapped-to-canonical-lessons,pending-editorial-validation,pending-swift-6.4-toolchain,"let singleLineString = ""These are the same.""
let multilineString = """"""
These are the same.
"""""""
af57e2679560f655d9ec8afb6a7d91328a5ddb289843a5b81249d03f36a9a260,LanguageGuide/StringsAndCharacters.xhtml,LanguageGuide/StringsAndCharacters.xhtml#Multiline-String-Literals,1,swift.strings.multiline-literal|swift.strings.multiline-soft-wrap,mapped-to-canonical-lessons,pending-editorial-validation,pending-swift-6.4-toolchain,"let lineBreaks = """"""

This string starts with a line break.
It also ends with a line break.

"""""""
d69b494a77e8bf3438eef58d60264d8ed7f846012994e2d9253a9741569d8515,LanguageGuide/StringsAndCharacters.xhtml,LanguageGuide/StringsAndCharacters.xhtml#Multiline-String-Literals,1,swift.strings.multiline-literal|swift.strings.multiline-soft-wrap,mapped-to-canonical-lessons,pending-editorial-validation,pending-swift-6.4-toolchain,"let quotation = """"""
The White Rabbit put on his spectacles. ""Where shall I begin,
please your Majesty?"" he asked.

""Begi"
1f638ad7afac154491d69fb249b0c98f2b83e85bb762b9568bab98eb7e66aaf9,LanguageGuide/StringsAndCharacters.xhtml,LanguageGuide/StringsAndCharacters.xhtml#Prefix-and-Suffix-Equality,1,swift.strings.prefix|swift.strings.suffix,mapped-to-canonical-lessons,pending-editorial-validation,pending-swift-6.4-toolchain,"var act1SceneCount = 0
for scene in romeoAndJuliet {
if scene.hasPrefix(""Act 1 "") {
act1SceneCount += 1
}
}
print(""There"
3e95e48ed35b0ea53974e78280645721ab03f36d9f346562e06a7926169a0b5e,LanguageGuide/StringsAndCharacters.xhtml,LanguageGuide/StringsAndCharacters.xhtml#Prefix-and-Suffix-Equality,1,swift.strings.prefix|swift.strings.suffix,mapped-to-canonical-lessons,pending-editorial-validation,pending-swift-6.4-toolchain,"let romeoAndJuliet = [
""Act 1 Scene 1: Verona, A public place"",
""Act 1 Scene 2: Capulet's mansion"",
""Act 1 Scene 3: A ro"
d768eddc7ef59cf96f0a5f2120a2d09fde200985519f6f0528dd6293cc16a339,LanguageGuide/StringsAndCharacters.xhtml,LanguageGuide/StringsAndCharacters.xhtml#Prefix-and-Suffix-Equality,1,swift.strings.prefix|swift.strings.suffix,mapped-to-canonical-lessons,pending-editorial-validation,pending-swift-6.4-toolchain,"var mansionCount = 0
var cellCount = 0
for scene in romeoAndJuliet {
if scene.hasSuffix(""Capulet's mansion"") {
mansionCo"
0478ae02992db1597dcf0681e14a6919b991ca7c7f68bff1fe3d0b8a6f477856,LanguageGuide/StringsAndCharacters.xhtml,LanguageGuide/StringsAndCharacters.xhtml#Special-Characters-in-String-Literals,1,swift.strings.escape-sequences|swift.strings.unicode-scalar-escape,mapped-to-canonical-lessons,pending-editorial-validation,pending-swift-6.4-toolchain,"let threeDoubleQuotationMarks = """"""
Escaping the first quotation mark \""""""
Escaping all three quotation marks \""\""\""
"""""""
5d56b37fb7c7d7257c7a38e4bd2874a50aafac7079f544aeb62d6adbf6ddc447,LanguageGuide/StringsAndCharacters.xhtml,LanguageGuide/StringsAndCharacters.xhtml#Special-Characters-in-String-Literals,1,swift.strings.escape-sequences|swift.strings.unicode-scalar-escape,mapped-to-canonical-lessons,pending-editorial-validation,pending-swift-6.4-toolchain,"let wiseWords = ""\""Imagination is more important than knowledge\"" - Einstein""
// ""Imagination is more important than kno"
65c491890ae653c4cea0a71b8448747c566d7baa77e68009a103ea94b6c5e282,LanguageGuide/StringsAndCharacters.xhtml,LanguageGuide/StringsAndCharacters.xhtml#String-Indices,1,swift.strings.indices-sequence|swift.strings.last-index|swift.strings.no-integer-index|swift.strings.offset-index|swift.strings.start-index,mapped-to-canonical-lessons,pending-editorial-validation,pending-swift-6.4-toolchain,"for index in greeting.indices {
print(""\(greeting[index]) "", terminator: """")
}
// Prints ""G u t e n T a g ! ""."
765df0bc82c696901e6e860602ac818baea14c87717ed03366b385158371ac4e,LanguageGuide/StringsAndCharacters.xhtml,LanguageGuide/StringsAndCharacters.xhtml#String-Indices,1,swift.strings.indices-sequence|swift.strings.last-index|swift.strings.no-integer-index|swift.strings.offset-index|swift.strings.start-index,mapped-to-canonical-lessons,pending-editorial-validation,pending-swift-6.4-toolchain,"greeting[greeting.endIndex] // Error
greeting.index(after: greeting.endIndex) // Error"
e7068ee0a1a924a72d236f05c1b13949e88626d54008487ebbb3d677e17d9f83,LanguageGuide/StringsAndCharacters.xhtml,LanguageGuide/StringsAndCharacters.xhtml#String-Indices,1,swift.strings.indices-sequence|swift.strings.last-index|swift.strings.no-integer-index|swift.strings.offset-index|swift.strings.start-index,mapped-to-canonical-lessons,pending-editorial-validation,pending-swift-6.4-toolchain,"let greeting = ""Guten Tag!""
greeting[greeting.startIndex]
// G
greeting[greeting.index(before: greeting.endIndex)]
// !
"
528caf568b3a993877f44cd7906267ccdb9711433e8f08a3b39f2478ddfc7e99,LanguageGuide/StringsAndCharacters.xhtml,LanguageGuide/StringsAndCharacters.xhtml#String-Interpolation,1,swift.output.string-interpolation|swift.strings.extended-interpolation,mapped-to-canonical-lessons,pending-editorial-validation,pending-swift-6.4-toolchain,"let multiplier = 3
let message = ""\(multiplier) times 2.5 is \(Double(multiplier) * 2.5)""
// message is ""3 times 2.5 is "
6817407cb5e984a0cb4aa7e35cb8422ca2f6f3e0e08399d2b5aaec167231344f,LanguageGuide/StringsAndCharacters.xhtml,LanguageGuide/StringsAndCharacters.xhtml#String-Interpolation,1,swift.output.string-interpolation|swift.strings.extended-interpolation,mapped-to-canonical-lessons,pending-editorial-validation,pending-swift-6.4-toolchain,"print(#""Write an interpolated string in Swift using \(multiplier).""#)
// Prints ""Write an interpolated string in Swift u"
da13f1944934073620da9b3249e2ce2f5478af8ca415535662adc135aef3d28f,LanguageGuide/StringsAndCharacters.xhtml,LanguageGuide/StringsAndCharacters.xhtml#String-Interpolation,1,swift.output.string-interpolation|swift.strings.extended-interpolation,mapped-to-canonical-lessons,pending-editorial-validation,pending-swift-6.4-toolchain,"print(#""6 times 7 is \#(6 * 7).""#)
// Prints ""6 times 7 is 42."""
339c6d81b5ff39066d7aa72af87a91d487fc8a784c6142bb72094f3138069931,LanguageGuide/StringsAndCharacters.xhtml,LanguageGuide/StringsAndCharacters.xhtml#String-Literals,1,swift.strings.literal,mapped-to-canonical-lessons,pending-editorial-validation,pending-swift-6.4-toolchain,"let someString = ""Some string literal value"""
a12fc07ad7fe3058a8b047db0cab9a15f8974f1fb8f0e9d705c5974cca40b97a,LanguageGuide/StringsAndCharacters.xhtml,LanguageGuide/StringsAndCharacters.xhtml#String-Mutability,1,swift.strings.mutability,mapped-to-canonical-lessons,pending-editorial-validation,pending-swift-6.4-toolchain,"var variableString = ""Horse""
variableString += "" and carriage""
// variableString is now ""Horse and carriage""

let consta"
0fbc8e45598946c9909e67a614505c9e615ef80a98a8a00ac2bab9f79f39ac67,LanguageGuide/StringsAndCharacters.xhtml,LanguageGuide/StringsAndCharacters.xhtml#String-and-Character-Equality,1,swift.characters.lookalike-inequality|swift.strings.canonical-equality,mapped-to-canonical-lessons,pending-editorial-validation,pending-swift-6.4-toolchain,"let quotation = ""We're a lot alike, you and I.""
let sameQuotation = ""We're a lot alike, you and I.""
if quotation == same"
3a5abf7ca51574729878d9189dce355b0a8c3112eb9044e5364a79a8c766b96d,LanguageGuide/StringsAndCharacters.xhtml,LanguageGuide/StringsAndCharacters.xhtml#String-and-Character-Equality,1,swift.characters.lookalike-inequality|swift.strings.canonical-equality,mapped-to-canonical-lessons,pending-editorial-validation,pending-swift-6.4-toolchain,"// ""Voulez-vous un café?"" using LATIN SMALL LETTER E WITH ACUTE
let eAcuteQuestion = ""Voulez-vous un caf\u{E9}?""

// ""Vo"
629647f8cb44a424c04e52aca05e6090f1f1099dd8c50d6453903a62b02db474,LanguageGuide/StringsAndCharacters.xhtml,LanguageGuide/StringsAndCharacters.xhtml#String-and-Character-Equality,1,swift.characters.lookalike-inequality|swift.strings.canonical-equality,mapped-to-canonical-lessons,pending-editorial-validation,pending-swift-6.4-toolchain,"let latinCapitalLetterA: Character = ""\u{41}""

let cyrillicCapitalLetterA: Character = ""\u{0410}""

if latinCapitalLetter"
622868c11bc66a29ee1d15d3835c8b431db19c62526401103743ce689f3c785d,LanguageGuide/StringsAndCharacters.xhtml,LanguageGuide/StringsAndCharacters.xhtml#Substrings,1,swift.substrings.long-term-storage|swift.substrings.result-type,mapped-to-canonical-lessons,pending-editorial-validation,pending-swift-6.4-toolchain,"let greeting = ""Hello, world!""
let index = greeting.firstIndex(of: "","") ?? greeting.endIndex
let beginning = greeting[.."
152ca967a164a0106c217d1b87297cdca6f8819224facf8191a6abd650bfb0fe,LanguageGuide/StringsAndCharacters.xhtml,LanguageGuide/StringsAndCharacters.xhtml#UTF-16-Representation,1,swift.unicode.utf16-view,mapped-to-canonical-lessons,pending-editorial-validation,pending-swift-6.4-toolchain,"for codeUnit in dogString.utf16 {
print(""\(codeUnit) "", terminator: """")
}
print("""")
// Prints ""68 111 103 8252 55357 563"
fc3de17008ab8c7f91f8a56e9bd5cb8c6212822711e22a4a57d0a1adbe60caff,LanguageGuide/StringsAndCharacters.xhtml,LanguageGuide/StringsAndCharacters.xhtml#UTF-8-Representation,1,swift.unicode.utf8-view,mapped-to-canonical-lessons,pending-editorial-validation,pending-swift-6.4-toolchain,"for codeUnit in dogString.utf8 {
print(""\(codeUnit) "", terminator: """")
}
print("""")
// Prints ""68 111 103 226 128 188 240"
a34bf6b99e4d3f8f184c3d59f5b8ec85a5234e402e6b920acd4bda1cfe32a9cb,LanguageGuide/StringsAndCharacters.xhtml,LanguageGuide/StringsAndCharacters.xhtml#Unicode-Representations-of-Strings,1,swift.unicode.scalar-view|swift.unicode.utf16-view|swift.unicode.utf8-view,mapped-to-canonical-lessons,pending-editorial-validation,pending-swift-6.4-toolchain,"let dogString = ""Dog‼🐶"""
e700381f1ed26f3d3c488fefccb290ab4b5ce51ef9714b5d9fe238c1ee10063d,LanguageGuide/StringsAndCharacters.xhtml,LanguageGuide/StringsAndCharacters.xhtml#Unicode-Scalar-Representation,1,swift.unicode.scalar-view,mapped-to-canonical-lessons,pending-editorial-validation,pending-swift-6.4-toolchain,"for scalar in dogString.unicodeScalars {
print(""\(scalar.value) "", terminator: """")
}
print("""")
// Prints ""68 111 103 825"
f77a4dce9bb253e464687f7154ffe7a06866fc0b4665e32211a5f9dff8b759ab,LanguageGuide/StringsAndCharacters.xhtml,LanguageGuide/StringsAndCharacters.xhtml#Unicode-Scalar-Representation,1,swift.unicode.scalar-view,mapped-to-canonical-lessons,pending-editorial-validation,pending-swift-6.4-toolchain,"for scalar in dogString.unicodeScalars {
print(""\(scalar) "")
}
// D
// o
// g
// ‼
// 🐶"
06053a5fa23734e9786eead9c113e102fa3c7914e2c0c26ad65b28cd8264d27c,LanguageGuide/StringsAndCharacters.xhtml,LanguageGuide/StringsAndCharacters.xhtml#Working-with-Characters,1,swift.characters.annotation|swift.characters.array-to-string|swift.characters.iteration,mapped-to-canonical-lessons,pending-editorial-validation,pending-swift-6.4-toolchain,"let catCharacters: [Character] = [""C"", ""a"", ""t"", ""!"", ""🐱""]
let catString = String(catCharacters)
print(catString)
// Pri"
077582e9f78dc3487e7a2a77c362d0a02e00e00477bb35affcfa625cd70daf70,LanguageGuide/StringsAndCharacters.xhtml,LanguageGuide/StringsAndCharacters.xhtml#Working-with-Characters,1,swift.characters.annotation|swift.characters.array-to-string|swift.characters.iteration,mapped-to-canonical-lessons,pending-editorial-validation,pending-swift-6.4-toolchain,"for character in ""Dog!🐶"" {
print(character)
}
// D
// o
// g
// !
// 🐶"
fd43a055cef371986d4926d9ff5ece5ac709a2377667d7bd0585775dce7ea628,LanguageGuide/StringsAndCharacters.xhtml,LanguageGuide/StringsAndCharacters.xhtml#Working-with-Characters,1,swift.characters.annotation|swift.characters.array-to-string|swift.characters.iteration,mapped-to-canonical-lessons,pending-editorial-validation,pending-swift-6.4-toolchain,"let exclamationMark: Character = ""!"""
2771350c4dc999d5441282c56984762b162b9a572bb0507122343480eff09473,LanguageGuide/Subscripts.xhtml,LanguageGuide/Subscripts.xhtml#Subscript-Options,1,swift.subscripts.options,mapped-to-canonical-lessons,pending-editorial-validation,pending-swift-6.4-toolchain,"let someValue = matrix[2, 2]
// This triggers an assert, because [2, 2] is outside of the matrix bounds."
4e7836bedd660657708904a3474c7306630d40b51d132a2844b9683e00c587e5,LanguageGuide/Subscripts.xhtml,LanguageGuide/Subscripts.xhtml#Subscript-Options,1,swift.subscripts.options,mapped-to-canonical-lessons,pending-editorial-validation,pending-swift-6.4-toolchain,"func indexIsValid(row: Int, column: Int) -> Bool {
return row >= 0 && row < rows && column >= 0 && column < columns
}"
583f6c05e226e741ae29f9cdf018d3123682565369a7e480cd87df5f87c23353,LanguageGuide/Subscripts.xhtml,LanguageGuide/Subscripts.xhtml#Subscript-Options,1,swift.subscripts.options,mapped-to-canonical-lessons,pending-editorial-validation,pending-swift-6.4-toolchain,"matrix[0, 1] = 1.5
matrix[1, 0] = 3.2"
5db5546ec1e964f09fdbe6e722ec3f9703c86a0956a968f9570e0c487b2955f3,LanguageGuide/Subscripts.xhtml,LanguageGuide/Subscripts.xhtml#Subscript-Options,1,swift.subscripts.options,mapped-to-canonical-lessons,pending-editorial-validation,pending-swift-6.4-toolchain,"struct Matrix {
let rows: Int, columns: Int
var grid: [Double]
init(rows: Int, columns: Int) {
self.rows = rows
self.col"
e5d2f90184fd4e772c44ddd0a2381dba789675a1ddbc3feb213d696fc69adc91,LanguageGuide/Subscripts.xhtml,LanguageGuide/Subscripts.xhtml#Subscript-Options,1,swift.subscripts.options,mapped-to-canonical-lessons,pending-editorial-validation,pending-swift-6.4-toolchain,"var matrix = Matrix(rows: 2, columns: 2)"
49b6be37a30284fc4223303b298cf538fbb7e56ca3a3ee51bd065ac85927cec0,LanguageGuide/Subscripts.xhtml,LanguageGuide/Subscripts.xhtml#Subscript-Syntax,1,swift.subscripts.syntax,mapped-to-canonical-lessons,pending-editorial-validation,pending-swift-6.4-toolchain,"subscript(index: Int) -> Int {
// Return an appropriate subscript value here.
}"
9a2b7b06eedc6bf882e0e4a03664abb8a7a559c950bee861cfb78b0f07811806,LanguageGuide/Subscripts.xhtml,LanguageGuide/Subscripts.xhtml#Subscript-Syntax,1,swift.subscripts.syntax,mapped-to-canonical-lessons,pending-editorial-validation,pending-swift-6.4-toolchain,"struct TimesTable {
let multiplier: Int
subscript(index: Int) -> Int {
return multiplier * index
}
}
let threeTimesTable"
9f3728209eb0563cd3fe114a3a34ebb492fd9cae04bde145740284c9cbe81f9c,LanguageGuide/Subscripts.xhtml,LanguageGuide/Subscripts.xhtml#Subscript-Syntax,1,swift.subscripts.syntax,mapped-to-canonical-lessons,pending-editorial-validation,pending-swift-6.4-toolchain,"subscript(index: Int) -> Int {
get {
// Return an appropriate subscript value here.
}
set(newValue) {
// Perform a suita"
5e20985497fd8a770dac7328587f6faf41f92a9588bce347e421b0d262f930fa,LanguageGuide/Subscripts.xhtml,LanguageGuide/Subscripts.xhtml#Subscript-Usage,1,swift.subscripts.usage,mapped-to-canonical-lessons,pending-editorial-validation,pending-swift-6.4-toolchain,"var numberOfLegs = [""spider"": 8, ""ant"": 6, ""cat"": 4]
numberOfLegs[""bird""] = 2"
6a665e4720d3e8d0c0e87eedf0a054423182777591b263828b094b15dceb75e9,LanguageGuide/Subscripts.xhtml,LanguageGuide/Subscripts.xhtml#Type-Subscripts,1,swift.subscripts.type,mapped-to-canonical-lessons,pending-editorial-validation,pending-swift-6.4-toolchain,"enum Planet: Int {
case mercury = 1, venus, earth, mars, jupiter, saturn, uranus, neptune
static subscript(n: Int) -> Pl"
b279c43697adea9310d9bb81e81ed95044ead8f1930b81b9a11c1accea0b9185,LanguageGuide/TheBasics.xhtml,LanguageGuide/TheBasics.xhtml#Booleans,1,swift.booleans.conditions|swift.booleans.literals,mapped-to-canonical-lessons,pending-editorial-validation,pending-swift-6.4-toolchain,"if turnipsAreDelicious {
print(""Mmm, tasty turnips!"")
} else {
print(""Eww, turnips are horrible."")
}
// Prints ""Eww, tur"
d58a5f37740affd21f679edd50669b8fc7fb2a10f5854b7afefa29ecd01dab77,LanguageGuide/TheBasics.xhtml,LanguageGuide/TheBasics.xhtml#Booleans,1,swift.booleans.conditions|swift.booleans.literals,mapped-to-canonical-lessons,pending-editorial-validation,pending-swift-6.4-toolchain,"let i = 1
if i {
// this example will not compile, and will report an error
}"
dc0e9c37bb03addd019ef5d157ae26f46142a22121c06a7cdb7a4b7a445aa4de,LanguageGuide/TheBasics.xhtml,LanguageGuide/TheBasics.xhtml#Booleans,1,swift.booleans.conditions|swift.booleans.literals,mapped-to-canonical-lessons,pending-editorial-validation,pending-swift-6.4-toolchain,"let orangesAreOrange = true
let turnipsAreDelicious = false"
e06ed75ba6c0bde9c0da6f41b8600172e42bb14411e899055bcb424128123bba,LanguageGuide/TheBasics.xhtml,LanguageGuide/TheBasics.xhtml#Booleans,1,swift.booleans.conditions|swift.booleans.literals,mapped-to-canonical-lessons,pending-editorial-validation,pending-swift-6.4-toolchain,"let i = 1
if i == 1 {
// this example will compile successfully
}"
62c52623f7bc99cec198751b271a337dfa783cd4c63b6517c71a46574ea066fe,LanguageGuide/TheBasics.xhtml,LanguageGuide/TheBasics.xhtml#Comments,1,swift.comments.multiline|swift.comments.nested-multiline|swift.comments.single-line,mapped-to-canonical-lessons,pending-editorial-validation,pending-swift-6.4-toolchain,"/* This is also a comment
but is written over multiple lines. */"
9cdca267dccaf1cdac9336eef6b302b5f039731dcc3c94cb0c6aab229ac620f7,LanguageGuide/TheBasics.xhtml,LanguageGuide/TheBasics.xhtml#Comments,1,swift.comments.multiline|swift.comments.nested-multiline|swift.comments.single-line,mapped-to-canonical-lessons,pending-editorial-validation,pending-swift-6.4-toolchain,"/* This is the start of the first multiline comment.
/* This is the second, nested multiline comment. */
This is the end"
fd2d044db8a35ab7e1dd5600a4b7efa47c575060931e79b54f57ca9b09ea2116,LanguageGuide/TheBasics.xhtml,LanguageGuide/TheBasics.xhtml#Comments,1,swift.comments.multiline|swift.comments.nested-multiline|swift.comments.single-line,mapped-to-canonical-lessons,pending-editorial-validation,pending-swift-6.4-toolchain,// This is a comment.
6258d7eaf99ccc72db278080b725867185cdd6eea778ae2c2716e7a07b3619db,LanguageGuide/TheBasics.xhtml,LanguageGuide/TheBasics.xhtml#Debugging-with-Assertions,1,swift.runtime-checks.assertion,mapped-to-canonical-lessons,pending-editorial-validation,pending-swift-6.4-toolchain,assert(age >= 0)
6a378870b4e0890616706ae1b33da42941d4ce2b43af1238036831b4d3bedfc5,LanguageGuide/TheBasics.xhtml,LanguageGuide/TheBasics.xhtml#Debugging-with-Assertions,1,swift.runtime-checks.assertion,mapped-to-canonical-lessons,pending-editorial-validation,pending-swift-6.4-toolchain,"let age = -3
assert(age >= 0, ""A person's age can't be less than zero."")
// This assertion fails because -3 isn't >= 0."
9769858b321192a51681b21fcc227ef2781e6638be1473455d805a1e765058d5,LanguageGuide/TheBasics.xhtml,LanguageGuide/TheBasics.xhtml#Debugging-with-Assertions,1,swift.runtime-checks.assertion,mapped-to-canonical-lessons,pending-editorial-validation,pending-swift-6.4-toolchain,"if age > 10 {
print(""You can ride the roller-coaster or the ferris wheel."")
} else if age >= 0 {
print(""You can ride the"
2f13386dff6fb2bbd07d67f9caa10699cb62c3586dfb9e410631a9384f8b630e,LanguageGuide/TheBasics.xhtml,LanguageGuide/TheBasics.xhtml#Declaring-Constants-and-Variables,1,swift.bindings.constants,mapped-to-canonical-lessons,pending-editorial-validation,pending-swift-6.4-toolchain,"let maximumNumberOfLoginAttempts = 10
var currentLoginAttempt = 0"
f841f1ae01174aa59cf83a8df15820c58e7ed69b8ad74ef27f0c73d2bd6cb624,LanguageGuide/TheBasics.xhtml,LanguageGuide/TheBasics.xhtml#Declaring-Constants-and-Variables,1,swift.bindings.constants,mapped-to-canonical-lessons,pending-editorial-validation,pending-swift-6.4-toolchain,"var x = 0.0, y = 0.0, z = 0.0"
ff84aeb222a66bae8c7710808c9c007f6a586ecd460188c797a72e6dfabfa6da,LanguageGuide/TheBasics.xhtml,LanguageGuide/TheBasics.xhtml#Declaring-Constants-and-Variables,1,swift.bindings.constants,mapped-to-canonical-lessons,pending-editorial-validation,pending-swift-6.4-toolchain,"var environment = ""development""
let maximumNumberOfLoginAttempts: Int
// maximumNumberOfLoginAttempts has no value yet.
"
4adec27742ab74e1a5ddc2b6c3199658ced677b17b574d868dce37fda5d06948,LanguageGuide/TheBasics.xhtml,LanguageGuide/TheBasics.xhtml#Enforcing-Preconditions,1,swift.runtime-checks.fatal-error|swift.runtime-checks.precondition,mapped-to-canonical-lessons,pending-editorial-validation,pending-swift-6.4-toolchain,"// In the implementation of a subscript...
precondition(index > 0, ""Index must be greater than zero."")"
1dff4936737834d6f54b2649307b5e22f9e920a3b8c29a55be79e1c6b96cd027,LanguageGuide/TheBasics.xhtml,LanguageGuide/TheBasics.xhtml#Error-Handling,1,swift.errors.pattern-catching|swift.errors.throwing-declaration|swift.errors.try-catch,mapped-to-canonical-lessons,pending-editorial-validation,pending-swift-6.4-toolchain,"func makeASandwich() throws {
// ...
}

do {
try makeASandwich()
eatASandwich()
} catch SandwichError.outOfCleanDishes {"
97e8ada0762cb6f294a9a6a48ddbca8936862f94c9400bb57f964fc239c820be,LanguageGuide/TheBasics.xhtml,LanguageGuide/TheBasics.xhtml#Error-Handling,1,swift.errors.pattern-catching|swift.errors.throwing-declaration|swift.errors.try-catch,mapped-to-canonical-lessons,pending-editorial-validation,pending-swift-6.4-toolchain,"func canThrowAnError() throws {
// this function may or may not throw an error
}"
a215358eab455b24370ea93a28aa067605f3ba82496be17e08a562944043cb40,LanguageGuide/TheBasics.xhtml,LanguageGuide/TheBasics.xhtml#Error-Handling,1,swift.errors.pattern-catching|swift.errors.throwing-declaration|swift.errors.try-catch,mapped-to-canonical-lessons,pending-editorial-validation,pending-swift-6.4-toolchain,"do {
try canThrowAnError()
// no error was thrown
} catch {
// an error was thrown
}"
d77bfb7d8da5ac95545430b5b2692da6c5581db10929521c1ca332c6f4128613,LanguageGuide/TheBasics.xhtml,LanguageGuide/TheBasics.xhtml#Force-Unwrapping,1,swift.optionals.force-unwrap-risk|swift.optionals.force-unwrapping,mapped-to-canonical-lessons,pending-editorial-validation,pending-swift-6.4-toolchain,"let possibleNumber = ""123""
let convertedNumber = Int(possibleNumber)

let number = convertedNumber!

guard let number = "
7e1d834e9bf61e902564de7d1b91be3a3821ff7635ab2deec57b66a3801f3170,LanguageGuide/TheBasics.xhtml,LanguageGuide/TheBasics.xhtml#Implicitly-Unwrapped-Optionals,1,swift.optionals.implicitly-unwrapped-declaration|swift.optionals.implicitly-unwrapped-safety,mapped-to-canonical-lessons,pending-editorial-validation,pending-swift-6.4-toolchain,"let possibleString: String? = ""An optional string.""
let forcedString: String = possibleString! // Requires explicit unwr"
aba7e46f282bb78a0ea9f278bf01f5e636e95de98a5f5b296cf5d2b3f3f26163,LanguageGuide/TheBasics.xhtml,LanguageGuide/TheBasics.xhtml#Implicitly-Unwrapped-Optionals,1,swift.optionals.implicitly-unwrapped-declaration|swift.optionals.implicitly-unwrapped-safety,mapped-to-canonical-lessons,pending-editorial-validation,pending-swift-6.4-toolchain,"if let definiteString = assumedString {
print(definiteString)
}
// Prints ""An implicitly unwrapped optional string."""
c9b0972d32e1f9252666361556ec01817647a39366141341ec293900fed99334,LanguageGuide/TheBasics.xhtml,LanguageGuide/TheBasics.xhtml#Implicitly-Unwrapped-Optionals,1,swift.optionals.implicitly-unwrapped-declaration|swift.optionals.implicitly-unwrapped-safety,mapped-to-canonical-lessons,pending-editorial-validation,pending-swift-6.4-toolchain,"if assumedString != nil {
print(assumedString!)
}
// Prints ""An implicitly unwrapped optional string."""
dafab1dcf0ab2b3c386bb825e07177a90c10d48c8c259b5cf8673af2cfbcfde6,LanguageGuide/TheBasics.xhtml,LanguageGuide/TheBasics.xhtml#Implicitly-Unwrapped-Optionals,1,swift.optionals.implicitly-unwrapped-declaration|swift.optionals.implicitly-unwrapped-safety,mapped-to-canonical-lessons,pending-editorial-validation,pending-swift-6.4-toolchain,"let optionalString = assumedString
// The type of optionalString is ""String?"" and assumedString isn't force-unwrapped."
72545790e0fab367a2520d6472cb439ca5bb5197c696c720849693f1a6c33d2d,LanguageGuide/TheBasics.xhtml,LanguageGuide/TheBasics.xhtml#Integer-Bounds,1,swift.numbers.integer-bounds,mapped-to-canonical-lessons,pending-editorial-validation,pending-swift-6.4-toolchain,"let minValue = UInt8.min // minValue is equal to 0, and is of type UInt8
let maxValue = UInt8.max // maxValue is equal t"
063b197d3e5e55ccba038ea000113bf4468af0b462ecce69796e9f21552c772e,LanguageGuide/TheBasics.xhtml,LanguageGuide/TheBasics.xhtml#Integer-Conversion,1,swift.numbers.integer-conversion,mapped-to-canonical-lessons,pending-editorial-validation,pending-swift-6.4-toolchain,"let twoThousand: UInt16 = 2_000
let one: UInt8 = 1
let twoThousandAndOne = twoThousand + UInt16(one)"
ca914a3bda2c42e1d54dc507076535c12597798c653ee98cac699c989e49c14a,LanguageGuide/TheBasics.xhtml,LanguageGuide/TheBasics.xhtml#Integer-Conversion,1,swift.numbers.integer-conversion,mapped-to-canonical-lessons,pending-editorial-validation,pending-swift-6.4-toolchain,"let cannotBeNegative: UInt8 = -1
// UInt8 can't store negative numbers, and so this will report an error
let tooBig: Int"
19b2b20e72d4486ba15e76cdb04aa5700d727455789bd3656a35a736d32da3f7,LanguageGuide/TheBasics.xhtml,LanguageGuide/TheBasics.xhtml#Integer-and-Floating-Point-Conversion,1,swift.numbers.floating-to-integer|swift.numbers.integer-to-floating,mapped-to-canonical-lessons,pending-editorial-validation,pending-swift-6.4-toolchain,"let integerPi = Int(pi)
// integerPi equals 3, and is inferred to be of type Int"
6629ec6e66d635a6dcf0378b091eb689a0b7abc71ff24a88acbf8c19deadae94,LanguageGuide/TheBasics.xhtml,LanguageGuide/TheBasics.xhtml#Integer-and-Floating-Point-Conversion,1,swift.numbers.floating-to-integer|swift.numbers.integer-to-floating,mapped-to-canonical-lessons,pending-editorial-validation,pending-swift-6.4-toolchain,"let three = 3
let pointOneFourOneFiveNine = 0.14159
let pi = Double(three) + pointOneFourOneFiveNine
// pi equals 3.1415"
5300ad148f20c1571e1edc689f886bb7b68f1a2fbf03eb8d99d9a67148c3c092,LanguageGuide/TheBasics.xhtml,LanguageGuide/TheBasics.xhtml#Naming-Constants-and-Variables,1,swift.bindings.identifier-naming,mapped-to-canonical-lessons,pending-editorial-validation,pending-swift-6.4-toolchain,"var friendlyWelcome = ""Hello!""
friendlyWelcome = ""Bonjour!""
// friendlyWelcome is now ""Bonjour!"""
c610bf6835a2649fca3cf1faaacb38a924b1994841c477c547378efa95951fc7,LanguageGuide/TheBasics.xhtml,LanguageGuide/TheBasics.xhtml#Naming-Constants-and-Variables,1,swift.bindings.identifier-naming,mapped-to-canonical-lessons,pending-editorial-validation,pending-swift-6.4-toolchain,"let π = 3.14159
let 你好 = ""你好世界""
let 🐶🐮 = ""dogcow"""
da4321d8c903f647d4163688f8275d4f955e55c7e7834a804af815fe7987a906,LanguageGuide/TheBasics.xhtml,LanguageGuide/TheBasics.xhtml#Naming-Constants-and-Variables,1,swift.bindings.identifier-naming,mapped-to-canonical-lessons,pending-editorial-validation,pending-swift-6.4-toolchain,"let languageName = ""Swift""
languageName = ""Swift++""
// This is a compile-time error: languageName cannot be changed."
01ec026fb194d63194a059a47fc0f702812a97b480f8898307cb98b05ceebaa4,LanguageGuide/TheBasics.xhtml,LanguageGuide/TheBasics.xhtml#Numeric-Literals,1,swift.literals.exponent|swift.literals.integer-radix|swift.literals.readability,mapped-to-canonical-lessons,pending-editorial-validation,pending-swift-6.4-toolchain,"let decimalDouble = 12.1875
let exponentDouble = 1.21875e1
let hexadecimalDouble = 0xC.3p0"
6754db9fc6b7105eaae916ac32e26afcc91a3f25420c25ad4e074eb183cc99bd,LanguageGuide/TheBasics.xhtml,LanguageGuide/TheBasics.xhtml#Numeric-Literals,1,swift.literals.exponent|swift.literals.integer-radix|swift.literals.readability,mapped-to-canonical-lessons,pending-editorial-validation,pending-swift-6.4-toolchain,"let paddedDouble = 000123.456
let oneMillion = 1_000_000
let justOverOneMillion = 1_000_000.000_000_1"
79db8da81fa30e3e91cbd82d6b36f240284656ec7e8694d8d71942ceae94f324,LanguageGuide/TheBasics.xhtml,LanguageGuide/TheBasics.xhtml#Numeric-Literals,1,swift.literals.exponent|swift.literals.integer-radix|swift.literals.readability,mapped-to-canonical-lessons,pending-editorial-validation,pending-swift-6.4-toolchain,"let decimalInteger = 17
let binaryInteger = 0b10001 // 17 in binary notation
let octalInteger = 0o21 // 17 in octal nota"
0629c2188a81caf19dce2de9ab1f26643daf8eaf4bec1f753149c98fd1a37578,LanguageGuide/TheBasics.xhtml,LanguageGuide/TheBasics.xhtml#Optional-Binding,1,swift.optionals.binding|swift.optionals.multiple-binding|swift.optionals.shorthand-binding,mapped-to-canonical-lessons,pending-editorial-validation,pending-swift-6.4-toolchain,"if let constantName = someOptional {
statements
}"
9b743e9b4fe905af4f360aa7508861380e802f648ef5bc64f4e04ff48ea6313d,LanguageGuide/TheBasics.xhtml,LanguageGuide/TheBasics.xhtml#Optional-Binding,1,swift.optionals.binding|swift.optionals.multiple-binding|swift.optionals.shorthand-binding,mapped-to-canonical-lessons,pending-editorial-validation,pending-swift-6.4-toolchain,"if let firstNumber = Int(""4""), let secondNumber = Int(""42""), firstNumber < secondNumber && secondNumber < 100 {
print(""\"
9cf018eece16addd1f3f8ef47b75c1aee4b0d892df2128c78c1ae377f6ebcbdd,LanguageGuide/TheBasics.xhtml,LanguageGuide/TheBasics.xhtml#Optional-Binding,1,swift.optionals.binding|swift.optionals.multiple-binding|swift.optionals.shorthand-binding,mapped-to-canonical-lessons,pending-editorial-validation,pending-swift-6.4-toolchain,"if let myNumber {
print(""My number is \(myNumber)"")
}
// Prints ""My number is 123""."
da0fa20c2f5afbfd9228cba673b48f93c83ab0ea5c04f0d60a7ba3791be3bc08,LanguageGuide/TheBasics.xhtml,LanguageGuide/TheBasics.xhtml#Optional-Binding,1,swift.optionals.binding|swift.optionals.multiple-binding|swift.optionals.shorthand-binding,mapped-to-canonical-lessons,pending-editorial-validation,pending-swift-6.4-toolchain,"let myNumber = Int(possibleNumber)
// Here, myNumber is an optional integer
if let myNumber = myNumber {
// Here, myNumb"
ffbbfdfd7ee4d64093321275b051bfab7a1e8126e28d5d1ef6b0e449f43ba713,LanguageGuide/TheBasics.xhtml,LanguageGuide/TheBasics.xhtml#Optional-Binding,1,swift.optionals.binding|swift.optionals.multiple-binding|swift.optionals.shorthand-binding,mapped-to-canonical-lessons,pending-editorial-validation,pending-swift-6.4-toolchain,"if let actualNumber = Int(possibleNumber) {
print(""The string \""\(possibleNumber)\"" has an integer value of \(actualNumb"
4d2cb2826a23e887a1296ee2b663b7d73b8f69ea2f502c8327bcff59d1fd7337,LanguageGuide/TheBasics.xhtml,LanguageGuide/TheBasics.xhtml#Optionals,1,swift.optionals.binding|swift.optionals.force-unwrapping|swift.optionals.nil|swift.optionals.nil-coalescing|swift.optionals.type,mapped-to-canonical-lessons,pending-editorial-validation,pending-swift-6.4-toolchain,"let possibleNumber = ""123""
let convertedNumber = Int(possibleNumber)
// The type of convertedNumber is ""optional Int"""
8eb7c8f00e6419b4ea45cace75b51f7f793ab401db388b49db59acb7a7d41cec,LanguageGuide/TheBasics.xhtml,LanguageGuide/TheBasics.xhtml#Printing-Constants-and-Variables,1,swift.output.string-interpolation,mapped-to-canonical-lessons,pending-editorial-validation,pending-swift-6.4-toolchain,"print(friendlyWelcome)
// Prints ""Bonjour!"""
a1afd094570c709a5730844735b58137507ba7bbceb6369342a9bab70d689605,LanguageGuide/TheBasics.xhtml,LanguageGuide/TheBasics.xhtml#Printing-Constants-and-Variables,1,swift.output.string-interpolation,mapped-to-canonical-lessons,pending-editorial-validation,pending-swift-6.4-toolchain,"print(""The current value of friendlyWelcome is \(friendlyWelcome)"")
// Prints ""The current value of friendlyWelcome is B"
4c29296e90d5af090c1dc8a8308144987584b80abd49a32ceaf4ee4fa6fd7cd5,LanguageGuide/TheBasics.xhtml,LanguageGuide/TheBasics.xhtml#Providing-a-Fallback-Value,1,swift.optionals.nil-coalescing,mapped-to-canonical-lessons,pending-editorial-validation,pending-swift-6.4-toolchain,"let name: String? = nil
let greeting = ""Hello, "" + (name ?? ""friend"") + ""!""
print(greeting)
// Prints ""Hello, friend!"""
3bdff9d43491becf42b3512793936994cbcb625130d3ec8218e88918943a5a08,LanguageGuide/TheBasics.xhtml,LanguageGuide/TheBasics.xhtml#Semicolons,1,swift.statements.semicolon,mapped-to-canonical-lessons,pending-editorial-validation,pending-swift-6.4-toolchain,"let cat = ""🐱""; print(cat)
// Prints ""🐱""."
2852261aaffaf3126e53bd05152a485a02d965f9613d3c26b5aaae4c09c7a77b,LanguageGuide/TheBasics.xhtml,LanguageGuide/TheBasics.xhtml#Tuples,1,swift.tuples.creation|swift.tuples.decomposition|swift.tuples.ignore-elements|swift.tuples.indexed-access|swift.tuples.named-elements|swift.tuples.simple-modeling,mapped-to-canonical-lessons,pending-editorial-validation,pending-swift-6.4-toolchain,"print(""The status code is \(http200Status.statusCode)"")
// Prints ""The status code is 200"".
print(""The status message is"
96142a74f62e88bed96b8312fae54998b3e3976b4aa26a5b2d329e638b82dd6d,LanguageGuide/TheBasics.xhtml,LanguageGuide/TheBasics.xhtml#Tuples,1,swift.tuples.creation|swift.tuples.decomposition|swift.tuples.ignore-elements|swift.tuples.indexed-access|swift.tuples.named-elements|swift.tuples.simple-modeling,mapped-to-canonical-lessons,pending-editorial-validation,pending-swift-6.4-toolchain,"let (statusCode, statusMessage) = http404Error
print(""The status code is \(statusCode)"")
// Prints ""The status code is 4"
99e9da98a14989645ddae4e5864f97b635af9acf3ffd40cfe57737c9e7862f60,LanguageGuide/TheBasics.xhtml,LanguageGuide/TheBasics.xhtml#Tuples,1,swift.tuples.creation|swift.tuples.decomposition|swift.tuples.ignore-elements|swift.tuples.indexed-access|swift.tuples.named-elements|swift.tuples.simple-modeling,mapped-to-canonical-lessons,pending-editorial-validation,pending-swift-6.4-toolchain,"let (justTheStatusCode, _) = http404Error
print(""The status code is \(justTheStatusCode)"")
// Prints ""The status code is"
dcedfa296519586124619241aa02285a01f55edead66a4884e8ef2b5cf1a742b,LanguageGuide/TheBasics.xhtml,LanguageGuide/TheBasics.xhtml#Tuples,1,swift.tuples.creation|swift.tuples.decomposition|swift.tuples.ignore-elements|swift.tuples.indexed-access|swift.tuples.named-elements|swift.tuples.simple-modeling,mapped-to-canonical-lessons,pending-editorial-validation,pending-swift-6.4-toolchain,"let http200Status = (statusCode: 200, description: ""OK"")"
eb2010fe8a29f5a906821043774c6b94c0711885d73dfdeeed35f0380a96bacb,LanguageGuide/TheBasics.xhtml,LanguageGuide/TheBasics.xhtml#Tuples,1,swift.tuples.creation|swift.tuples.decomposition|swift.tuples.ignore-elements|swift.tuples.indexed-access|swift.tuples.named-elements|swift.tuples.simple-modeling,mapped-to-canonical-lessons,pending-editorial-validation,pending-swift-6.4-toolchain,"print(""The status code is \(http404Error.0)"")
// Prints ""The status code is 404"".
print(""The status message is \(http404"
f49ecd0e99a2ef4000f8636aab9ea3f40e76cfccc7bab6307a03c4ccff5a38aa,LanguageGuide/TheBasics.xhtml,LanguageGuide/TheBasics.xhtml#Tuples,1,swift.tuples.creation|swift.tuples.decomposition|swift.tuples.ignore-elements|swift.tuples.indexed-access|swift.tuples.named-elements|swift.tuples.simple-modeling,mapped-to-canonical-lessons,pending-editorial-validation,pending-swift-6.4-toolchain,"let http404Error = (404, ""Not Found"")
// http404Error is of type (Int, String), and equals (404, ""Not Found"")"
5afb743b6a9b102848bf562d7737dff30d98e64bc33fb6c6344b1b1fabbb5219,LanguageGuide/TheBasics.xhtml,LanguageGuide/TheBasics.xhtml#Type-Aliases,1,swift.types.alias,mapped-to-canonical-lessons,pending-editorial-validation,pending-swift-6.4-toolchain,typealias AudioSample = UInt16
f5f272226bb5aca5569d6a55625d320691f8a6361fd794a887d596c3158be5e3,LanguageGuide/TheBasics.xhtml,LanguageGuide/TheBasics.xhtml#Type-Aliases,1,swift.types.alias,mapped-to-canonical-lessons,pending-editorial-validation,pending-swift-6.4-toolchain,"var maxAmplitudeFound = AudioSample.min
// maxAmplitudeFound is now 0"
93cee85c36ed1f158439eaaee0a4f22564da54dc183d1afe80fa548edd352965,LanguageGuide/TheBasics.xhtml,LanguageGuide/TheBasics.xhtml#Type-Annotations,1,swift.bindings.type-annotations,mapped-to-canonical-lessons,pending-editorial-validation,pending-swift-6.4-toolchain,var welcomeMessage: String
9bc1c5a94dcecae4c2186adf714ad5e1047dd8492bf1d04d8cc514a6103de7ba,LanguageGuide/TheBasics.xhtml,LanguageGuide/TheBasics.xhtml#Type-Annotations,1,swift.bindings.type-annotations,mapped-to-canonical-lessons,pending-editorial-validation,pending-swift-6.4-toolchain,"var red, green, blue: Double"
d63496f4af56791c9a982ceb54c3deb8540b43a3c3ac327ac953599c9bf2ea2e,LanguageGuide/TheBasics.xhtml,LanguageGuide/TheBasics.xhtml#Type-Annotations,1,swift.bindings.type-annotations,mapped-to-canonical-lessons,pending-editorial-validation,pending-swift-6.4-toolchain,"welcomeMessage = ""Hello"""
21ff4e46ba79562e5283be790f080d8ccb9c2b9ac81f4d4d26514cab0117c4da,LanguageGuide/TheBasics.xhtml,LanguageGuide/TheBasics.xhtml#Type-Safety-and-Type-Inference,1,swift.types.inference|swift.types.safety,mapped-to-canonical-lessons,pending-editorial-validation,pending-swift-6.4-toolchain,"let anotherPi = 3 + 0.14159
// anotherPi is also inferred to be of type Double"
3042f45d223bc10faa9c9b4a7750c645f7d675e437aeab2db03ac8a2aba4ecd0,LanguageGuide/TheBasics.xhtml,LanguageGuide/TheBasics.xhtml#Type-Safety-and-Type-Inference,1,swift.types.inference|swift.types.safety,mapped-to-canonical-lessons,pending-editorial-validation,pending-swift-6.4-toolchain,"let meaningOfLife = 42
// meaningOfLife is inferred to be of type Int"
fc79f008e9132138f828d87d7e12a724b75c0c2c4d77423782cee352faa84791,LanguageGuide/TheBasics.xhtml,LanguageGuide/TheBasics.xhtml#Type-Safety-and-Type-Inference,1,swift.types.inference|swift.types.safety,mapped-to-canonical-lessons,pending-editorial-validation,pending-swift-6.4-toolchain,"let pi = 3.14159
// pi is inferred to be of type Double"
1a72433f7b4f32d27007448187ae2e58c08aa3508625e01320910b6a134e38c1,LanguageGuide/TheBasics.xhtml,LanguageGuide/TheBasics.xhtml#nil,1,swift.optionals.nil|swift.optionals.nil-check,mapped-to-canonical-lessons,pending-editorial-validation,pending-swift-6.4-toolchain,"var surveyAnswer: String?
// surveyAnswer is automatically set to nil"
5bc7ca6ac28049f35c17ed579892613bb477618c3f4497141dfe51584b62adea,LanguageGuide/TheBasics.xhtml,LanguageGuide/TheBasics.xhtml#nil,1,swift.optionals.nil|swift.optionals.nil-check,mapped-to-canonical-lessons,pending-editorial-validation,pending-swift-6.4-toolchain,"let possibleNumber = ""123""
let convertedNumber = Int(possibleNumber)

if convertedNumber != nil {
print(""convertedNumber"
6408c9a7de7d07dfbb2be307612d8ca30e0d3722bce56f31c8f59d2a951af611,LanguageGuide/TheBasics.xhtml,LanguageGuide/TheBasics.xhtml#nil,1,swift.optionals.nil|swift.optionals.nil-check,mapped-to-canonical-lessons,pending-editorial-validation,pending-swift-6.4-toolchain,"var serverResponseCode: Int? = 404
// serverResponseCode contains an actual Int value of 404
serverResponseCode = nil
//"
e213939b8431ede6ac28462b4965ef498401f0d894f334afab1fa3faf7c4e126,LanguageGuide/TypeCasting.xhtml,LanguageGuide/TypeCasting.xhtml#Checking-Type,1,swift.casting.is,mapped-to-canonical-lessons,pending-editorial-validation,pending-swift-6.4-toolchain,"var movieCount = 0
var songCount = 0

for item in library {
if item is Movie {
movieCount += 1
} else if item is Song {
"
ad940a69a9da86fe84b70c5843088a9b1b3de3e389f5c8189d990d7872ded280,LanguageGuide/TypeCasting.xhtml,LanguageGuide/TypeCasting.xhtml#Defining-a-Class-Hierarchy-for-Type-Casting,1,swift.casting.hierarchy,mapped-to-canonical-lessons,pending-editorial-validation,pending-swift-6.4-toolchain,"class MediaItem {
var name: String
init(name: String) {
self.name = name
}
}"
cc5dc07a58a5191f9ec5eaf1e5fa0f52491e6d3435a73c3bc670ca7ea27f680a,LanguageGuide/TypeCasting.xhtml,LanguageGuide/TypeCasting.xhtml#Defining-a-Class-Hierarchy-for-Type-Casting,1,swift.casting.hierarchy,mapped-to-canonical-lessons,pending-editorial-validation,pending-swift-6.4-toolchain,"let library = [
Movie(name: ""Casablanca"", director: ""Michael Curtiz""),
Song(name: ""Blue Suede Shoes"", artist: ""Elvis Pre"
db8923a1e7c84ea93e0a1e4f41b6dc3579f408ad3acd410cc6067ed8bb864897,LanguageGuide/TypeCasting.xhtml,LanguageGuide/TypeCasting.xhtml#Defining-a-Class-Hierarchy-for-Type-Casting,1,swift.casting.hierarchy,mapped-to-canonical-lessons,pending-editorial-validation,pending-swift-6.4-toolchain,"class Movie: MediaItem {
var director: String
init(name: String, director: String) {
self.director = director
super.init"
0668df273318b311134c6c1cd71405343552a47ebe496fc6a3950c4ffd0db5fc,LanguageGuide/TypeCasting.xhtml,LanguageGuide/TypeCasting.xhtml#Downcasting,1,swift.casting.safe-downcast,mapped-to-canonical-lessons,pending-editorial-validation,pending-swift-6.4-toolchain,"for item in library {
if let movie = item as? Movie {
print(""Movie: \(movie.name), dir. \(movie.director)"")
} else if le"
06318aed356b44541ccc75688bc90af71587690e018aa11dc30ae0c66963e1f9,LanguageGuide/TypeCasting.xhtml,LanguageGuide/TypeCasting.xhtml#Type-Casting-for-Any-and-AnyObject,1,swift.casting.any,mapped-to-canonical-lessons,pending-editorial-validation,pending-swift-6.4-toolchain,"let optionalNumber: Int? = 3
things.append(optionalNumber) // Warning
things.append(optionalNumber as Any) // No warning"
38e45fa06d301673ffa09ba1bec853bbf70eefdb45f64824d53672f9f0d9dae0,LanguageGuide/TypeCasting.xhtml,LanguageGuide/TypeCasting.xhtml#Type-Casting-for-Any-and-AnyObject,1,swift.casting.any,mapped-to-canonical-lessons,pending-editorial-validation,pending-swift-6.4-toolchain,"var things: [Any] = []

things.append(0)
things.append(0.0)
things.append(42)
things.append(3.14159)
things.append(""hell"
e8b74fd93bbdd59b682b5f9ca97a0eb98c5e7222b4c14d72a7cc932276e3adc2,LanguageGuide/TypeCasting.xhtml,LanguageGuide/TypeCasting.xhtml#Type-Casting-for-Any-and-AnyObject,1,swift.casting.any,mapped-to-canonical-lessons,pending-editorial-validation,pending-swift-6.4-toolchain,"for thing in things {
switch thing {
case 0 as Int:
print(""zero as an Int"")
case 0 as Double:
print(""zero as a Double"")
"
b54eaa9164feb64e4746450302f63a471ab171569bc79da8f0fda18e3dddba1a,ReferenceManual/Attributes.xhtml,ReferenceManual/Attributes.xhtml#NSApplicationMain,1,swift.attributes.main,mapped-to-canonical-lessons,pending-editorial-validation,pending-swift-6.4-toolchain,"import AppKit
NSApplicationMain(CommandLine.argc, CommandLine.unsafeArgv)"
1dbf09de096600258c60d64f0a35b396dd5b75ed63f7cb2ecaaf663ec04ef84c,ReferenceManual/Attributes.xhtml,ReferenceManual/Attributes.xhtml#Result-Building-Methods,1,swift.builders.build-block,mapped-to-canonical-lessons,pending-editorial-validation,pending-swift-6.4-toolchain,"@resultBuilder
struct ArrayBuilder {
typealias Component = [Int]
typealias Expression = Int
static func buildExpression("
2852fae0907557bc4016abbfd10c39ffcba0510e29ca3873fa58576cd9b7b7cf,ReferenceManual/Attributes.xhtml,ReferenceManual/Attributes.xhtml#Result-Transformations,1,swift.builders.build-block|swift.builders.parameter,mapped-to-canonical-lessons,pending-editorial-validation,pending-swift-6.4-toolchain,"struct DrawBoth<First: Drawable, Second: Drawable>: Drawable {
var first: First
var second: Second
func draw() -> String"
358bb431657ade1335ef7e0d6883373af5ddf59ee5f419fcbc368a885409f8ba,ReferenceManual/Attributes.xhtml,ReferenceManual/Attributes.xhtml#Result-Transformations,1,swift.builders.build-block|swift.builders.parameter,mapped-to-canonical-lessons,pending-editorial-validation,pending-swift-6.4-toolchain,"struct AnyDrawable: Drawable {
var content: Drawable
func draw() -> String { return content.draw() }
}
extension Drawing"
4a5c4b4f470c49058915d8935333ff7d543371dac8dcbbc78baccda7e9a9aec3,ReferenceManual/Attributes.xhtml,ReferenceManual/Attributes.xhtml#Result-Transformations,1,swift.builders.build-block|swift.builders.parameter,mapped-to-canonical-lessons,pending-editorial-validation,pending-swift-6.4-toolchain,"@available(macOS 99, *)
struct FutureText: Drawable {
var content: String
init(_ content: String) { self.content = conte"
93469fac36ea4894f1ba0369a7236fdebffa902062581c052c84c845572492b8,ReferenceManual/Attributes.xhtml,ReferenceManual/Attributes.xhtml#Result-Transformations,1,swift.builders.build-block|swift.builders.parameter,mapped-to-canonical-lessons,pending-editorial-validation,pending-swift-6.4-toolchain,"protocol Drawable {
func draw() -> String
}
struct Text: Drawable {
var content: String
init(_ content: String) { self.c"
b2e655b535a4148f5b1aaf84fdeccfa848c80410adeb3dba0b52197b51e82579,ReferenceManual/Attributes.xhtml,ReferenceManual/Attributes.xhtml#Result-Transformations,1,swift.builders.build-block|swift.builders.parameter,mapped-to-canonical-lessons,pending-editorial-validation,pending-swift-6.4-toolchain,"var partialResult: [Int]? = nil
if (someNumber % 2) == 1 {
partialResult = ArrayBuilder.buildExpression(20)
}
var manual"
baecda36cd1619c68b78c0836888c432e754efe1ff612169735411b1cc58198f,ReferenceManual/Attributes.xhtml,ReferenceManual/Attributes.xhtml#Result-Transformations,1,swift.builders.build-block|swift.builders.parameter,mapped-to-canonical-lessons,pending-editorial-validation,pending-swift-6.4-toolchain,"}

var temporary: [[Int]] = []
for i in 5...7 {
let partialResult = ArrayBuilder.buildExpression(100 + i)
temporary.appe"
dca80ddd3ee4cc352951db4f4d0045f7d062e5440e6e11738c3aaa6568d864cb,ReferenceManual/Attributes.xhtml,ReferenceManual/Attributes.xhtml#Result-Transformations,1,swift.builders.build-block|swift.builders.parameter,mapped-to-canonical-lessons,pending-editorial-validation,pending-swift-6.4-toolchain,"var manualBlock = ArrayBuilder.buildBlock(
ArrayBuilder.buildExpression(100),
ArrayBuilder.buildExpression(200),
ArrayBu"
e48828a90315519b498d766f9d63bfcdc0b69eddbf4df92a2ddcfbf1b2eea4e4,ReferenceManual/Attributes.xhtml,ReferenceManual/Attributes.xhtml#Result-Transformations,1,swift.builders.build-block|swift.builders.parameter,mapped-to-canonical-lessons,pending-editorial-validation,pending-swift-6.4-toolchain,"let someNumber = 19
}

var manualConditional: [Int]
if someNumber < 12 {
let partialResult = ArrayBuilder.buildExpressio"
ec266c24c54f4428d8aca23d7f1ef184033e1c7ff415039c263d2a352ce0cc82,ReferenceManual/Attributes.xhtml,ReferenceManual/Attributes.xhtml#Result-Transformations,1,swift.builders.build-block|swift.builders.parameter,mapped-to-canonical-lessons,pending-editorial-validation,pending-swift-6.4-toolchain,"@ArrayBuilder var builderNumber: [Int] { 10 }
var manualNumber = ArrayBuilder.buildExpression(10)"
88241058b9f5ff54315a0fe2a5ac34b3ec246a1b0133ed663425f56f603d8764,ReferenceManual/Attributes.xhtml,ReferenceManual/Attributes.xhtml#attributes,1,swift.attributes.available,mapped-to-canonical-lessons,pending-editorial-validation,pending-swift-6.4-toolchain,"@attribute name
@attribute name(attribute arguments)"
16b389854ae1c28a21aa2601c59198d9d1d4ceda3817b62e737164e5b53f7431,ReferenceManual/Attributes.xhtml,ReferenceManual/Attributes.xhtml#available,1,swift.attributes.available,mapped-to-canonical-lessons,pending-editorial-validation,pending-swift-6.4-toolchain,"@available(platform name version number, *)
@available(swift version number)"
17f950fa9aa1fcde5c842238b026b8477a7475444c0e8ce59df45abbc215af7b,ReferenceManual/Attributes.xhtml,ReferenceManual/Attributes.xhtml#available,1,swift.attributes.available,mapped-to-canonical-lessons,pending-editorial-validation,pending-swift-6.4-toolchain,"// First release
protocol MyProtocol {
// protocol definition
}"
1f4883aa488f76cc74f7b1b8c049d40475010b79951f454dadd7f67b4d2be747,ReferenceManual/Attributes.xhtml,ReferenceManual/Attributes.xhtml#available,1,swift.attributes.available,mapped-to-canonical-lessons,pending-editorial-validation,pending-swift-6.4-toolchain,"@available(*, noasync, message: ""Migrate locks to Swift concurrency."")
mutating func lock() {
pthread_mutex_lock(&self)
"
2394bc23bd8463c6e3b0facd43e5fb09b7c66e12889807e0a7d235e4d9897df9,ReferenceManual/Attributes.xhtml,ReferenceManual/Attributes.xhtml#available,1,swift.attributes.available,mapped-to-canonical-lessons,pending-editorial-validation,pending-swift-6.4-toolchain,"@available(iOS 10.0, macOS 10.12, *)
class MyClass {
// class definition
}"
3b4f709d7a47755ef367caf8327cd1b9383bfdc7947d4b2886f53b46a31b90fe,ReferenceManual/Attributes.xhtml,ReferenceManual/Attributes.xhtml#available,1,swift.attributes.available,mapped-to-canonical-lessons,pending-editorial-validation,pending-swift-6.4-toolchain,"// Subsequent release renames MyProtocol
protocol MyRenamedProtocol {
// protocol definition
}

@available(*, unavailabl"
45019b43f5c10c20df421f13ce0efb45867fdc029431c2cf2e8f9b88fde5e310,ReferenceManual/Attributes.xhtml,ReferenceManual/Attributes.xhtml#available,1,swift.attributes.available,mapped-to-canonical-lessons,pending-editorial-validation,pending-swift-6.4-toolchain,renamed: new name
7c85bed6cfc5ec0c3c9b89c22f1d2509be180ebb6831316d2054d808fad99661,ReferenceManual/Attributes.xhtml,ReferenceManual/Attributes.xhtml#available,1,swift.attributes.available,mapped-to-canonical-lessons,pending-editorial-validation,pending-swift-6.4-toolchain,introduced: version number
873bbecb6aea2809226ca8f81400dec2e513dcf86c7475c41c60d7a7272e66e3,ReferenceManual/Attributes.xhtml,ReferenceManual/Attributes.xhtml#available,1,swift.attributes.available,mapped-to-canonical-lessons,pending-editorial-validation,pending-swift-6.4-toolchain,"// Provide a synchronous wrapper around methods with a noasync declaration.
extension pthread_mutex_t {
mutating func wi"
9398ae7168904ee51a39ef6c16f6d3f76bd4a79d46de4d93cf21a87b412b7221,ReferenceManual/Attributes.xhtml,ReferenceManual/Attributes.xhtml#available,1,swift.attributes.available,mapped-to-canonical-lessons,pending-editorial-validation,pending-swift-6.4-toolchain,obsoleted: version number
a72b904396dc38df4a73a9b9ed9988613602bda811537654ef3812d0eeb5dd63,ReferenceManual/Attributes.xhtml,ReferenceManual/Attributes.xhtml#available,1,swift.attributes.available,mapped-to-canonical-lessons,pending-editorial-validation,pending-swift-6.4-toolchain,message: message
a800b10d47b4c266acd3b091667c45c5c4a816471ddf3ccd7110fc94539807b2,ReferenceManual/Attributes.xhtml,ReferenceManual/Attributes.xhtml#available,1,swift.attributes.available,mapped-to-canonical-lessons,pending-editorial-validation,pending-swift-6.4-toolchain,"extension pthread_mutex_t {

@available(*, noasync)
mutating func lock() {
pthread_mutex_lock(&self)
}

@available(*, no"
b4d24033243103bba41cd5be37ce5bb41d9b556ecb9541c63d4b57883de28e8f,ReferenceManual/Attributes.xhtml,ReferenceManual/Attributes.xhtml#available,1,swift.attributes.available,mapped-to-canonical-lessons,pending-editorial-validation,pending-swift-6.4-toolchain,"@available(swift 3.0.2)
@available(macOS 10.12, *)
struct MyStruct {
// struct definition
}"
d6cbd3b71df5d3ade488d53433b396f38582bf7cf757f30863469ed8dc80d14f,ReferenceManual/Attributes.xhtml,ReferenceManual/Attributes.xhtml#available,1,swift.attributes.available,mapped-to-canonical-lessons,pending-editorial-validation,pending-swift-6.4-toolchain,deprecated: version number
84d8be0cdb91af46efed6c86ae44604def8d20c773c2baada48fc475127a1150,ReferenceManual/Attributes.xhtml,ReferenceManual/Attributes.xhtml#backDeployed,1,swift.attributes.back-deployed,mapped-to-canonical-lessons,pending-editorial-validation,pending-swift-6.4-toolchain,"@available(iOS 16, *)
@backDeployed(before: iOS 17)
func someFunction() { /* ... */ }"
1cdaa072070318422066bb423288dfb8fe978c5947dc95be2dc3f7c4bbf122e7,ReferenceManual/Attributes.xhtml,ReferenceManual/Attributes.xhtml#dynamicCallable,1,swift.attributes.dynamic-callable,mapped-to-canonical-lessons,pending-editorial-validation,pending-swift-6.4-toolchain,"repeatLabels(a: ""four"") // Error"
5327b90d6c2db43cdba3208e712b289817a765fbaa126928121f591dda9ede60,ReferenceManual/Attributes.xhtml,ReferenceManual/Attributes.xhtml#dynamicCallable,1,swift.attributes.dynamic-callable,mapped-to-canonical-lessons,pending-editorial-validation,pending-swift-6.4-toolchain,"@dynamicCallable
struct TelephoneExchange {
func dynamicallyCall(withArguments phoneNumber: [Int]) {
if phoneNumber == ["
5e7a3856f304fe16809183fede247ef517aab08b56bd98182e65ba7736a1eae0,ReferenceManual/Attributes.xhtml,ReferenceManual/Attributes.xhtml#dynamicCallable,1,swift.attributes.dynamic-callable,mapped-to-canonical-lessons,pending-editorial-validation,pending-swift-6.4-toolchain,"@dynamicCallable
struct Repeater {
func dynamicallyCall(withKeywordArguments pairs: KeyValuePairs<String, Int>) -> Strin"
41ccb040f09d275048716ac8f8571ae94e66ecc203c34f669f402f806d0d5284,ReferenceManual/Attributes.xhtml,ReferenceManual/Attributes.xhtml#dynamicMemberLookup,1,swift.attributes.dynamic-member,mapped-to-canonical-lessons,pending-editorial-validation,pending-swift-6.4-toolchain,"@dynamicMemberLookup
struct DynamicStruct {
let dictionary = [""someDynamicMember"": 325,
""someOtherMember"": 787]
subscrip"
65fd7a833b36e17874b8f8ff2cb5cf2a3222a19e8280387ff4e8cef3e851e804,ReferenceManual/Attributes.xhtml,ReferenceManual/Attributes.xhtml#dynamicMemberLookup,1,swift.attributes.dynamic-member,mapped-to-canonical-lessons,pending-editorial-validation,pending-swift-6.4-toolchain,"struct Point { var x, y: Int }

@dynamicMemberLookup
struct PassthroughWrapper<Value> {
var value: Value
subscript<T>(dy"
975aac72f66da741665399f610b5bc71a1e944fe3914e036fe14466f146104a2,ReferenceManual/Attributes.xhtml,ReferenceManual/Attributes.xhtml#main,1,swift.attributes.main,mapped-to-canonical-lessons,pending-editorial-validation,pending-swift-6.4-toolchain,"@main
struct MyTopLevel {
static func main() {
// Top-level code goes here
}
}"
c42b9fc1cd1bc4918fea5a8402a1aff703d2f4945ffe45396d22570862aaf4f7,ReferenceManual/Attributes.xhtml,ReferenceManual/Attributes.xhtml#main,1,swift.attributes.main,mapped-to-canonical-lessons,pending-editorial-validation,pending-swift-6.4-toolchain,"protocol ProvidesMain {
static func main() throws
}"
d5440a87e0d75af68b34a75d3e070e701adac779d0c9eb9df21f02b17477e321,ReferenceManual/Attributes.xhtml,ReferenceManual/Attributes.xhtml#objc,1,swift.attributes.objc-control,mapped-to-canonical-lessons,pending-editorial-validation,pending-swift-6.4-toolchain,"class ExampleClass: NSObject {
}
}"
27d75adfebd1ac5e900a26580a2c30c04649fd0546b75bdef4ede5821336719c,ReferenceManual/Attributes.xhtml,ReferenceManual/Attributes.xhtml#propertyWrapper,1,swift.properties.wrapper,mapped-to-canonical-lessons,pending-editorial-validation,pending-swift-6.4-toolchain,"@propertyWrapper
struct WrapperWithProjection {
var wrappedValue: Int
var projectedValue: SomeProjection {
return SomePr"
47221505bd1e6ad320c30f07d026439cf7f5645879b2c97718355fe61eda912b,ReferenceManual/Attributes.xhtml,ReferenceManual/Attributes.xhtml#propertyWrapper,1,swift.properties.wrapper,mapped-to-canonical-lessons,pending-editorial-validation,pending-swift-6.4-toolchain,"@propertyWrapper
struct SomeWrapper {
var wrappedValue: Int
var someValue: Double
init() {
self.wrappedValue = 100
self."
fcaaf2b020246cb4dfe154c39a5173b670763b553c585c9218fc6bf8d850741b,ReferenceManual/Declarations.xhtml,ReferenceManual/Declarations.xhtml#Actor-Declaration,1,swift.concurrency.actor,mapped-to-canonical-lessons,pending-editorial-validation,pending-swift-6.4-toolchain,"actor actor name: adopted protocols {
declarations
}"
f5f3019f2c326c64e115418bdcf7506c63d4e19ec83982b5f1507cd6226b6b94,ReferenceManual/Declarations.xhtml,ReferenceManual/Declarations.xhtml#Asynchronous-Functions-and-Methods,1,swift.concurrency.async-function,mapped-to-canonical-lessons,pending-editorial-validation,pending-swift-6.4-toolchain,"func function name(parameters) async -> return type {
statements
}"
13a8a273fe84e4a1b963f5ab0634a724fd442623b970d5d5cd22558f90e5a8d1,ReferenceManual/Declarations.xhtml,ReferenceManual/Declarations.xhtml#Borrowing-and-Consuming-Parameters,1,swift.ownership.borrowing|swift.ownership.consuming,mapped-to-canonical-lessons,pending-editorial-validation,pending-swift-6.4-toolchain,"func someFunction(a: borrowing A, b: consuming B) { ... }

someFunction(a: someA, b: someB)"
4fcce7b4b24c649321590961d3875d909680e71c6d21a3d2b6f52fe15b25193a,ReferenceManual/Declarations.xhtml,ReferenceManual/Declarations.xhtml#Borrowing-and-Consuming-Parameters,1,swift.ownership.borrowing|swift.ownership.consuming,mapped-to-canonical-lessons,pending-editorial-validation,pending-swift-6.4-toolchain,"// Usually, this is the last thing you do with a value
store(a: value)"
79773d582d1de1e18dfacc870791743724e60d4f86b060ba59bb497c1863ffdc,ReferenceManual/Declarations.xhtml,ReferenceManual/Declarations.xhtml#Borrowing-and-Consuming-Parameters,1,swift.ownership.borrowing|swift.ownership.consuming,mapped-to-canonical-lessons,pending-editorial-validation,pending-swift-6.4-toolchain,"// As above, but this `isLessThan` also wants to record the smallest value
func isLessThan(lhs: borrowing A, rhs: borrow"
a1d1be1b334e9831524b87fe98c97c7f054f61912b4d39be09ea2c8de4384423,ReferenceManual/Declarations.xhtml,ReferenceManual/Declarations.xhtml#Borrowing-and-Consuming-Parameters,1,swift.ownership.borrowing|swift.ownership.consuming,mapped-to-canonical-lessons,pending-editorial-validation,pending-swift-6.4-toolchain,"// The compiler inserts an implicit copy here
store(a: someValue) // This function consumes someValue
print(someValue) /"
a712f4bdb5e32e8d102f27337838f574fc0fbc8740b02ab8bd58758e8c5e4dd6,ReferenceManual/Declarations.xhtml,ReferenceManual/Declarations.xhtml#Borrowing-and-Consuming-Parameters,1,swift.ownership.borrowing|swift.ownership.consuming,mapped-to-canonical-lessons,pending-editorial-validation,pending-swift-6.4-toolchain,"// `isLessThan` does not keep either argument
func isLessThan(lhs: borrowing A, rhs: borrowing A) -> Bool {
...
}"
a8721b0058b3dc6082b1dab7911736851e321c0e708967ffc70f36008daaa6f1,ReferenceManual/Declarations.xhtml,ReferenceManual/Declarations.xhtml#Borrowing-and-Consuming-Parameters,1,swift.ownership.borrowing|swift.ownership.consuming,mapped-to-canonical-lessons,pending-editorial-validation,pending-swift-6.4-toolchain,"func borrowingFunction1(a: borrowing A) {
// Error: Cannot implicitly copy a
// This assignment requires a copy because
"
e262b0a72266d6617cb4292b59988a4054fca4377d8f9901f414065a8cce31a2,ReferenceManual/Declarations.xhtml,ReferenceManual/Declarations.xhtml#Borrowing-and-Consuming-Parameters,1,swift.ownership.borrowing|swift.ownership.consuming,mapped-to-canonical-lessons,pending-editorial-validation,pending-swift-6.4-toolchain,"// `store` keeps its argument, so mark it `consuming`
func store(a: consuming A) {
someGlobalVariable = a
}"
98fe7a8f871e2bf21e729eb8df37d7dad8696c53518682b3c4c228dfe9187ca8,ReferenceManual/Declarations.xhtml,ReferenceManual/Declarations.xhtml#Class-Declaration,1,swift.types.class-definition,mapped-to-canonical-lessons,pending-editorial-validation,pending-swift-6.4-toolchain,"class class name: superclass, adopted protocols {
declarations
}"
6c7a479e3426bca2baafb639ef20a68428ca82488b384edb3c9be4cd68c7df3e,ReferenceManual/Declarations.xhtml,ReferenceManual/Declarations.xhtml#Code-Blocks,1,swift.conditionals.if-else,mapped-to-canonical-lessons,pending-editorial-validation,pending-swift-6.4-toolchain,"{
statements
}"
6e55052c35e550a97a907672e0a6c1eb755ed41fad6330ecad88984c7d92f8b8,ReferenceManual/Declarations.xhtml,ReferenceManual/Declarations.xhtml#Computed-Variables-and-Computed-Properties,1,swift.properties.computed,mapped-to-canonical-lessons,pending-editorial-validation,pending-swift-6.4-toolchain,"var variable name: type {
get {
statements
}
set(setter name) {
statements
}
}"
6dee1b7b3f5cfb6773df0578e77b59376ec2081c7a8ac6dc380e337178533cd7,ReferenceManual/Declarations.xhtml,ReferenceManual/Declarations.xhtml#Constant-Declaration,1,swift.bindings.constants,mapped-to-canonical-lessons,pending-editorial-validation,pending-swift-6.4-toolchain,let constant name: type = expression
b6596fcf918a97bea58f10066008c047efe0534e68623289734c360c823cd3d9,ReferenceManual/Declarations.xhtml,ReferenceManual/Declarations.xhtml#Constant-Declaration,1,swift.bindings.constants,mapped-to-canonical-lessons,pending-editorial-validation,pending-swift-6.4-toolchain,"let (firstNumber, secondNumber) = (10, 42)"
e499390a458f64530bac540d29fc6115fc01949b91ce27c7126b2c8b8321f802,ReferenceManual/Declarations.xhtml,ReferenceManual/Declarations.xhtml#Constant-Declaration,1,swift.bindings.constants,mapped-to-canonical-lessons,pending-editorial-validation,pending-swift-6.4-toolchain,"print(""The first number is \(firstNumber)."")
// Prints ""The first number is 10.""
print(""The second number is \(secondNum"
ae847f8d5347c0ebf7a959505a7103377a4b386b62cd0c4ded67a250b18f3b47,ReferenceManual/Declarations.xhtml,ReferenceManual/Declarations.xhtml#Deinitializer-Declaration,1,swift.deinitialization.syntax,mapped-to-canonical-lessons,pending-editorial-validation,pending-swift-6.4-toolchain,"deinit {
statements
}"
b0a263695fca2fece1ee3d030fc684c36994ca2adf20c3a054ecac066e331feb,ReferenceManual/Declarations.xhtml,ReferenceManual/Declarations.xhtml#Enumerations-with-Cases-of-Any-Type,1,swift.enums.associated-values,mapped-to-canonical-lessons,pending-editorial-validation,pending-swift-6.4-toolchain,"enum Number {
case integer(Int)
case real(Double)
}
let f = Number.integer
// f is a function of type (Int) -> Number

/"
eff2125774fe8dade3e9121f0a055e6732be5d3fbdc862065c294b8fb6429602,ReferenceManual/Declarations.xhtml,ReferenceManual/Declarations.xhtml#Enumerations-with-Cases-of-Any-Type,1,swift.enums.associated-values,mapped-to-canonical-lessons,pending-editorial-validation,pending-swift-6.4-toolchain,"enum enumeration name: adopted protocols {
case enumeration case 1
case enumeration case 2(associated value types)
}"
27fd23780fad27429b224952641dac8cf5fe71f82282c741eac7cdf2a3761bf6,ReferenceManual/Declarations.xhtml,ReferenceManual/Declarations.xhtml#Enumerations-with-Cases-of-a-Raw-Value-Type,1,swift.enums.raw-character,mapped-to-canonical-lessons,pending-editorial-validation,pending-swift-6.4-toolchain,"enum ExampleEnum: Int {
case a, b, c = 5, d
}"
34e2bd5a6f71207c3828d7be3bb606e1f831a15ed6c866d51ee43c00aa8833fa,ReferenceManual/Declarations.xhtml,ReferenceManual/Declarations.xhtml#Enumerations-with-Cases-of-a-Raw-Value-Type,1,swift.enums.raw-character,mapped-to-canonical-lessons,pending-editorial-validation,pending-swift-6.4-toolchain,"enum enumeration name: raw-value type, adopted protocols {
case enumeration case 1 = raw value 1
case enumeration case 2"
61eab896c6093fc5d443a2ced213a2f58a6321c918036fe624da05c8531272c0,ReferenceManual/Declarations.xhtml,ReferenceManual/Declarations.xhtml#Enumerations-with-Cases-of-a-Raw-Value-Type,1,swift.enums.raw-character,mapped-to-canonical-lessons,pending-editorial-validation,pending-swift-6.4-toolchain,"enum GamePlayMode: String {
case cooperative, individual, competitive
}"
d6fcc7fd148d2e6da7373043b83a4c6c5269a11f5d801c4a26fbea271b9171d9,ReferenceManual/Declarations.xhtml,ReferenceManual/Declarations.xhtml#Enumerations-with-Indirection,1,swift.enums.recursive-indirect,mapped-to-canonical-lessons,pending-editorial-validation,pending-swift-6.4-toolchain,"enum Tree<T> {
case empty
indirect case node(value: T, left: Tree, right: Tree)
}"
4cd748cdf933e53fa66a54e28e03c12840c70842bd0ef0a5402645688558dcfa,ReferenceManual/Declarations.xhtml,ReferenceManual/Declarations.xhtml#Extension-Declaration,1,swift.extensions.syntax,mapped-to-canonical-lessons,pending-editorial-validation,pending-swift-6.4-toolchain,"extension type name where requirements {
declarations
}"
79e76e164193086fa6b15fb061578b15c815a3dba39c1df966e70f8b614b3e82,ReferenceManual/Declarations.xhtml,ReferenceManual/Declarations.xhtml#Extension-Declaration,1,swift.extensions.syntax,mapped-to-canonical-lessons,pending-editorial-validation,pending-swift-6.4-toolchain,"extension type name: adopted protocols where requirements {
declarations
}"
be60908f6f848f8c931acc37bc669599832ed79cfe118bf5c57ada53674fec9f,ReferenceManual/Declarations.xhtml,ReferenceManual/Declarations.xhtml#Failable-Initializers,1,swift.initialization.failable,mapped-to-canonical-lessons,pending-editorial-validation,pending-swift-6.4-toolchain,"if let actualInstance = SomeStruct(input: ""Hello"") {
// do something with the instance of 'SomeStruct'
} else {
// initi"
df6798d8e626a7237783e0fe9821aa13ea86615ecca278963e63600a9cb857ca,ReferenceManual/Declarations.xhtml,ReferenceManual/Declarations.xhtml#Failable-Initializers,1,swift.initialization.failable,mapped-to-canonical-lessons,pending-editorial-validation,pending-swift-6.4-toolchain,"struct SomeStruct {
let property: String
// produces an optional instance of 'SomeStruct'
init?(input: String) {
if inpu"
d7b984d25d6ba6065d82df74bd050934d59670490ac782d97fbf1ca92124b725,ReferenceManual/Declarations.xhtml,ReferenceManual/Declarations.xhtml#Function-Declaration,1,swift.functions.define-call,mapped-to-canonical-lessons,pending-editorial-validation,pending-swift-6.4-toolchain,"func function name(parameters) {
statements
}"
fdfdf2582686deb5e55397ec88693f171835df7a93367e017d5af6c3c3e5729b,ReferenceManual/Declarations.xhtml,ReferenceManual/Declarations.xhtml#Function-Declaration,1,swift.functions.define-call,mapped-to-canonical-lessons,pending-editorial-validation,pending-swift-6.4-toolchain,"func function name(parameters) -> return type {
statements
}"
3f662b4b0ff49b4cc75e06baedd0644bb40aff8561e205bdf3e74c08567ea565,ReferenceManual/Declarations.xhtml,ReferenceManual/Declarations.xhtml#Import-Declaration,1,swift.declarations.import,mapped-to-canonical-lessons,pending-editorial-validation,pending-swift-6.4-toolchain,"import import kind module.symbol name
import module.submodule"
73ce7607c1f8f60e21c67e9cbbd0a90726c5bf0d6840725f13a21f82288ebe83,ReferenceManual/Declarations.xhtml,ReferenceManual/Declarations.xhtml#Import-Declaration,1,swift.declarations.import,mapped-to-canonical-lessons,pending-editorial-validation,pending-swift-6.4-toolchain,import module
3d3f53b2a4d25fbebbfc9f4c2e5e6d5f268203b9ab68fc6480cab771ab300042,ReferenceManual/Declarations.xhtml,ReferenceManual/Declarations.xhtml#In-Out-Parameters,1,swift.functions.inout-call|swift.functions.inout-parameter,mapped-to-canonical-lessons,pending-editorial-validation,pending-swift-6.4-toolchain,"func someFunction(a: inout Int) {
a += 1
}"
4d70711bab6814ee39a38dbcb7b30a9943e5d9996a20e62167572959e82e98f5,ReferenceManual/Declarations.xhtml,ReferenceManual/Declarations.xhtml#In-Out-Parameters,1,swift.functions.inout-call|swift.functions.inout-parameter,mapped-to-canonical-lessons,pending-editorial-validation,pending-swift-6.4-toolchain,"var someValue: Int
func someFunction(a: inout Int, b: inout Int) {
a += b
b += 1
}

// Error: Cannot pass the same value"
7de68df706e1092e55622403aaa9812659f4b4936920b6832853aa5a33368bc2,ReferenceManual/Declarations.xhtml,ReferenceManual/Declarations.xhtml#In-Out-Parameters,1,swift.functions.inout-call|swift.functions.inout-parameter,mapped-to-canonical-lessons,pending-editorial-validation,pending-swift-6.4-toolchain,"var someValue: Int
func someFunction(a: inout Int) {
a += someValue
}

// Error: This causes a runtime exclusivity viola"
9fad6e48bb4626ca232882971b5d23f414ff6018cb18d6c5ad752b7535d0eab2,ReferenceManual/Declarations.xhtml,ReferenceManual/Declarations.xhtml#In-Out-Parameters,1,swift.functions.inout-call|swift.functions.inout-parameter,mapped-to-canonical-lessons,pending-editorial-validation,pending-swift-6.4-toolchain,"func multithreadedFunction(queue: DispatchQueue, x: inout Int) {
// Make a local copy and manually copy it back.
var loc"
bd28540611451b0d116d1c2b70c42a2be1e8bb73b8da1937b694691a30f79280,ReferenceManual/Declarations.xhtml,ReferenceManual/Declarations.xhtml#In-Out-Parameters,1,swift.functions.inout-call|swift.functions.inout-parameter,mapped-to-canonical-lessons,pending-editorial-validation,pending-swift-6.4-toolchain,"var x = 7
someFunction(a: &x)
print(x) // Prints ""8"""
f72a21c3929cad1b935452694b1ed6c2fefb54582f513bee475fd3c9323d3120,ReferenceManual/Declarations.xhtml,ReferenceManual/Declarations.xhtml#In-Out-Parameters,1,swift.functions.inout-call|swift.functions.inout-parameter,mapped-to-canonical-lessons,pending-editorial-validation,pending-swift-6.4-toolchain,"func someFunction(a: inout Int) -> () -> Int {
return { [a] in return a + 1 }
}"
2a416591bffc734e7b73452449f431edc24ff93701a59484965bf1e6799220b6,ReferenceManual/Declarations.xhtml,ReferenceManual/Declarations.xhtml#Macro-Declaration,1,swift.macros.declaration,mapped-to-canonical-lessons,pending-editorial-validation,pending-swift-6.4-toolchain,macro name = macro implementation
379af51802e01ad1909915188accdd43fc2954347b83aa400c71b5bc2c5d2127,ReferenceManual/Declarations.xhtml,ReferenceManual/Declarations.xhtml#Methods-with-Special-Names,1,swift.methods.call-as-function,mapped-to-canonical-lessons,pending-editorial-validation,pending-swift-6.4-toolchain,"struct CallableStruct {
var value: Int
func callAsFunction(_ number: Int, scale: Int) {
print(scale * (number + value))
"
cdebf8a331986b9f808891673a5a5b3b5e263cd4bea963da54ce3373da0dd7b9,ReferenceManual/Declarations.xhtml,ReferenceManual/Declarations.xhtml#Methods-with-Special-Names,1,swift.methods.call-as-function,mapped-to-canonical-lessons,pending-editorial-validation,pending-swift-6.4-toolchain,"let someFunction1: (Int, Int) -> Void = callable(_:scale:) // Error
let someFunction2: (Int, Int) -> Void = callable.cal"
47356178632f0d18e45c90ee080a7fc16e64c583ced614b44f5c6774afabc46a,ReferenceManual/Declarations.xhtml,ReferenceManual/Declarations.xhtml#Operator-Declaration,1,swift.operators.custom,mapped-to-canonical-lessons,pending-editorial-validation,pending-swift-6.4-toolchain,postfix operator operator name
692b1e392606e571a883a0d1deeea7103dce24a1eeea76a25d29e89968af41a8,ReferenceManual/Declarations.xhtml,ReferenceManual/Declarations.xhtml#Operator-Declaration,1,swift.operators.custom,mapped-to-canonical-lessons,pending-editorial-validation,pending-swift-6.4-toolchain,prefix operator operator name
ed5e759cd5ab80f43479c33c9f929661f79dda7b890c11e107e545bc25550156,ReferenceManual/Declarations.xhtml,ReferenceManual/Declarations.xhtml#Operator-Declaration,1,swift.operators.custom,mapped-to-canonical-lessons,pending-editorial-validation,pending-swift-6.4-toolchain,infix operator operator name: precedence group
80860ebb028b1ecc950bb5a34416554f05ca9c21af9c31fbb7629fac5efdda7e,ReferenceManual/Declarations.xhtml,ReferenceManual/Declarations.xhtml#Overridden-Requirements-Arent-Used-in-Some-Generic-Contexts,1,swift.protocols.generic-static-dispatch,mapped-to-canonical-lessons,pending-editorial-validation,pending-swift-6.4-toolchain,"let oneAndTwo = Pair(first: ""one"", second: ""two"")
oneAndTwo.log()
// Prints ""Pair of 'String': (one, two)""."
a79a9682a239b5f66e0b5e1c6acc45950e3190071d4b8fe5f510325bead7318c,ReferenceManual/Declarations.xhtml,ReferenceManual/Declarations.xhtml#Overridden-Requirements-Arent-Used-in-Some-Generic-Contexts,1,swift.protocols.generic-static-dispatch,mapped-to-canonical-lessons,pending-editorial-validation,pending-swift-6.4-toolchain,"protocol Loggable {
func log()
}
extension Loggable {
func log() {
print(self)
}
}

protocol TitledLoggable: Loggable {
"
c24fddd0ad5a8ca90af07da2db9444efea2d83ef9b68fb13d6022f19d92d6708,ReferenceManual/Declarations.xhtml,ReferenceManual/Declarations.xhtml#Overridden-Requirements-Arent-Used-in-Some-Generic-Contexts,1,swift.protocols.generic-static-dispatch,mapped-to-canonical-lessons,pending-editorial-validation,pending-swift-6.4-toolchain,"func doSomething<T: Loggable>(with x: T) {
x.log()
}
doSomething(with: oneAndTwo)
// Prints ""(one, two)""."
71f9167b506513a78366d4aa7e65070e8691ef7870e954d2adac443fe2e2b8a5,ReferenceManual/Declarations.xhtml,ReferenceManual/Declarations.xhtml#Parameter-Modifiers,1,swift.functions.inout-parameter|swift.ownership.borrowing|swift.ownership.consuming,mapped-to-canonical-lessons,pending-editorial-validation,pending-swift-6.4-toolchain,argument label parameter name: parameter modifier parameter type
9f3a40b0ebe7127482459a31891cf00913251d773b06235819453a3bd0f7be96,ReferenceManual/Declarations.xhtml,ReferenceManual/Declarations.xhtml#Parameter-Modifiers,1,swift.functions.inout-parameter|swift.ownership.borrowing|swift.ownership.consuming,mapped-to-canonical-lessons,pending-editorial-validation,pending-swift-6.4-toolchain,"func someFunction(a: inout A, b: consuming B, c: C) { ... }"
577ee083be64263fb76cc0957b3839f51e7a1088e153175029c686561214878d,ReferenceManual/Declarations.xhtml,ReferenceManual/Declarations.xhtml#Parameter-Names,1,swift.functions.argument-label|swift.functions.omit-label,mapped-to-canonical-lessons,pending-editorial-validation,pending-swift-6.4-toolchain,"func repeatGreeting(_ greeting: String, count n: Int) { /* Greet n times */ }
repeatGreeting(""Hello, world!"", count: 2) "
5ed07a8b52e8a3255f9f4b7fcbb45ba36f6260ed4d4a226689f778db2cb33fb3,ReferenceManual/Declarations.xhtml,ReferenceManual/Declarations.xhtml#Parameter-Names,1,swift.functions.argument-label|swift.functions.omit-label,mapped-to-canonical-lessons,pending-editorial-validation,pending-swift-6.4-toolchain,"func f(x: Int, y: Int) -> Int { return x + y }
f(x: 1, y: 2) // both x and y are labeled"
8897b646f1e9ae5a12d412873d4a86f199eeb201d1885933ab34055b8f1fec49,ReferenceManual/Declarations.xhtml,ReferenceManual/Declarations.xhtml#Parameter-Names,1,swift.functions.argument-label|swift.functions.omit-label,mapped-to-canonical-lessons,pending-editorial-validation,pending-swift-6.4-toolchain,"argument label parameter name: parameter type
_ parameter name: parameter type"
fe0fcde8479961963c082cb639101b2dbb07014c936bf6c8d1a4346f9e678024,ReferenceManual/Declarations.xhtml,ReferenceManual/Declarations.xhtml#Parameter-Names,1,swift.functions.argument-label|swift.functions.omit-label,mapped-to-canonical-lessons,pending-editorial-validation,pending-swift-6.4-toolchain,parameter name: parameter type
b23a5f73c9f857bacfce6f9a7ec2c0a88a7bb39781aea9c677952cd6e2d56cc9,ReferenceManual/Declarations.xhtml,ReferenceManual/Declarations.xhtml#Precedence-Group-Declaration,1,swift.operators.precedence-group,mapped-to-canonical-lessons,pending-editorial-validation,pending-swift-6.4-toolchain,"precedencegroup precedence group name {
higherThan: lower group names
lowerThan: higher group names
associativity: assoc"
821233ee0877d97f7b7c4cb1f7e6d262fe6cc699c9d3d941190bd49b6434cd54,ReferenceManual/Declarations.xhtml,ReferenceManual/Declarations.xhtml#Protocol-Associated-Type-Declaration,1,swift.generics.associated-type,mapped-to-canonical-lessons,pending-editorial-validation,pending-swift-6.4-toolchain,"protocol SomeProtocol {
associatedtype SomeType
}

protocol SubProtocolA: SomeProtocol {
// This syntax produces a warni"
02faa52c97aeab7c0acfcff59f9f72a5eeadfe33683900cb5988b95abaa253be,ReferenceManual/Declarations.xhtml,ReferenceManual/Declarations.xhtml#Protocol-Declaration,1,swift.protocols.syntax,mapped-to-canonical-lessons,pending-editorial-validation,pending-swift-6.4-toolchain,"protocol protocol name: inherited protocols {
protocol member declarations
}"
1100b4ca86eefc71f965a69d7afc5ecd7a8d791cdfbeb2b43af5d0da25101ea9,ReferenceManual/Declarations.xhtml,ReferenceManual/Declarations.xhtml#Protocol-Declaration,1,swift.protocols.syntax,mapped-to-canonical-lessons,pending-editorial-validation,pending-swift-6.4-toolchain,"protocol SomeProtocol: AnyObject {
/* Protocol members go here */
}"
6cf2196100c621864f00f38c65cb391cd5c34c406b3a2fa177ecbba92b3452fe,ReferenceManual/Declarations.xhtml,ReferenceManual/Declarations.xhtml#Protocol-Declaration,1,swift.protocols.syntax,mapped-to-canonical-lessons,pending-editorial-validation,pending-swift-6.4-toolchain,"protocol SomeProtocol {
static var someValue: Self { get }
static func someFunction(x: Int) -> Self
}
enum MyEnum: SomeP"
4f21655b43509cedb65571a3fbfd11d4c6eeaf09863961d1faf402cd5fe234aa,ReferenceManual/Declarations.xhtml,ReferenceManual/Declarations.xhtml#Protocol-Property-Declaration,1,swift.protocols.property-requirement,mapped-to-canonical-lessons,pending-editorial-validation,pending-swift-6.4-toolchain,var property name: type { get set }
a1dd44eabec45f94cd7351ed6fbdb2b074b98ba549727b9134823d03ceb12673,ReferenceManual/Declarations.xhtml,ReferenceManual/Declarations.xhtml#Protocol-Subscript-Declaration,1,swift.subscripts.syntax,mapped-to-canonical-lessons,pending-editorial-validation,pending-swift-6.4-toolchain,subscript (parameters) -> return type { get set }
677fd69a12258cfd995cc3f38a8f2c975cffbe518d81d5745b50fab2d6188006,ReferenceManual/Declarations.xhtml,ReferenceManual/Declarations.xhtml#Resolving-Explicit-Redundancy,1,swift.protocols.no-redundant-conformance,mapped-to-canonical-lessons,pending-editorial-validation,pending-swift-6.4-toolchain,"protocol Serializable {
func serialize() -> Any
}

extension Array: Serializable where Element == Int {
func serialize()"
87ad23ae0d2e853a439b176031c78658a539c518249045d06689fdbc40089832,ReferenceManual/Declarations.xhtml,ReferenceManual/Declarations.xhtml#Resolving-Explicit-Redundancy,1,swift.protocols.no-redundant-conformance,mapped-to-canonical-lessons,pending-editorial-validation,pending-swift-6.4-toolchain,"protocol SerializableInArray { }
extension Int: SerializableInArray { }
extension String: SerializableInArray { }

exten"
059dfc4f5cb2911c5c02e54f271c59030ad53be93514c1ea256c40a8199a1ac2,ReferenceManual/Declarations.xhtml,ReferenceManual/Declarations.xhtml#Resolving-Implicit-Redundancy,1,swift.protocols.no-redundant-conformance,mapped-to-canonical-lessons,pending-editorial-validation,pending-swift-6.4-toolchain,"extension Array: Loggable where Element: TitledLoggable { }
extension Array: Loggable where Element: MarkedLoggable { }
"
947e947498f6950259f0bba540db97b81e590dc01f25a9cdf66561a37a4e974b,ReferenceManual/Declarations.xhtml,ReferenceManual/Declarations.xhtml#Resolving-Implicit-Redundancy,1,swift.protocols.no-redundant-conformance,mapped-to-canonical-lessons,pending-editorial-validation,pending-swift-6.4-toolchain,"protocol MarkedLoggable: Loggable {
func markAndLog()
}

extension MarkedLoggable {
func markAndLog() {
print(""---------"
0238b9805f8f720ca89150b7d89ae553b479368c821010231e0f1694d1d0053b,ReferenceManual/Declarations.xhtml,ReferenceManual/Declarations.xhtml#Rethrowing-Functions-and-Methods,1,swift.errors.rethrows,mapped-to-canonical-lessons,pending-editorial-validation,pending-swift-6.4-toolchain,"func someFunction(callback: () throws -> Void) rethrows {
try callback()
}"
1374ac70ea25b10fb9d9e31a79e3bb1f180268894c330688bb49bd6bdbaf674a,ReferenceManual/Declarations.xhtml,ReferenceManual/Declarations.xhtml#Rethrowing-Functions-and-Methods,1,swift.errors.rethrows,mapped-to-canonical-lessons,pending-editorial-validation,pending-swift-6.4-toolchain,"func someFunction<E: Error>(callback: () throws(E) -> Void) throws(E) {
try callback()
}"
18a0f5870ea48cce822633ea639db4428ba1f8aeb748bbaf7e568caa520926b9,ReferenceManual/Declarations.xhtml,ReferenceManual/Declarations.xhtml#Rethrowing-Functions-and-Methods,1,swift.errors.rethrows,mapped-to-canonical-lessons,pending-editorial-validation,pending-swift-6.4-toolchain,"func alwaysThrows() throws {
throw SomeError.error
}
func someFunction(callback: () throws -> Void) rethrows {
do {
try "
122d8104d24ffa2dbfa1edb537000811aeb950894dc427d015bb7de12fa2b797,ReferenceManual/Declarations.xhtml,ReferenceManual/Declarations.xhtml#Special-Kinds-of-Parameters,1,swift.closures.autoclosure|swift.functions.default-parameter|swift.functions.variadic,mapped-to-canonical-lessons,pending-editorial-validation,pending-swift-6.4-toolchain,"func f(x: Int = 42) -> Int { return x }
f() // Valid, uses default value
f(x: 7) // Valid, uses the value provided
f(7) "
811eb7d3f6b944ba28c90d84cfb1be5caf085a3e064e87033c6f68f0bbaef900,ReferenceManual/Declarations.xhtml,ReferenceManual/Declarations.xhtml#Special-Kinds-of-Parameters,1,swift.closures.autoclosure|swift.functions.default-parameter|swift.functions.variadic,mapped-to-canonical-lessons,pending-editorial-validation,pending-swift-6.4-toolchain,"_ : parameter type
parameter name: parameter type...
parameter name: parameter type = default argument value"
791661eeaadec6ce4e0acc0be8bbce73dbdec252fbd49b52b4723056017e416f,ReferenceManual/Declarations.xhtml,ReferenceManual/Declarations.xhtml#Stored-Variable-Observers-and-Property-Observers,1,swift.properties.observers,mapped-to-canonical-lessons,pending-editorial-validation,pending-swift-6.4-toolchain,"var variable name: type = expression {
willSet(setter name) {
statements
}
didSet(setter name) {
statements
}
}"
e45d489b9725575cc21d55d5a82f74de4f49eda0b5b74504326163c9c36a6d62,ReferenceManual/Declarations.xhtml,ReferenceManual/Declarations.xhtml#Stored-Variable-Observers-and-Property-Observers,1,swift.properties.observers,mapped-to-canonical-lessons,pending-editorial-validation,pending-swift-6.4-toolchain,"class Superclass {
private var xValue = 12
var x: Int {
get { print(""Getter was called""); return xValue }
set { print(""S"
0ba88135115ead10fe48a710ac83dbab9a9e7d8186c0e043ac2f012eee1c13d9,ReferenceManual/Declarations.xhtml,ReferenceManual/Declarations.xhtml#Stored-Variables-and-Stored-Variable-Properties,1,swift.properties.stored,mapped-to-canonical-lessons,pending-editorial-validation,pending-swift-6.4-toolchain,var variable name: type = expression
d5ebcfb01bef863931e3a61025552c827a57a8a1230bc8c54660495cc71f9bb5,ReferenceManual/Declarations.xhtml,ReferenceManual/Declarations.xhtml#Structure-Declaration,1,swift.types.structure-definition,mapped-to-canonical-lessons,pending-editorial-validation,pending-swift-6.4-toolchain,"struct structure name: adopted protocols {
declarations
}"
bbbda0f160c29843413881c379a6e26b3961a84e622302e814f85464ba7b618b,ReferenceManual/Declarations.xhtml,ReferenceManual/Declarations.xhtml#Subscript-Declaration,1,swift.subscripts.syntax,mapped-to-canonical-lessons,pending-editorial-validation,pending-swift-6.4-toolchain,"subscript (parameters) -> return type {
get {
statements
}
set(setter name) {
statements
}
}"
dd30c8f74cb749878a09a4aaf8db78fe317d35d2322557694cd104a25f57090c,ReferenceManual/Declarations.xhtml,ReferenceManual/Declarations.xhtml#Throwing-Functions-and-Methods,1,swift.errors.throwing-declaration|swift.errors.typed-throws,mapped-to-canonical-lessons,pending-editorial-validation,pending-swift-6.4-toolchain,"func function name(parameters) throws -> return type {
statements
}"
fa470984798ff8e3fea6af62c117c10cbe32625b3790643f67ae1e5dbea7d4f2,ReferenceManual/Declarations.xhtml,ReferenceManual/Declarations.xhtml#Throwing-Functions-and-Methods,1,swift.errors.throwing-declaration|swift.errors.typed-throws,mapped-to-canonical-lessons,pending-editorial-validation,pending-swift-6.4-toolchain,"func function name(parameters) throws(error type) -> return type {
statements
}"
09dce9a1d12313f0e53b7b93f677fe4141cad8d0867fd1d929c8880fded3aa2c,ReferenceManual/Declarations.xhtml,ReferenceManual/Declarations.xhtml#Type-Alias-Declaration,1,swift.types.alias,mapped-to-canonical-lessons,pending-editorial-validation,pending-swift-6.4-toolchain,typealias name = existing type
1329790b45e9ace76133e5ded2b63a803e6b4673bbdd85d5a2dc3f4c6dca9fb2,ReferenceManual/Declarations.xhtml,ReferenceManual/Declarations.xhtml#Type-Alias-Declaration,1,swift.types.alias,mapped-to-canonical-lessons,pending-editorial-validation,pending-swift-6.4-toolchain,typealias Diccionario = Dictionary
2e73d121b622200cf34cd7bf4f0bca3d77afd197e478259e1920bd9b4cd1d356,ReferenceManual/Declarations.xhtml,ReferenceManual/Declarations.xhtml#Type-Alias-Declaration,1,swift.types.alias,mapped-to-canonical-lessons,pending-editorial-validation,pending-swift-6.4-toolchain,"typealias DictionaryOfInts<Key: Hashable> = Dictionary<Key, Int>"
3dfc7f7aea004bbce6d0620bf6ae8b68cfc7e6b1071e6c5a98a3f0031548bc89,ReferenceManual/Declarations.xhtml,ReferenceManual/Declarations.xhtml#Type-Alias-Declaration,1,swift.types.alias,mapped-to-canonical-lessons,pending-editorial-validation,pending-swift-6.4-toolchain,"typealias StringDictionary<Value> = Dictionary<String, Value>

// The following dictionaries have the same type.
var dic"
6b8047584e70155df4790292784d6538e6fc3686603837952e8cb68900a93215,ReferenceManual/Declarations.xhtml,ReferenceManual/Declarations.xhtml#Type-Alias-Declaration,1,swift.types.alias,mapped-to-canonical-lessons,pending-editorial-validation,pending-swift-6.4-toolchain,"protocol Sequence {
associatedtype Iterator: IteratorProtocol
typealias Element = Iterator.Element
}

func sum<T: Sequen"
236c25a2b4717134becb4cb97199a8fba53da15338f8dfb2936524868cba7c6d,ReferenceManual/Expressions.xhtml,ReferenceManual/Expressions.xhtml#Assignment-Operator,1,swift.operators.assignment,mapped-to-canonical-lessons,pending-editorial-validation,pending-swift-6.4-toolchain,expression = value
4497b720a2acce6dd2ca28e3f3420a5cd8517bf1196d05f68a34c3692c10f85a,ReferenceManual/Expressions.xhtml,ReferenceManual/Expressions.xhtml#Assignment-Operator,1,swift.operators.assignment,mapped-to-canonical-lessons,pending-editorial-validation,pending-swift-6.4-toolchain,"(a, _, (b, c)) = (""test"", 9.45, (12, 3))
// a is ""test"", b is 12, c is 3, and 9.45 is ignored"
58dc7f3ffc4dca92a8b2b3c78fe6168d06423f47678b28d3b15a61866bc23d4c,ReferenceManual/Expressions.xhtml,ReferenceManual/Expressions.xhtml#Await-Operator,1,swift.concurrency.await,mapped-to-canonical-lessons,pending-editorial-validation,pending-swift-6.4-toolchain,await expression
8ba8cc5d8cee0f41f7cb6e4561793798988b4c2171d6e4f44424cb0dcf3ab202,ReferenceManual/Expressions.xhtml,ReferenceManual/Expressions.xhtml#Await-Operator,1,swift.concurrency.await,mapped-to-canonical-lessons,pending-editorial-validation,pending-swift-6.4-toolchain,"// Writing 'await' applies to both function calls.
sum = await someAsyncFunction() + anotherAsyncFunction()

// Writing "
7adb4176a7330fb86fac2950269ff4324af1802f5e55276589801f54cbdcc9c8,ReferenceManual/Expressions.xhtml,ReferenceManual/Expressions.xhtml#Capture-Lists,1,swift.arc.capture-list,mapped-to-canonical-lessons,pending-editorial-validation,pending-swift-6.4-toolchain,"// Weak capture of ""self.parent"" as ""parent""
myFunction { [weak parent = self.parent] in print(parent!.title) }"
82e40779b84da94b22a5b6617100effd774c4c9100541e37111544a43226a285,ReferenceManual/Expressions.xhtml,ReferenceManual/Expressions.xhtml#Capture-Lists,1,swift.arc.capture-list,mapped-to-canonical-lessons,pending-editorial-validation,pending-swift-6.4-toolchain,"var a = 0
var b = 0
let closure = { [a] in
print(a, b)
}

a = 10
b = 10
closure()
// Prints ""0 10""."
b3f69fd89408e42c5ed63d3eeddab383faabfc6925b48942241f3d54d0c3c187,ReferenceManual/Expressions.xhtml,ReferenceManual/Expressions.xhtml#Capture-Lists,1,swift.arc.capture-list,mapped-to-canonical-lessons,pending-editorial-validation,pending-swift-6.4-toolchain,"class SimpleClass {
var value: Int = 0
}
var x = SimpleClass()
var y = SimpleClass()
let closure = { [x] in
print(x.valu"
fa25bc11272f8091eb562928baadf41d9fbccaefc194b5d2859d7e122ff667ec,ReferenceManual/Expressions.xhtml,ReferenceManual/Expressions.xhtml#Capture-Lists,1,swift.arc.capture-list,mapped-to-canonical-lessons,pending-editorial-validation,pending-swift-6.4-toolchain,"myFunction { print(self.title) } // implicit strong capture
myFunction { [self] in print(self.title) } // explicit stron"
061bb122b320602605dc15768cce6f8016cac4fb0a8a7510b77cf2ad785111bf,ReferenceManual/Expressions.xhtml,ReferenceManual/Expressions.xhtml#Closure-Expression,1,swift.closures.expression-syntax,mapped-to-canonical-lessons,pending-editorial-validation,pending-swift-6.4-toolchain,"myFunction { (x: Int, y: Int) -> Int in
return x + y
}

myFunction { x, y in
return x + y
}

myFunction { return $0 + $1"
1fc03436c11c600b7849615d0c96a0e3eaa60e10fb1f5f91ab604bacf8ca505e,ReferenceManual/Expressions.xhtml,ReferenceManual/Expressions.xhtml#Closure-Expression,1,swift.closures.expression-syntax,mapped-to-canonical-lessons,pending-editorial-validation,pending-swift-6.4-toolchain,"{ (parameters) async throws -> return type in
statements
}"
4cfebbf6d19a43db806f4e24d03bd350beca2519d3f6ad582f693fec27d6f917,ReferenceManual/Expressions.xhtml,ReferenceManual/Expressions.xhtml#Conditional-Expression,1,swift.conditionals.if-expression|swift.switches.expression,mapped-to-canonical-lessons,pending-editorial-validation,pending-swift-6.4-toolchain,"let number: Double = if someCondition { 10 } else { 12.34 }
let number = if someCondition { 10 as Double } else { 12.34 "
619b2d9723f7f45a345ae5fb8b3fcd9d70204dbc19a019bc2ac8ad798870ad28,ReferenceManual/Expressions.xhtml,ReferenceManual/Expressions.xhtml#Conditional-Expression,1,swift.conditionals.if-expression|swift.switches.expression,mapped-to-canonical-lessons,pending-editorial-validation,pending-swift-6.4-toolchain,"if condition 1 {
expression used if condition 1 is true
} else if condition 2 {
expression used if condition 2 is true
}"
2d3998fc0fb7417e0f17420955e24d755718720f77580c548d556b059ffc7d4c,ReferenceManual/Expressions.xhtml,ReferenceManual/Expressions.xhtml#Explicit-Member-Expression,1,swift.types.property-access,mapped-to-canonical-lessons,pending-editorial-validation,pending-swift-6.4-toolchain,"let numbers = [10, 20, 33, 43, 50]
#if os(iOS)
.filter { $0 < 40 }
#else
.filter { $0 > 25 }
#endif"
499c8709752005ff9f0aa9e1446791e4adb722bc72791845c4e91994ea870552,ReferenceManual/Expressions.xhtml,ReferenceManual/Expressions.xhtml#Explicit-Member-Expression,1,swift.types.property-access,mapped-to-canonical-lessons,pending-editorial-validation,pending-swift-6.4-toolchain,expression.member name
53aa15384c6dc48cfb0c75d48c27fc7ffac05067bd9c929bf1647320bd43348a,ReferenceManual/Expressions.xhtml,ReferenceManual/Expressions.xhtml#Explicit-Member-Expression,1,swift.types.property-access,mapped-to-canonical-lessons,pending-editorial-validation,pending-swift-6.4-toolchain,"class SomeClass {
var someProperty = 42
}
let c = SomeClass()
let y = c.someProperty // Member access"
7056357ad2c6cb54df15a3081c6b90a677d91939da2fa1f2b85827a90c5f9217,ReferenceManual/Expressions.xhtml,ReferenceManual/Expressions.xhtml#Explicit-Member-Expression,1,swift.types.property-access,mapped-to-canonical-lessons,pending-editorial-validation,pending-swift-6.4-toolchain,"let x = [10, 3, 20, 15, 4]
.sorted()
.filter { $0 > 5 }
.map { $0 * 100 }"
bc70b6b06a9cbf14fc30a6c8b56839c451ab436c2a9adc5915b17127a9690d53,ReferenceManual/Expressions.xhtml,ReferenceManual/Expressions.xhtml#Explicit-Member-Expression,1,swift.types.property-access,mapped-to-canonical-lessons,pending-editorial-validation,pending-swift-6.4-toolchain,"class SomeClass {
func someMethod(x: Int, y: Int) {}
func someMethod(x: Int, z: Int) {}
func overloadedMethod(x: Int, y:"
c146e88a7cfef3613e8cecefebe9ad43eafdd78810995b7a49f3d42549161993,ReferenceManual/Expressions.xhtml,ReferenceManual/Expressions.xhtml#Explicit-Member-Expression,1,swift.types.property-access,mapped-to-canonical-lessons,pending-editorial-validation,pending-swift-6.4-toolchain,"var t = (10, 20, 30)
t.0 = t.1
// Now t is (20, 20, 30)"
86ba5827e4795e7e625f4bfc4695696e5e68d3d275e5436ee1afdd1afabdd4e8,ReferenceManual/Expressions.xhtml,ReferenceManual/Expressions.xhtml#Forced-Value-Expression,1,swift.optionals.force-unwrapping,mapped-to-canonical-lessons,pending-editorial-validation,pending-swift-6.4-toolchain,expression!
d7207435fc80f972bdaa4f299c4e85529909e800b9355b06aa7585b136bc1352,ReferenceManual/Expressions.xhtml,ReferenceManual/Expressions.xhtml#Forced-Value-Expression,1,swift.optionals.force-unwrapping,mapped-to-canonical-lessons,pending-editorial-validation,pending-swift-6.4-toolchain,"var x: Int? = 0
x! += 1
// x is now 1

var someDictionary = [""a"": [1, 2, 3], ""b"": [10, 20]]
someDictionary[""a""]![0] = 10"
0a8f695981932074ef3d43fe65b557e9fa06cfdf1a0711cd17770ae642df9111,ReferenceManual/Expressions.xhtml,ReferenceManual/Expressions.xhtml#Function-Call-Expression,1,swift.functions.define-call,mapped-to-canonical-lessons,pending-editorial-validation,pending-swift-6.4-toolchain,"// someFunction takes an integer and a closure as its arguments
someFunction(x: x, f: { $0 == 13 })
someFunction(x: x) {"
4acad8207b6586205836349dc69a9ea374ccfaa1d9e22e5dacd2a3a17ae764e9,ReferenceManual/Expressions.xhtml,ReferenceManual/Expressions.xhtml#Function-Call-Expression,1,swift.functions.define-call,mapped-to-canonical-lessons,pending-editorial-validation,pending-swift-6.4-toolchain,"// someMethod takes a closure as its only argument
myData.someMethod() { $0 == 13 }
myData.someMethod { $0 == 13 }"
d5b956e79cb1b1f970f7e34bb1e7f6d40df10223ae6951d4f2cffb8fe8825391,ReferenceManual/Expressions.xhtml,ReferenceManual/Expressions.xhtml#Function-Call-Expression,1,swift.functions.define-call,mapped-to-canonical-lessons,pending-editorial-validation,pending-swift-6.4-toolchain,"function name(argument name 1: argument value 1, argument name 2: argument value 2)"
d6f8aa2b1f4dff4c9fd9e0d7c8aba28a1d233b2a6b3d6c328e2e8bb0f3df3eb9,ReferenceManual/Expressions.xhtml,ReferenceManual/Expressions.xhtml#Function-Call-Expression,1,swift.functions.define-call,mapped-to-canonical-lessons,pending-editorial-validation,pending-swift-6.4-toolchain,"typealias Callback = (Int) -> Int
func someFunction(firstClosure: Callback? = nil,
secondClosure: Callback? = nil) {
let"
f03860d40e2039174cd7bbff5b3c7d05d754268a9d540c92c3ead31db59ecb5e,ReferenceManual/Expressions.xhtml,ReferenceManual/Expressions.xhtml#Function-Call-Expression,1,swift.functions.define-call,mapped-to-canonical-lessons,pending-editorial-validation,pending-swift-6.4-toolchain,"function name(argument value 1, argument value 2)"
e839c3a15c89906e97d4b4f4421bedc0a3e03c6847754b38bda005290f433fda,ReferenceManual/Expressions.xhtml,ReferenceManual/Expressions.xhtml#Implicit-Conversion-to-a-Pointer-Type,1,swift.expressions.pointer-conversion,mapped-to-canonical-lessons,pending-editorial-validation,pending-swift-6.4-toolchain,"func unsafeFunction(pointer: UnsafePointer<Int>) {
// ...
}
var myNumber = 1234

unsafeFunction(pointer: &myNumber)
with"
2d680bece99e2911d7acb090de2ea9b600337b8522713f7683cbc6646d64ecdf,ReferenceManual/Expressions.xhtml,ReferenceManual/Expressions.xhtml#Implicit-Member-Expression,1,swift.enums.inferred-case,mapped-to-canonical-lessons,pending-editorial-validation,pending-swift-6.4-toolchain,.member name
3a40f1bbea13beb45efb326a595fcb548d9e64b8b92423140df3c521ef174cf0,ReferenceManual/Expressions.xhtml,ReferenceManual/Expressions.xhtml#Implicit-Member-Expression,1,swift.enums.inferred-case,mapped-to-canonical-lessons,pending-editorial-validation,pending-swift-6.4-toolchain,"class SomeClass {
static var shared = SomeClass()
static var sharedSubclass = SomeSubclass()
var a = AnotherClass()
}
cl"
81061013e6b1712fef6596d73812d95d1c036a92876976c4709cdfa43c6afbd6,ReferenceManual/Expressions.xhtml,ReferenceManual/Expressions.xhtml#Implicit-Member-Expression,1,swift.enums.inferred-case,mapped-to-canonical-lessons,pending-editorial-validation,pending-swift-6.4-toolchain,"var x = MyEnumeration.someValue
x = .anotherValue"
cc029f90aa67b115d6fdb234d008d3ede9533f3fb917293dd7e02cf2622b4d52,ReferenceManual/Expressions.xhtml,ReferenceManual/Expressions.xhtml#Implicit-Member-Expression,1,swift.enums.inferred-case,mapped-to-canonical-lessons,pending-editorial-validation,pending-swift-6.4-toolchain,var someOptional: MyEnumeration? = .someValue
d4c15e5f58b959b21ef04b9382f04f67c905cf6ef87b348e04f6d15be5b63fd5,ReferenceManual/Expressions.xhtml,ReferenceManual/Expressions.xhtml#In-Out-Expression,1,swift.functions.inout-call,mapped-to-canonical-lessons,pending-editorial-validation,pending-swift-6.4-toolchain,&expression
5f5a8074e2ee7ed2c04561cdfe0331a1ffa45f2f7257843c7b351318ab27cd7d,ReferenceManual/Expressions.xhtml,ReferenceManual/Expressions.xhtml#Infix-Expressions,1,swift.operators.terminology,mapped-to-canonical-lessons,pending-editorial-validation,pending-swift-6.4-toolchain,left-hand argument operator right-hand argument
15876e0f89de3c68b3cf447c6faddfee1a6e27a69432359f1a1a5e30ecb0a781,ReferenceManual/Expressions.xhtml,ReferenceManual/Expressions.xhtml#Initializer-Expression,1,swift.expressions.initializer-reference,mapped-to-canonical-lessons,pending-editorial-validation,pending-swift-6.4-toolchain,"class SomeSubClass: SomeSuperClass {
override init() {
// subclass initialization goes here
super.init()
}
}"
74320002f76f9f39a294c92beb9d56afaa701aac1f5f54b4dea8c3a02943b577,ReferenceManual/Expressions.xhtml,ReferenceManual/Expressions.xhtml#Initializer-Expression,1,swift.expressions.initializer-reference,mapped-to-canonical-lessons,pending-editorial-validation,pending-swift-6.4-toolchain,"// Type annotation is required because String has multiple initializers.
let initializer: (Int) -> String = String.init
"
eb83275755528ddd10d00ef572278a2a132fdd256c3d535a58eb1b33a0b746ca,ReferenceManual/Expressions.xhtml,ReferenceManual/Expressions.xhtml#Initializer-Expression,1,swift.expressions.initializer-reference,mapped-to-canonical-lessons,pending-editorial-validation,pending-swift-6.4-toolchain,expression.init(initializer arguments)
eee1b4ee87b1932146ef973674f4d5e5fb79f09199ee86fe1d5bb75a72500fa0,ReferenceManual/Expressions.xhtml,ReferenceManual/Expressions.xhtml#Initializer-Expression,1,swift.expressions.initializer-reference,mapped-to-canonical-lessons,pending-editorial-validation,pending-swift-6.4-toolchain,"let s1 = SomeType.init(data: 3) // Valid
let s2 = SomeType(data: 1) // Also valid

let s3 = type(of: someValue).init(dat"
183ee6f8bb61c731533894bf8683da16acbc345fbd51b7364dc356fa70ec2d23,ReferenceManual/Expressions.xhtml,ReferenceManual/Expressions.xhtml#Key-Path-Expression,1,swift.expressions.key-path,mapped-to-canonical-lessons,pending-editorial-validation,pending-swift-6.4-toolchain,"func makeIndex() -> Int {
print(""Made an index"")
return 0
}
// The line below calls makeIndex().
let taskKeyPath = \[Tas"
2173186dccdad328fdc65cfb9c88556e5fca176b119c795a682b33876a44051f,ReferenceManual/Expressions.xhtml,ReferenceManual/Expressions.xhtml#Key-Path-Expression,1,swift.expressions.key-path,mapped-to-canonical-lessons,pending-editorial-validation,pending-swift-6.4-toolchain,"var compoundValue = (a: 1, b: 2)
// Equivalent to compoundValue = (a: 10, b: 20)
compoundValue[keyPath: \.self] = (a: 10"
28529866985b59429434420145c601d37c634c68e2612853917c3b85c1dc561d,ReferenceManual/Expressions.xhtml,ReferenceManual/Expressions.xhtml#Key-Path-Expression,1,swift.expressions.key-path,mapped-to-canonical-lessons,pending-editorial-validation,pending-swift-6.4-toolchain,"struct Task {
var description: String
var completed: Bool
}
var toDoList = [
Task(description: ""Practice ping-pong."", co"
3ba7afa67a5f06b145a78641dd4ec111daeaf40420ec2b6df78f58ed243e7b90,ReferenceManual/Expressions.xhtml,ReferenceManual/Expressions.xhtml#Key-Path-Expression,1,swift.expressions.key-path,mapped-to-canonical-lessons,pending-editorial-validation,pending-swift-6.4-toolchain,"let firstGreeting: String? = greetings.first
print(firstGreeting?.count as Any)
// Prints ""Optional(5)"".

// Do the same"
5d49d8323d950e0fbf98d548afdfb4f4da3203f497c6af1bd76982831e93739c,ReferenceManual/Expressions.xhtml,ReferenceManual/Expressions.xhtml#Key-Path-Expression,1,swift.expressions.key-path,mapped-to-canonical-lessons,pending-editorial-validation,pending-swift-6.4-toolchain,"struct OuterStructure {
var outer: SomeStructure
init(someValue: Int) {
self.outer = SomeStructure(someValue: someValue)"
6d3c0d7aabae81591ef74acc799fa0144491e1ff3d0f0ac0bcbf43c68668aa5d,ReferenceManual/Expressions.xhtml,ReferenceManual/Expressions.xhtml#Key-Path-Expression,1,swift.expressions.key-path,mapped-to-canonical-lessons,pending-editorial-validation,pending-swift-6.4-toolchain,"struct SomeStructure {
var someValue: Int
}

let s = SomeStructure(someValue: 12)
let pathToProperty = \SomeStructure.so"
94af74ee24d78fd1784f5656a5cf30263985c6cd37e39e934455d5d3c939bfe0,ReferenceManual/Expressions.xhtml,ReferenceManual/Expressions.xhtml#Key-Path-Expression,1,swift.expressions.key-path,mapped-to-canonical-lessons,pending-editorial-validation,pending-swift-6.4-toolchain,"var index = 2
let path = \[String].[index]
let fn: ([String]) -> String = { strings in strings[index] }

print(greetings"
9ae3439b60c4e2878c978153d266b6d1c045e52a09bba44267e2df72245317ff,ReferenceManual/Expressions.xhtml,ReferenceManual/Expressions.xhtml#Key-Path-Expression,1,swift.expressions.key-path,mapped-to-canonical-lessons,pending-editorial-validation,pending-swift-6.4-toolchain,"let greetings = [""hello"", ""hola"", ""bonjour"", ""안녕""]
let myGreeting = greetings[keyPath: \[String].[1]]
// myGreeting is '"
a9069df9ea36ef39de037128c7c53446e887a8756e02aec5585fc92266690a9b,ReferenceManual/Expressions.xhtml,ReferenceManual/Expressions.xhtml#Key-Path-Expression,1,swift.expressions.key-path,mapped-to-canonical-lessons,pending-editorial-validation,pending-swift-6.4-toolchain,"let interestingNumbers = [""prime"": [2, 3, 5, 7, 11, 13, 17],
""triangular"": [1, 3, 6, 10, 15, 21, 28],
""hexagonal"": [1, 6"
d2faa5b63a340d929b4f4fb9aa267d18931cf43383301a9c23fa6cab58728c7b,ReferenceManual/Expressions.xhtml,ReferenceManual/Expressions.xhtml#Key-Path-Expression,1,swift.expressions.key-path,mapped-to-canonical-lessons,pending-editorial-validation,pending-swift-6.4-toolchain,\type name.path
e6cca885a492033b04a06def3949cc83470c2406565cf0b4f7b1e7f25a0b1fa9,ReferenceManual/Expressions.xhtml,ReferenceManual/Expressions.xhtml#Key-Path-Expression,1,swift.expressions.key-path,mapped-to-canonical-lessons,pending-editorial-validation,pending-swift-6.4-toolchain,"class SomeClass: NSObject {
@objc dynamic var someProperty: Int
init(someProperty: Int) {
self.someProperty = someProper"
2c6a9275ba6dbf04bb386ae93fc5e29228e899bf18613535b927780cf669d41a,ReferenceManual/Expressions.xhtml,ReferenceManual/Expressions.xhtml#Key-Path-String-Expression,1,swift.expressions.keypath-string,mapped-to-canonical-lessons,pending-editorial-validation,pending-swift-6.4-toolchain,#keyPath(property name)
6ab516dda1ecce9361b170d4be44402e85b34d58feebb30e792859da4b37dffd,ReferenceManual/Expressions.xhtml,ReferenceManual/Expressions.xhtml#Key-Path-String-Expression,1,swift.expressions.keypath-string,mapped-to-canonical-lessons,pending-editorial-validation,pending-swift-6.4-toolchain,"extension SomeClass {
func getSomeKeyPath() -> String {
return #keyPath(someProperty)
}
}
print(keyPath == c.getSomeKeyP"
a49f2df10620b83217ebe45f030a7a5c7c4d1f81ee648aeef4e0b10889b299d6,ReferenceManual/Expressions.xhtml,ReferenceManual/Expressions.xhtml#Key-Path-String-Expression,1,swift.expressions.keypath-string,mapped-to-canonical-lessons,pending-editorial-validation,pending-swift-6.4-toolchain,"class SomeClass: NSObject {
@objc var someProperty: Int
init(someProperty: Int) {
self.someProperty = someProperty
}
}

"
0114fcdb6c7ee7934abdfa46de4341dab4127956c9f3697a85e88f6fd9dc5946,ReferenceManual/Expressions.xhtml,ReferenceManual/Expressions.xhtml#Literal-Expression,1,swift.literals.integer-radix|swift.strings.literal,mapped-to-canonical-lessons,pending-editorial-validation,pending-swift-6.4-toolchain,"[value 1, value 2, ...]"
6c808896924d3d7fc307c8f62ccdf46c2841e7f1b63d3d58a5e68b67d3788461,ReferenceManual/Expressions.xhtml,ReferenceManual/Expressions.xhtml#Literal-Expression,1,swift.literals.integer-radix|swift.strings.literal,mapped-to-canonical-lessons,pending-editorial-validation,pending-swift-6.4-toolchain,var emptyArray: [Double] = []
74bf16a3c89bb5dc8c687dd79b89f7967c6c815ad2f167fee0da26dfe225779b,ReferenceManual/Expressions.xhtml,ReferenceManual/Expressions.xhtml#Literal-Expression,1,swift.literals.integer-radix|swift.strings.literal,mapped-to-canonical-lessons,pending-editorial-validation,pending-swift-6.4-toolchain,var emptyDictionary: [String: Double] = [:]
bc934aaac260d10340b13a834cd0ab785436f75717338c8ed6043dbee0a6de19,ReferenceManual/Expressions.xhtml,ReferenceManual/Expressions.xhtml#Literal-Expression,1,swift.literals.integer-radix|swift.strings.literal,mapped-to-canonical-lessons,pending-editorial-validation,pending-swift-6.4-toolchain,"[key 1: value 1, key 2: value 2, ...]"
4f8649e4ca1818f8e3c50ee9fdef48646d438329001a23877137157e2760625e,ReferenceManual/Expressions.xhtml,ReferenceManual/Expressions.xhtml#Macro-Expansion-Expression,1,swift.macros.freestanding,mapped-to-canonical-lessons,pending-editorial-validation,pending-swift-6.4-toolchain,"macro name(macro argument 1, macro argument 2)"
b0322d2165da600ea3e8c48d332608c4549b1deef50da3b83153907e3c1ac123,ReferenceManual/Expressions.xhtml,ReferenceManual/Expressions.xhtml#Macro-Expansion-Expression,1,swift.macros.freestanding,mapped-to-canonical-lessons,pending-editorial-validation,pending-swift-6.4-toolchain,"#outerMacro(12, #innerMacro(34), ""some text"")"
c6b941185c1154ff2c86d01a61bd3a7b2784b28cd1b31bf3515aa0f72173bd7a,ReferenceManual/Expressions.xhtml,ReferenceManual/Expressions.xhtml#Macro-Expansion-Expression,1,swift.macros.freestanding,mapped-to-canonical-lessons,pending-editorial-validation,pending-swift-6.4-toolchain,"func f(a: Int = #line, b: Int = (#line), c: Int = 100 + #line) {
print(a, b, c)
}
f() // Prints ""4 1 101"""
819fc357e1b42aafeeadff3252a7c270e634563c95d6988baa2e192c0a0378d2,ReferenceManual/Expressions.xhtml,ReferenceManual/Expressions.xhtml#Optional-Chaining-Expression,1,swift.optional-chaining.alternative,mapped-to-canonical-lessons,pending-editorial-validation,pending-swift-6.4-toolchain,expression?
c23973bb255873440ec54b8c30e78aaa5b1aebc888b3d6c6035c7a472b7731b9,ReferenceManual/Expressions.xhtml,ReferenceManual/Expressions.xhtml#Optional-Chaining-Expression,1,swift.optional-chaining.alternative,mapped-to-canonical-lessons,pending-editorial-validation,pending-swift-6.4-toolchain,"var result: Bool?
if let unwrappedC = c {
result = unwrappedC.property.performAction()
}"
da1eb7cc92087ffecf861d366eb2caedd8d61cfc22b9c9e47a548dce47e5ff3c,ReferenceManual/Expressions.xhtml,ReferenceManual/Expressions.xhtml#Optional-Chaining-Expression,1,swift.optional-chaining.alternative,mapped-to-canonical-lessons,pending-editorial-validation,pending-swift-6.4-toolchain,"var c: SomeClass?
var result: Bool? = c?.property.performAction()"
e7539f34c8f3b89abb7da252bfb379e5bf31de6e32d1fade409e525b1a8c821f,ReferenceManual/Expressions.xhtml,ReferenceManual/Expressions.xhtml#Optional-Chaining-Expression,1,swift.optional-chaining.alternative,mapped-to-canonical-lessons,pending-editorial-validation,pending-swift-6.4-toolchain,"func someFunctionWithSideEffects() -> Int {
return 42 // No actual side effects.
}
var someDictionary = [""a"": [1, 2, 3],"
f9cba6688c93640ff551eff8d85cde7619a6b4fba09196059d273dd3e4918fc7,ReferenceManual/Expressions.xhtml,ReferenceManual/Expressions.xhtml#Postfix-Self-Expression,1,swift.expressions.postfix-self,mapped-to-canonical-lessons,pending-editorial-validation,pending-swift-6.4-toolchain,"expression.self
type.self"
8954a55b54235bde6f8aca4b70f00a87b5c9b1c278f2a39899637a4966d78d7b,ReferenceManual/Expressions.xhtml,ReferenceManual/Expressions.xhtml#Selector-Expression,1,swift.expressions.selector,mapped-to-canonical-lessons,pending-editorial-validation,pending-swift-6.4-toolchain,"extension SomeClass {
@objc(doSomethingWithString:)
func doSomething(_ x: String) { }
}
let anotherSelector = #selector("
8e02e0291dfb00c78cc7ae125dd7e5d9f1fb68bfc11d878fd3c46d61ed0a90a0,ReferenceManual/Expressions.xhtml,ReferenceManual/Expressions.xhtml#Selector-Expression,1,swift.expressions.selector,mapped-to-canonical-lessons,pending-editorial-validation,pending-swift-6.4-toolchain,"class SomeClass: NSObject {
@objc let property: String

@objc(doSomethingWithInt:)
func doSomething(_ x: Int) { }

init("
90430af57f991baa0143d867b2fa0a2c2aa90ea9a81aa5712687277584e6b561,ReferenceManual/Expressions.xhtml,ReferenceManual/Expressions.xhtml#Selector-Expression,1,swift.expressions.selector,mapped-to-canonical-lessons,pending-editorial-validation,pending-swift-6.4-toolchain,"#selector(method name)
#selector(getter: property name)
#selector(setter: property name)"
530d28ebabba3b79ce47ac3026e559a1f6255785836f0c1a4759ccbd7ad868d9,ReferenceManual/Expressions.xhtml,ReferenceManual/Expressions.xhtml#Self-Expression,1,swift.methods.self,mapped-to-canonical-lessons,pending-editorial-validation,pending-swift-6.4-toolchain,"self
self.member name
self[subscript index]
self(initializer arguments)
self.init(initializer arguments)"
7a7d69e3491312200e8f7b46e7b746680daf2478f486302b3352025178337168,ReferenceManual/Expressions.xhtml,ReferenceManual/Expressions.xhtml#Self-Expression,1,swift.methods.self,mapped-to-canonical-lessons,pending-editorial-validation,pending-swift-6.4-toolchain,"class SomeClass {
var greeting: String
init(greeting: String) {
self.greeting = greeting
}
}"
1918f79ae736a8d1089fe526b2299a27842c2a89f22fbb4251a23ee6851c07d5,ReferenceManual/Expressions.xhtml,ReferenceManual/Expressions.xhtml#Subscript-Expression,1,swift.subscripts.usage,mapped-to-canonical-lessons,pending-editorial-validation,pending-swift-6.4-toolchain,expression[index expressions]
09d2f6877258a5418c7d6243841578ab7dce09a934a015af33bf27975e975678,ReferenceManual/Expressions.xhtml,ReferenceManual/Expressions.xhtml#Superclass-Expression,1,swift.inheritance.super,mapped-to-canonical-lessons,pending-editorial-validation,pending-swift-6.4-toolchain,"super.member name
super[subscript index]
super.init(initializer arguments)"
b5a2baebfffdab70b3b80d8cf2c2e30158db6bc24f3841eb9ea78d1094c851e2,ReferenceManual/Expressions.xhtml,ReferenceManual/Expressions.xhtml#Ternary-Conditional-Operator,1,swift.conditionals.ternary,mapped-to-canonical-lessons,pending-editorial-validation,pending-swift-6.4-toolchain,condition ? expression used if true : expression used if false
521b48fd9c93b63406f38e40269c9232b512b5643d0258fb4054e139faab9fa9,ReferenceManual/Expressions.xhtml,ReferenceManual/Expressions.xhtml#Try-Operator,1,swift.errors.throwing-declaration|swift.errors.try-force|swift.errors.try-optional,mapped-to-canonical-lessons,pending-editorial-validation,pending-swift-6.4-toolchain,try expression
91e28e9d16aa0d2b8315893bc1b910428069444c16de99f1746fd82ddbb2156f,ReferenceManual/Expressions.xhtml,ReferenceManual/Expressions.xhtml#Try-Operator,1,swift.errors.throwing-declaration|swift.errors.try-force|swift.errors.try-optional,mapped-to-canonical-lessons,pending-editorial-validation,pending-swift-6.4-toolchain,"// Writing 'try' applies to both function calls.
sum = try someThrowingFunction() + anotherThrowingFunction()

// Writin"
bca0a318b6b9fa3a8ee43e1b5138d8a56165b110dab78bb12c9b7fdad4c99c09,ReferenceManual/Expressions.xhtml,ReferenceManual/Expressions.xhtml#Try-Operator,1,swift.errors.throwing-declaration|swift.errors.try-force|swift.errors.try-optional,mapped-to-canonical-lessons,pending-editorial-validation,pending-swift-6.4-toolchain,try! expression
e0125d01a3803cf1bf3de97e5bf42e7043d36c44c1ca5637d5817c0f4946050f,ReferenceManual/Expressions.xhtml,ReferenceManual/Expressions.xhtml#Try-Operator,1,swift.errors.throwing-declaration|swift.errors.try-force|swift.errors.try-optional,mapped-to-canonical-lessons,pending-editorial-validation,pending-swift-6.4-toolchain,try? expression
f674f756c8ba4fdf37a9e57b17ba7fc26d6e193bda97668dc3d0fb7e809c9b5a,ReferenceManual/Expressions.xhtml,ReferenceManual/Expressions.xhtml#Tuple-Expression,1,swift.tuples.creation,mapped-to-canonical-lessons,pending-editorial-validation,pending-swift-6.4-toolchain,"(identifier 1: expression 1, identifier 2: expression 2, ...)"
49c2fb059710b0d46498a2bc12f73b3ba4a035e6f7fc981c9a757df887d77bff,ReferenceManual/Expressions.xhtml,ReferenceManual/Expressions.xhtml#Type-Casting-Operators,1,swift.casting.is|swift.casting.safe-downcast,mapped-to-canonical-lessons,pending-editorial-validation,pending-swift-6.4-toolchain,"expression is type
expression as type
expression as? type
expression as! type"
a73596278897d12057397c6136ea4aa541af8af6e303ad49fb5f00e46854340e,ReferenceManual/Expressions.xhtml,ReferenceManual/Expressions.xhtml#Type-Casting-Operators,1,swift.casting.is|swift.casting.safe-downcast,mapped-to-canonical-lessons,pending-editorial-validation,pending-swift-6.4-toolchain,"func f(_ any: Any) { print(""Function for Any"") }
func f(_ int: Int) { print(""Function for Int"") }
let x = 10
f(x)
// Pri"
b6fc3e49c495aac6ff0f3b5ce37ddfb4facdfe056cbe46d8a5a1edd79f444767,ReferenceManual/Expressions.xhtml,ReferenceManual/Expressions.xhtml#Wildcard-Expression,1,swift.expressions.wildcard,mapped-to-canonical-lessons,pending-editorial-validation,pending-swift-6.4-toolchain,"(x, _) = (10, 20)
// x is 10, and 20 is ignored"
8e62719a3b144537773168da87e1bcc1adc234b9b5351ba07aef606c279521f9,ReferenceManual/GenericParametersAndArguments.xhtml,ReferenceManual/GenericParametersAndArguments.xhtml#Generic-Argument-Clause,1,swift.generics.type,mapped-to-canonical-lessons,pending-editorial-validation,pending-swift-6.4-toolchain,"struct Dictionary<Key: Hashable, Value>: Collection, ExpressibleByDictionaryLiteral {
/* ... */
}"
e3f083583141c30bdfdd5a5fba76cb6f40b67b267c230b54ad08c273b0950809,ReferenceManual/GenericParametersAndArguments.xhtml,ReferenceManual/GenericParametersAndArguments.xhtml#Generic-Argument-Clause,1,swift.generics.type,mapped-to-canonical-lessons,pending-editorial-validation,pending-swift-6.4-toolchain,<generic argument list>
e6f0e7501acbbd83c3bf16790dc9a00ea585be9ba9bbf0866fc63ff04f7b07a8,ReferenceManual/GenericParametersAndArguments.xhtml,ReferenceManual/GenericParametersAndArguments.xhtml#Generic-Argument-Clause,1,swift.generics.type,mapped-to-canonical-lessons,pending-editorial-validation,pending-swift-6.4-toolchain,"let arrayOfArrays: Array<Array<Int>> = [[1, 2, 3], [4, 5, 6], [7, 8, 9]]"
12ec19dac376cd642c433d3223c3dee1dbf0e8e124c6badcc41ee4a2a6d6441c,ReferenceManual/GenericParametersAndArguments.xhtml,ReferenceManual/GenericParametersAndArguments.xhtml#Generic-Parameter-Clause,1,swift.generics.function|swift.generics.type-parameter,mapped-to-canonical-lessons,pending-editorial-validation,pending-swift-6.4-toolchain,"simpleMax(17, 42) // T is inferred to be Int
simpleMax(3.14159, 2.71828) // T is inferred to be Double"
83c4f8bd330363a50bbafab560945cc7baaec74607e62b775e4e992d0f9cc360,ReferenceManual/GenericParametersAndArguments.xhtml,ReferenceManual/GenericParametersAndArguments.xhtml#Generic-Parameter-Clause,1,swift.generics.function|swift.generics.type-parameter,mapped-to-canonical-lessons,pending-editorial-validation,pending-swift-6.4-toolchain,<generic parameter list>
c5ed57c61f9c80b0d1587b319d274906aeaf85059e02760feeeecf09d1f53720,ReferenceManual/GenericParametersAndArguments.xhtml,ReferenceManual/GenericParametersAndArguments.xhtml#Generic-Parameter-Clause,1,swift.generics.function|swift.generics.type-parameter,mapped-to-canonical-lessons,pending-editorial-validation,pending-swift-6.4-toolchain,type parameter: constraint
f356d3e2c1ed75cad0aac119203429b2e559543be7b1b2f2d3dc30da7ba7065d,ReferenceManual/GenericParametersAndArguments.xhtml,ReferenceManual/GenericParametersAndArguments.xhtml#Generic-Parameter-Clause,1,swift.generics.function|swift.generics.type-parameter,mapped-to-canonical-lessons,pending-editorial-validation,pending-swift-6.4-toolchain,"func simpleMax<T: Comparable>(_ x: T, _ y: T) -> T {
if x < y {
return y
}
return x
}"
0cc1b81f1cea3d9f26f3c324e98d6e371bd3642d0fb54bb298fc34ac5c749f8b,ReferenceManual/GenericParametersAndArguments.xhtml,ReferenceManual/GenericParametersAndArguments.xhtml#Generic-Where-Clauses,1,swift.generics.where,mapped-to-canonical-lessons,pending-editorial-validation,pending-swift-6.4-toolchain,"extension Collection where Element: SomeProtocol {
func startsWithZero() -> Bool where Element: Numeric {
return first ="
6f2436a3d2a80723ed3ee08ac0ec177ff42f58411f88e71b7cdc57d09b829c1d,ReferenceManual/GenericParametersAndArguments.xhtml,ReferenceManual/GenericParametersAndArguments.xhtml#Generic-Where-Clauses,1,swift.generics.where,mapped-to-canonical-lessons,pending-editorial-validation,pending-swift-6.4-toolchain,where requirements
109bd80f4f805411fddbae21a6537ef1144ebee295efe1bfe8a3b3d1312994f4,ReferenceManual/GenericParametersAndArguments.xhtml,ReferenceManual/GenericParametersAndArguments.xhtml#Integer-Generic-Parameters,1,swift.generics.integer-parameter,mapped-to-canonical-lessons,pending-editorial-validation,pending-swift-6.4-toolchain,"print(a.x) // Prints ""4"""
6cc826bcb9923eee2710b75dc31fb2b6b3f747856cec6d5b662747e4e8f77430,ReferenceManual/GenericParametersAndArguments.xhtml,ReferenceManual/GenericParametersAndArguments.xhtml#Integer-Generic-Parameters,1,swift.generics.integer-parameter,mapped-to-canonical-lessons,pending-editorial-validation,pending-swift-6.4-toolchain,let type parameter: <#type>
c62493a9af151a7fe74759ed6267fbf88902cb78fc87a795c09176a86d4bd102,ReferenceManual/GenericParametersAndArguments.xhtml,ReferenceManual/GenericParametersAndArguments.xhtml#Integer-Generic-Parameters,1,swift.generics.integer-parameter,mapped-to-canonical-lessons,pending-editorial-validation,pending-swift-6.4-toolchain,"struct AnotherStruct<let y: Int> {
var s: SomeStruct<y>
}
func someFunction<let z: Int>(s: SomeStruct<z>) {
print(z)
}

"
dfd73256a817ceb8fafe810948fbd95b4fa7306d4d543001981f385396d9c2e3,ReferenceManual/GenericParametersAndArguments.xhtml,ReferenceManual/GenericParametersAndArguments.xhtml#Integer-Generic-Parameters,1,swift.generics.integer-parameter,mapped-to-canonical-lessons,pending-editorial-validation,pending-swift-6.4-toolchain,"struct SomeStruct<let x: Int> { }
let a: SomeStruct<2> // OK: integer literal

struct AnotherStruct<let x: Int, T, each "
f51d501d0a476deedd5ccb72d83d5dc7b63592422d386d267ea948686fcac215,ReferenceManual/LexicalStructure.xhtml,ReferenceManual/LexicalStructure.xhtml#Literals,1,swift.lexical.regex|swift.literals.exponent|swift.literals.integer-radix|swift.strings.literal,mapped-to-canonical-lessons,pending-editorial-validation,pending-swift-6.4-toolchain,"42 // Integer literal
3.14159 // Floating-point literal
""Hello, world!"" // String literal
/Hello, .*/ // Regular express"
214470f4752c71ff53ee34b1c17ea88b6a5e44d09c2d9bbc046b5596fcf627b0,ReferenceManual/LexicalStructure.xhtml,ReferenceManual/LexicalStructure.xhtml#Regular-Expression-Literals,1,swift.lexical.regex,mapped-to-canonical-lessons,pending-editorial-validation,pending-swift-6.4-toolchain,"let regex1 = ##/abc/## // OK
let regex2 = # #/abc/# # // Error"
85f29b103746e9b36b307f2b6c9f380c5aa77e9b2dfc512d68cdf49f1920aae7,ReferenceManual/LexicalStructure.xhtml,ReferenceManual/LexicalStructure.xhtml#Regular-Expression-Literals,1,swift.lexical.regex,mapped-to-canonical-lessons,pending-editorial-validation,pending-swift-6.4-toolchain,"#/regular expression/#

#/
regular expression
/#"
bbe20c6235ac771f05673f0f155b3e224db549b2b6041017ecae0e69a3cdf0c1,ReferenceManual/LexicalStructure.xhtml,ReferenceManual/LexicalStructure.xhtml#Regular-Expression-Literals,1,swift.lexical.regex,mapped-to-canonical-lessons,pending-editorial-validation,pending-swift-6.4-toolchain,/regular expression/
0029f94694dd493679b6936e76efd440aabeebf921ab30433a7b66bb55cc5ebf,ReferenceManual/LexicalStructure.xhtml,ReferenceManual/LexicalStructure.xhtml#String-Literals,1,swift.strings.literal|swift.strings.multiline-literal,mapped-to-canonical-lessons,pending-editorial-validation,pending-swift-6.4-toolchain,"print(###""Line 1\###nLine 2""###) // OK
print(# # #""Line 1\# # #nLine 2""# # #) // Error"
195046e7b38c7edfe69e2f8e17987bf9359ef80ae5d1daa73bfe49c6a22e1c9a,ReferenceManual/LexicalStructure.xhtml,ReferenceManual/LexicalStructure.xhtml#String-Literals,1,swift.strings.literal|swift.strings.multiline-literal,mapped-to-canonical-lessons,pending-editorial-validation,pending-swift-6.4-toolchain,"""""""
characters
"""""""
3f069f46f7c3981c3d3b79eaa830b59928efe800fec30367288e528e42b50873,ReferenceManual/LexicalStructure.xhtml,ReferenceManual/LexicalStructure.xhtml#String-Literals,1,swift.strings.literal|swift.strings.multiline-literal,mapped-to-canonical-lessons,pending-editorial-validation,pending-swift-6.4-toolchain,"#""characters""#

#""""""
characters
""""""#"
44fc4bff58b65b6d0cb2cb5840dd4655a8fb8b63ec807756fc66760d356a7b55,ReferenceManual/LexicalStructure.xhtml,ReferenceManual/LexicalStructure.xhtml#String-Literals,1,swift.strings.literal|swift.strings.multiline-literal,mapped-to-canonical-lessons,pending-editorial-validation,pending-swift-6.4-toolchain,"let string = #""\(x) \ "" \u{2603}""#
let escaped = ""\\(x) \\ \"" \\u{2603}""
print(string)
// Prints ""\(x) \ "" \u{2603}"".
pr"
a7a06ee514f0eb38930e1fb09158dbb56c84b568f9a441ed9cd10c837a1409a1,ReferenceManual/LexicalStructure.xhtml,ReferenceManual/LexicalStructure.xhtml#String-Literals,1,swift.strings.literal|swift.strings.multiline-literal,mapped-to-canonical-lessons,pending-editorial-validation,pending-swift-6.4-toolchain,"let textA = ""Hello "" + ""world""
let textB = ""Hello world"""
b3f59593978944eb92bbb768c2b136562d418bd0c7e53eae71401a6ed86a4283,ReferenceManual/LexicalStructure.xhtml,ReferenceManual/LexicalStructure.xhtml#String-Literals,1,swift.strings.literal|swift.strings.multiline-literal,mapped-to-canonical-lessons,pending-editorial-validation,pending-swift-6.4-toolchain,"""characters"""
daeab28ba952851ed838711ab5ed91d8df5192c79edc64c0e55bf57d0aaffab5,ReferenceManual/LexicalStructure.xhtml,ReferenceManual/LexicalStructure.xhtml#String-Literals,1,swift.strings.literal|swift.strings.multiline-literal,mapped-to-canonical-lessons,pending-editorial-validation,pending-swift-6.4-toolchain,"""1 2 3""
""1 2 \(""3"")""
""1 2 \(3)""
""1 2 \(1 + 2)""
let x = 3; ""1 2 \(x)"""
f52aeb254e536c275ccfeac2b2b401e5c9f2239d692a9d2f06d4d0f178cea32d,ReferenceManual/Patterns.xhtml,ReferenceManual/Patterns.xhtml#Enumeration-Case-Pattern,1,swift.enums.associated-binding,mapped-to-canonical-lessons,pending-editorial-validation,pending-swift-6.4-toolchain,"enum SomeEnum { case left, right }
let x: SomeEnum? = .left
switch x {
case .left:
print(""Turn left"")
case .right:
print"
7945db9faceef7705accdc977b320baafa039a335b9627f9b22509589528c188,ReferenceManual/Patterns.xhtml,ReferenceManual/Patterns.xhtml#Expression-Pattern,1,swift.switches.interval,mapped-to-canonical-lessons,pending-editorial-validation,pending-swift-6.4-toolchain,"// Overload the ~= operator to match a string with an integer.
func ~= (pattern: String, value: Int) -> Bool {
return pa"
bff92838000d85d6c0b5b251d1c02adf391defb5277759ea0bc7b8aafc04a755,ReferenceManual/Patterns.xhtml,ReferenceManual/Patterns.xhtml#Expression-Pattern,1,swift.switches.interval,mapped-to-canonical-lessons,pending-editorial-validation,pending-swift-6.4-toolchain,"let point = (1, 2)
switch point {
case (0, 0):
print(""(0, 0) is at the origin."")
case (-2...2, -2...2):
print(""(\(point."
db44c5dcf2b95b130ada802128164e62e8c6d73aff687071c5e4fff607c9fc49,ReferenceManual/Patterns.xhtml,ReferenceManual/Patterns.xhtml#Identifier-Pattern,1,swift.bindings.constants,mapped-to-canonical-lessons,pending-editorial-validation,pending-swift-6.4-toolchain,let someValue = 42
77c05947ef014862971aab351844eb9e4b2a682423f5fa31ace260ab6a57f536,ReferenceManual/Patterns.xhtml,ReferenceManual/Patterns.xhtml#Optional-Pattern,1,swift.patterns.if-case,mapped-to-canonical-lessons,pending-editorial-validation,pending-swift-6.4-toolchain,"let someOptional: Int? = 42
// Match using an enumeration case pattern.
if case .some(let x) = someOptional {
print(x)
}"
7c5ad5ec4fd774caeb75385a80193940308411dcb46b5fdd7c35c728f43e8d65,ReferenceManual/Patterns.xhtml,ReferenceManual/Patterns.xhtml#Optional-Pattern,1,swift.patterns.if-case,mapped-to-canonical-lessons,pending-editorial-validation,pending-swift-6.4-toolchain,"let arrayOfOptionalInts: [Int?] = [nil, 2, 3, nil, 5]
// Match only non-nil values.
for case let number? in arrayOfOptio"
26d017ab8d999fa360c86cf28cdaca164caae8f1ef625a247af64c0f52bef9fb,ReferenceManual/Patterns.xhtml,ReferenceManual/Patterns.xhtml#Tuple-Pattern,1,swift.switches.tuple-pattern,mapped-to-canonical-lessons,pending-editorial-validation,pending-swift-6.4-toolchain,"let points = [(0, 0), (1, 0), (1, 1), (2, 0), (2, 1)]
// This code isn't valid.
for (x, 0) in points {
/* ... */
}"
ea21a939e30adad0dd9b439d17113156191d9f4df1d86922bed0ecd92c47673b,ReferenceManual/Patterns.xhtml,ReferenceManual/Patterns.xhtml#Tuple-Pattern,1,swift.switches.tuple-pattern,mapped-to-canonical-lessons,pending-editorial-validation,pending-swift-6.4-toolchain,"let a = 2 // a: Int = 2
let (a) = 2 // a: Int = 2
let (a): Int = 2 // a: Int = 2"
fb1406ae3e429ec7502d3bfaa313a034d7167820a66eb92b81597731e60401ea,ReferenceManual/Patterns.xhtml,ReferenceManual/Patterns.xhtml#Type-Casting-Patterns,1,swift.casting.safe-downcast,mapped-to-canonical-lessons,pending-editorial-validation,pending-swift-6.4-toolchain,"is type
pattern as type"
5b1f3163c94fc63fc5f3a29228b69d8f85eb8d3b25d7950cadc7774af7eddebf,ReferenceManual/Patterns.xhtml,ReferenceManual/Patterns.xhtml#Value-Binding-Pattern,1,swift.switches.value-binding,mapped-to-canonical-lessons,pending-editorial-validation,pending-swift-6.4-toolchain,"let point = (3, 2)
switch point {
// Bind x and y to the elements of point.
case let (x, y):
print(""The point is at (\(x"
5c08cc8c2c99bb31693a5b96ea8f5bed1cd0a00fbd99c1e2bffdb93e98c6ee7e,ReferenceManual/Patterns.xhtml,ReferenceManual/Patterns.xhtml#Wildcard-Pattern,1,swift.expressions.wildcard,mapped-to-canonical-lessons,pending-editorial-validation,pending-swift-6.4-toolchain,"for _ in 1...3 {
// Do something three times.
}"
6fcfc78fdc749029b1f75830d292514ab6f05fb00db8fc8b992ce2c5c780e5b8,ReferenceManual/Statements.xhtml,ReferenceManual/Statements.xhtml#Availability-Condition,1,swift.availability.condition,mapped-to-canonical-lessons,pending-editorial-validation,pending-swift-6.4-toolchain,"if #unavailable(platform name version, ...) {
fallback statements to execute if the APIs are unavailable
} else {
statem"
5cdfbc2ef755a1023232ab5fecdb22c18367489a125c0440abe6ee66657c41ef,ReferenceManual/Statements.xhtml,ReferenceManual/Statements.xhtml#Break-Statement,1,swift.transfer.break-loop|swift.transfer.break-switch,mapped-to-canonical-lessons,pending-editorial-validation,pending-swift-6.4-toolchain,"break
break label name"
4b6682331c11305c4609c30a936a06ab2ce2e8590ac86a35c20d72af59e6ab65,ReferenceManual/Statements.xhtml,ReferenceManual/Statements.xhtml#Conditional-Compilation-Block,1,swift.compiler.conditional,mapped-to-canonical-lessons,pending-editorial-validation,pending-swift-6.4-toolchain,"#if compilation condition
statements
#endif"
53368d8e23e611117aacdf589f2ce550d9e697a6ee2d42c0ab411342d160b310,ReferenceManual/Statements.xhtml,ReferenceManual/Statements.xhtml#Conditional-Compilation-Block,1,swift.compiler.conditional,mapped-to-canonical-lessons,pending-editorial-validation,pending-swift-6.4-toolchain,"#if compiler(>=5)
print(""Compiled with the Swift 5 compiler or later"")
#endif
#if swift(>=4.2)
print(""Compiled in Swift "
5c276f8a15691dcbeac089f99b9335970a7317131675ac9eb50c1ba9057b0441,ReferenceManual/Statements.xhtml,ReferenceManual/Statements.xhtml#Conditional-Compilation-Block,1,swift.compiler.conditional,mapped-to-canonical-lessons,pending-editorial-validation,pending-swift-6.4-toolchain,"#if compilation condition 1
statements to compile if compilation condition 1 is true
#elseif compilation condition 2
sta"
3c0f48001e7a2ca09f95c7925465f3cf532b7953ddea1ff99102a0f0730d2a90,ReferenceManual/Statements.xhtml,ReferenceManual/Statements.xhtml#Continue-Statement,1,swift.transfer.continue,mapped-to-canonical-lessons,pending-editorial-validation,pending-swift-6.4-toolchain,"continue
continue label name"
60a49fc8eb8bcc623abf7d60f6645b3ba22f26ede8ac8cc1cda673a0d013e732,ReferenceManual/Statements.xhtml,ReferenceManual/Statements.xhtml#Defer-Statement,1,swift.defer.reverse-order|swift.defer.scope-exit,mapped-to-canonical-lessons,pending-editorial-validation,pending-swift-6.4-toolchain,"func f() {
defer { print(""First defer"") }
defer { print(""Second defer"") }
print(""End of function"")
}
f()
// Prints ""End "
6a5fe3b808572f12fb682650ec264e481aad899fce5be8d0586d9e508d987682,ReferenceManual/Statements.xhtml,ReferenceManual/Statements.xhtml#Defer-Statement,1,swift.defer.reverse-order|swift.defer.scope-exit,mapped-to-canonical-lessons,pending-editorial-validation,pending-swift-6.4-toolchain,"defer {
statements
}"
7b4dafbcddb107d4f774a158d723e41188a2fe6853b224983f025d212ccc4f64,ReferenceManual/Statements.xhtml,ReferenceManual/Statements.xhtml#Defer-Statement,1,swift.defer.reverse-order|swift.defer.scope-exit,mapped-to-canonical-lessons,pending-editorial-validation,pending-swift-6.4-toolchain,"func f(x: Int) {
defer { print(""First defer"") }

if x < 10 {
defer { print(""Second defer"") }
print(""End of if"")
}

print"
ddca2666388b997333dbebc549ff291e258997b6f89022ac297063372188e1e0,ReferenceManual/Statements.xhtml,ReferenceManual/Statements.xhtml#Do-Statement,1,swift.errors.do-catch,mapped-to-canonical-lessons,pending-editorial-validation,pending-swift-6.4-toolchain,"do throws(type) {
try expression
} catch <#pattern> {
statements
} catch {
statements
}"
df0c883175dc31f0395cf396059bb5e848f2c0a74a4c5a95a9fecd5d8899c0a4,ReferenceManual/Statements.xhtml,ReferenceManual/Statements.xhtml#For-In-Statement,1,swift.loops.for-in,mapped-to-canonical-lessons,pending-editorial-validation,pending-swift-6.4-toolchain,"for item in collection {
statements
}"
2e6cf65821ac1bfe5758ad60bf4fdac7579a31b796b700d8ec24f242871c1f2b,ReferenceManual/Statements.xhtml,ReferenceManual/Statements.xhtml#Guard-Statement,1,swift.guard.early-exit,mapped-to-canonical-lessons,pending-editorial-validation,pending-swift-6.4-toolchain,"guard condition else {
statements
}"
087b0ba944fe245bdf70b4dbe7a42f53495ad02226062b28d5ff3e182c55173e,ReferenceManual/Statements.xhtml,ReferenceManual/Statements.xhtml#If-Statement,1,swift.conditionals.if-else|swift.conditionals.if-expression,mapped-to-canonical-lessons,pending-editorial-validation,pending-swift-6.4-toolchain,"if condition {
statements
}"
20b2797d40f510a3c167bae66995a6d9a6fbbaab617c85dc9176c5d3986a4ade,ReferenceManual/Statements.xhtml,ReferenceManual/Statements.xhtml#If-Statement,1,swift.conditionals.if-else|swift.conditionals.if-expression,mapped-to-canonical-lessons,pending-editorial-validation,pending-swift-6.4-toolchain,"if condition 1 {
statements to execute if condition 1 is true
} else if condition 2 {
statements to execute if condition"
c7be4a5479729d676121ae6d3660708252969c628d1b72217933aabdfb59575f,ReferenceManual/Statements.xhtml,ReferenceManual/Statements.xhtml#If-Statement,1,swift.conditionals.if-else|swift.conditionals.if-expression,mapped-to-canonical-lessons,pending-editorial-validation,pending-swift-6.4-toolchain,"if condition {
statements to execute if condition is true
} else {
statements to execute if condition is false
}"
90eef74532b28c76a7a9dacc60162dd322c784d7accf0500ba7766156a18e9b8,ReferenceManual/Statements.xhtml,ReferenceManual/Statements.xhtml#Line-Control-Statement,1,swift.compiler.source-location,mapped-to-canonical-lessons,pending-editorial-validation,pending-swift-6.4-toolchain,"#sourceLocation(file: file path, line: line number)
#sourceLocation()"
0655fe08653ea282b4c4788d48caa5a561ce1e9fee9cf3a7ae283b3ceccc3606,ReferenceManual/Statements.xhtml,ReferenceManual/Statements.xhtml#Return-Statement,1,swift.functions.implicit-return,mapped-to-canonical-lessons,pending-editorial-validation,pending-swift-6.4-toolchain,"return
return expression"
430f764548cd109aa7292db3086f3b4ec463baf586b6100f82fb554884a16721,ReferenceManual/Statements.xhtml,ReferenceManual/Statements.xhtml#Switch-Statement,1,swift.switches.expression|swift.switches.statement,mapped-to-canonical-lessons,pending-editorial-validation,pending-swift-6.4-toolchain,"switch control expression {
case pattern 1:
statements
case pattern 2 where condition:
statements
case pattern 3 where c"
ee217736524eb2d5208f484f59ad6d5ca7aaf6d0075f403539250a89f4a0f1d2,ReferenceManual/Statements.xhtml,ReferenceManual/Statements.xhtml#Switch-Statement,1,swift.switches.expression|swift.switches.statement,mapped-to-canonical-lessons,pending-editorial-validation,pending-swift-6.4-toolchain,"case let (x, y) where x == y:"
29cc4969e233b2120ccb63581c2e2a40fc8773f9027c4099915280da04713bd2,ReferenceManual/Statements.xhtml,ReferenceManual/Statements.xhtml#Switching-Over-Future-Enumeration-Cases,1,swift.attributes.unknown-default,mapped-to-canonical-lessons,pending-editorial-validation,pending-swift-6.4-toolchain,"let representation: Mirror.AncestorRepresentation = .generated
switch representation {
case .customized:
print(""Use the "
a6c4a9a7e725d8fea532fb39edd5607fefe1714863dd8d8d4221faca03ef48f0,ReferenceManual/Statements.xhtml,ReferenceManual/Statements.xhtml#Throw-Statement,1,swift.errors.throw,mapped-to-canonical-lessons,pending-editorial-validation,pending-swift-6.4-toolchain,throw expression
78f1289797305d6b9d07fec93846968a79ea6afc9f6634f795ce32531e98a9a8,ReferenceManual/Types.xhtml,ReferenceManual/Types.xhtml#Any-Type,1,swift.casting.any,mapped-to-canonical-lessons,pending-editorial-validation,pending-swift-6.4-toolchain,"if let first = mixed.first as? String {
print(""The first item, '\(first)', is a string."")
}
// Prints ""The first item, '"
80d59e8c06b8ab108410d8af9687d67e061ad2f12b6e0246e1a60bb010e23eb2,ReferenceManual/Types.xhtml,ReferenceManual/Types.xhtml#Any-Type,1,swift.casting.any,mapped-to-canonical-lessons,pending-editorial-validation,pending-swift-6.4-toolchain,"let mixed: [Any] = [""one"", 2, true, (4, 5.3), { () -> Int in return 6 }]"
0da7470ac676d6b3fad455ed95b8cd13f3a15bbb7bdcf578f324e3b98891f158,ReferenceManual/Types.xhtml,ReferenceManual/Types.xhtml#Array-Type,1,swift.arrays.type-syntax,mapped-to-canonical-lessons,pending-editorial-validation,pending-swift-6.4-toolchain,"let someArray: Array<String> = [""Alex"", ""Brian"", ""Dave""]
let someArray: [String] = [""Alex"", ""Brian"", ""Dave""]"
702d6f0054f00ff47792a7afd485e056c3ddb3341ec8fabffd9f195a3584fa40,ReferenceManual/Types.xhtml,ReferenceManual/Types.xhtml#Array-Type,1,swift.arrays.type-syntax,mapped-to-canonical-lessons,pending-editorial-validation,pending-swift-6.4-toolchain,"var array3D: [[[Int]]] = [[[1, 2], [3, 4]], [[5, 6], [7, 8]]]"
d99bf1f0b509a1502a03c0e7b10c1d15d0d8912d51712b4e9b8fb14b1d83066f,ReferenceManual/Types.xhtml,ReferenceManual/Types.xhtml#Array-Type,1,swift.arrays.type-syntax,mapped-to-canonical-lessons,pending-editorial-validation,pending-swift-6.4-toolchain,[type]
6af692f71f68cc498379d6b12c350ecc45f26ebb99f247b83e07497469452ece,ReferenceManual/Types.xhtml,ReferenceManual/Types.xhtml#Boxed-Protocol-Type,1,swift.opaque.boxed,mapped-to-canonical-lessons,pending-editorial-validation,pending-swift-6.4-toolchain,any constraint
47991f5599570b5eead87970ef395c3f74a1f8d3795c0392f44bfc8767178bb9,ReferenceManual/Types.xhtml,ReferenceManual/Types.xhtml#Dictionary-Type,1,swift.dictionaries.type-syntax,mapped-to-canonical-lessons,pending-editorial-validation,pending-swift-6.4-toolchain,[key type: value type]
4e5224542718b1166e106d0df53f3cef90cceedba0d9ea71d7d0834248ce82a9,ReferenceManual/Types.xhtml,ReferenceManual/Types.xhtml#Dictionary-Type,1,swift.dictionaries.type-syntax,mapped-to-canonical-lessons,pending-editorial-validation,pending-swift-6.4-toolchain,"let someDictionary: [String: Int] = [""Alex"": 31, ""Paul"": 39]
let someDictionary: Dictionary<String, Int> = [""Alex"": 31, "
1a90bff7e74dde564f1b4b1905ed31abec6a6695a77e478ee0663c63ee6c8bad,ReferenceManual/Types.xhtml,ReferenceManual/Types.xhtml#Function-Type,1,swift.functions.function-type,mapped-to-canonical-lessons,pending-editorial-validation,pending-swift-6.4-toolchain,"var operation: (lhs: Int, rhs: Int) -> Int // Error
var operation: (_ lhs: Int, _ rhs: Int) -> Int // OK
var operation: "
62c76e7689f3ab596683dc8d8a523caa24a3b2a29e87222ea497edc077055508,ReferenceManual/Types.xhtml,ReferenceManual/Types.xhtml#Function-Type,1,swift.functions.function-type,mapped-to-canonical-lessons,pending-editorial-validation,pending-swift-6.4-toolchain,"func someFunction(left: Int, right: Int) {}
func anotherFunction(left: Int, right: Int) {}
func functionWithDifferentLab"
dbb4efa4fd6c1f3ac6baebd8cda5f53a7b76c3ad2255dd499eaa2359ad31ce58,ReferenceManual/Types.xhtml,ReferenceManual/Types.xhtml#Function-Type,1,swift.functions.function-type,mapped-to-canonical-lessons,pending-editorial-validation,pending-swift-6.4-toolchain,(parameter type) -> return type
0e44100635bb787f015c3360fdbe78a8ae0e134a6cbe1a37fb4965e589c80253,ReferenceManual/Types.xhtml,ReferenceManual/Types.xhtml#Implicitly-Unwrapped-Optional-Type,1,swift.optionals.implicitly-unwrapped-declaration,mapped-to-canonical-lessons,pending-editorial-validation,pending-swift-6.4-toolchain,"var implicitlyUnwrappedString: String!
var explicitlyUnwrappedString: Optional<String>"
0f6233709d7a8dfeb922209104b85d64aa057274456d6cb68c42cad465de808a,ReferenceManual/Types.xhtml,ReferenceManual/Types.xhtml#Implicitly-Unwrapped-Optional-Type,1,swift.optionals.implicitly-unwrapped-declaration,mapped-to-canonical-lessons,pending-editorial-validation,pending-swift-6.4-toolchain,"let tupleOfImplicitlyUnwrappedElements: (Int!, Int!) // Error
let implicitlyUnwrappedTuple: (Int, Int)! // OK

let array"
25b789501da0d0195fc81f56bbd4b8c9f159588fee6a762b3f08836cc33b70ff,ReferenceManual/Types.xhtml,ReferenceManual/Types.xhtml#Metatype-Type,1,swift.types.metatype,mapped-to-canonical-lessons,pending-editorial-validation,pending-swift-6.4-toolchain,"class AnotherSubClass: SomeBaseClass {
let string: String
required init(string: String) {
self.string = string
}
overrid"
a337b7741cf8a38d98a5c094977a5f9edd7a8d313eaa25285b831bc5229ee328,ReferenceManual/Types.xhtml,ReferenceManual/Types.xhtml#Metatype-Type,1,swift.types.metatype,mapped-to-canonical-lessons,pending-editorial-validation,pending-swift-6.4-toolchain,"class SomeBaseClass {
class func printClassName() {
print(""SomeBaseClass"")
}
}
class SomeSubClass: SomeBaseClass {
overr"
7d0b1530883f21a694aab42a283e37619d5f537c8b2deb28d34a5cac528be571,ReferenceManual/Types.xhtml,ReferenceManual/Types.xhtml#Opaque-Type,1,swift.opaque.return,mapped-to-canonical-lessons,pending-editorial-validation,pending-swift-6.4-toolchain,"func someFunction(x: some MyProtocol, y: some MyProtocol) { }
func someFunction<T1: MyProtocol, T2: MyProtocol>(x: T1, y"
8108505a8ceceb1d5a6739e4ce6cd98808bf5c34d4355d9b0ab1eb970324e368,ReferenceManual/Types.xhtml,ReferenceManual/Types.xhtml#Opaque-Type,1,swift.opaque.return,mapped-to-canonical-lessons,pending-editorial-validation,pending-swift-6.4-toolchain,some constraint
e09ad3e330e359c2841c6a13244c7db37f1ffbdda3058f2e29dea652d4809e55,ReferenceManual/Types.xhtml,ReferenceManual/Types.xhtml#Opaque-Type,1,swift.opaque.return,mapped-to-canonical-lessons,pending-editorial-validation,pending-swift-6.4-toolchain,"protocol MyProtocol { }
func badFunction() -> (some MyProtocol) -> Void { } // Error
func anotherBadFunction(callback: ("
2f3e8a148c469212c386ca367b396cf9f77e6153c67e1add77bcf556213a57e3,ReferenceManual/Types.xhtml,ReferenceManual/Types.xhtml#Optional-Type,1,swift.optionals.type,mapped-to-canonical-lessons,pending-editorial-validation,pending-swift-6.4-toolchain,"optionalInteger = 42
optionalInteger! // 42"
7ee3354823d49dff00e581cee95e95c8429db30fc9d6e7427f0910be915b3ea2,ReferenceManual/Types.xhtml,ReferenceManual/Types.xhtml#Optional-Type,1,swift.optionals.type,mapped-to-canonical-lessons,pending-editorial-validation,pending-swift-6.4-toolchain,"var optionalInteger: Int?
var optionalInteger: Optional<Int>"
777638271024aaa5d2584533bb3514d025f0825a29480d440c1346920106fcb5,ReferenceManual/Types.xhtml,ReferenceManual/Types.xhtml#Protocol-Composition-Type,1,swift.protocols.composition,mapped-to-canonical-lessons,pending-editorial-validation,pending-swift-6.4-toolchain,"typealias PQ = P & Q
typealias PQR = PQ & Q & R"
e41274e95e8692b4e6525e39ae5e4ba601d96621e54d1386fa0eea5dd884a1f1,ReferenceManual/Types.xhtml,ReferenceManual/Types.xhtml#Protocol-Composition-Type,1,swift.protocols.composition,mapped-to-canonical-lessons,pending-editorial-validation,pending-swift-6.4-toolchain,Protocol 1 & Protocol 2
5a154d07ed978c4376423bb2e71559387727043b8963344f6795a58123c565b1,ReferenceManual/Types.xhtml,ReferenceManual/Types.xhtml#Restrictions-for-Nonescaping-Closures,1,swift.closures.escaping,mapped-to-canonical-lessons,pending-editorial-validation,pending-swift-6.4-toolchain,"let external: (() -> Void) -> Void = { _ in () }
func takesTwoFunctions(first: (() -> Void) -> Void, second: (() -> Void"
a5a2d73c7f2c320a25a548a6345cd2349b05429caf0a14de0c9f3ea3a3a66f35,ReferenceManual/Types.xhtml,ReferenceManual/Types.xhtml#Self-Type,1,swift.types.self-type,mapped-to-canonical-lessons,pending-editorial-validation,pending-swift-6.4-toolchain,"class Superclass {
func f() -> Self { return self }
}
let x = Superclass()
print(type(of: x.f()))
// Prints ""Superclass"""
13456d338dccfc71db70a812886793fec54341a79b7e6d0f8c0ff9eadfd6225e,ReferenceManual/Types.xhtml,ReferenceManual/Types.xhtml#Tuple-Type,1,swift.tuples.creation,mapped-to-canonical-lessons,pending-editorial-validation,pending-swift-6.4-toolchain,"var someTuple = (top: 10, bottom: 12) // someTuple is of type (top: Int, bottom: Int)
someTuple = (top: 4, bottom: 42) /"
17f127f8ba84409afa930fa38dbd1784d38723bbaae19a1a325ec875f713e609,ReferenceManual/Types.xhtml,ReferenceManual/Types.xhtml#Type-Annotation,1,swift.bindings.type-annotations,mapped-to-canonical-lessons,pending-editorial-validation,pending-swift-6.4-toolchain,"let someTuple: (Double, Double) = (3.14159, 2.71828)
func someFunction(a: Int) { /* ... */ }"
4d93923177e82ea8eb05cc6861a6744d6024cca7b8ea7d3b267db69f1ad5c357,ReferenceManual/Types.xhtml,ReferenceManual/Types.xhtml#Type-Identifier,1,swift.bindings.type-annotations,mapped-to-canonical-lessons,pending-editorial-validation,pending-swift-6.4-toolchain,var someValue: ExampleModule.MyType
d953e7a89737255bd329ce53d64ba69f62acf1b51a4ad8413161e81e21f253e6,ReferenceManual/Types.xhtml,ReferenceManual/Types.xhtml#Type-Identifier,1,swift.bindings.type-annotations,mapped-to-canonical-lessons,pending-editorial-validation,pending-swift-6.4-toolchain,"typealias Point = (Int, Int)
let origin: Point = (0, 0)"
f20806403b6e2a4ae29d0b6ad14a7fa8a4be2a6e3f2100daf0032f401a60c607,ReferenceManual/Types.xhtml,ReferenceManual/Types.xhtml#Type-Inference,1,swift.types.inference,mapped-to-canonical-lessons,pending-editorial-validation,pending-swift-6.4-toolchain,"let e = 2.71828 // The type of e is inferred to be Double.
let eFloat: Float = 2.71828 // The type of eFloat is Float."
6be66a52874b7bc3e76a78926b1e8e7c3a4edb69f43c4f36d3c840c64334a59d,Trademarks.xhtml,Trademarks.xhtml#copyright-and-notices,1,"",reviewed-no-lesson,not-applicable,not-applicable,"Apache License Version 2.0, January 2004 http://www.apache.org/licenses/ TERMS AND CONDITIONS FOR USE, REPRODUCTION, AND"
